|V|= 3669
|E|= 36766
|time|= 10

time 0
Edge 0 128 61
Edge 0 143 62
Edge 0 156 67
Edge 0 323 78
Edge 0 434 71
Edge 0 436 80
Edge 0 513 58
Edge 0 541 86
Edge 0 566 99
Edge 0 568 90
Edge 0 611 64
Edge 0 622 97
Edge 0 1019 98
Edge 0 1020 75
Edge 0 1122 86
Edge 0 1132 56
Edge 0 1174 72
Edge 0 1340 83
Edge 0 1423 98
Edge 0 1509 74
Edge 0 1617 90
Edge 0 1649 78
Edge 0 1688 74
Edge 0 1800 67
Edge 0 1865 81
Edge 0 1918 59
Edge 0 2072 96
Edge 0 2103 81
Edge 0 2265 83
Edge 0 2979 74
Edge 0 3028 85
Edge 0 3096 89
Edge 0 3215 61
Edge 0 3377 61
Edge 0 3539 71
Edge 0 3583 60
Edge 0 3630 58
Edge 1 65 55
Edge 1 97 50
Edge 1 120 70
Edge 1 212 58
Edge 1 327 91
Edge 1 437 74
Edge 1 448 74
Edge 1 620 54
Edge 1 630 88
Edge 1 887 88
Edge 1 899 82
Edge 1 923 50
Edge 1 959 93
Edge 1 1108 93
Edge 1 1195 86
Edge 1 1210 60
Edge 1 1283 89
Edge 1 1306 61
Edge 1 1343 63
Edge 1 1349 64
Edge 1 1675 76
Edge 1 1904 97
Edge 1 1951 91
Edge 1 1973 56
Edge 1 1975 54
Edge 1 2045 88
Edge 1 2048 69
Edge 1 2091 91
Edge 1 2573 66
Edge 1 2635 82
Edge 1 2751 90
Edge 1 2802 61
Edge 1 2860 91
Edge 1 2929 57
Edge 1 3052 52
Edge 1 3395 63
Edge 1 3502 92
Edge 2 109 92
Edge 2 117 69
Edge 2 147 62
Edge 2 203 63
Edge 2 218 68
Edge 2 300 50
Edge 2 361 87
Edge 2 617 68
Edge 2 666 73
Edge 2 688 63
Edge 2 709 98
Edge 2 1059 83
Edge 2 1092 86
Edge 2 1134 85
Edge 2 1140 71
Edge 2 1227 56
Edge 2 1347 52
Edge 2 1467 50
Edge 2 1538 98
Edge 2 1550 70
Edge 2 1708 85
Edge 2 1908 82
Edge 2 2005 55
Edge 2 2025 91
Edge 2 2099 90
Edge 2 2149 69
Edge 2 2235 59
Edge 2 2260 71
Edge 2 2273 58
Edge 2 2402 93
Edge 2 2435 84
Edge 2 2666 91
Edge 2 2684 67
Edge 2 2909 94
Edge 2 2946 72
Edge 2 3022 54
Edge 2 3272 53
Edge 3 12 95
Edge 3 22 77
Edge 3 107 71
Edge 3 136 92
Edge 3 145 77
Edge 3 267 54
Edge 3 285 84
Edge 3 292 61
Edge 3 370 80
Edge 3 390 52
Edge 3 405 83
Edge 3 569 99
Edge 3 615 67
Edge 3 644 66
Edge 3 690 79
Edge 3 894 79
Edge 3 1044 51
Edge 3 1049 63
Edge 3 1053 81
Edge 3 1059 71
Edge 3 1272 77
Edge 3 1549 69
Edge 3 1571 83
Edge 3 1598 89
Edge 3 1645 56
Edge 3 1684 76
Edge 3 1692 77
Edge 3 1762 89
Edge 3 1974 64
Edge 3 2267 82
Edge 3 2295 62
Edge 3 2534 92
Edge 3 2546 76
Edge 3 2614 64
Edge 3 2824 77
Edge 3 3192 82
Edge 3 3652 63
Edge 4 249 64
Edge 4 310 99
Edge 4 356 84
Edge 4 515 61
Edge 4 540 98
Edge 4 600 73
Edge 4 619 54
Edge 4 675 90
Edge 4 724 88
Edge 4 742 60
Edge 4 759 77
Edge 4 944 63
Edge 4 985 98
Edge 4 1025 70
Edge 4 1082 76
Edge 4 1113 76
Edge 4 1382 50
Edge 4 1458 71
Edge 4 1607 80
Edge 4 1631 54
Edge 4 1855 75
Edge 4 2024 56
Edge 4 2041 67
Edge 4 2264 96
Edge 4 2314 98
Edge 4 2459 94
Edge 4 2492 61
Edge 4 2578 83
Edge 4 2764 80
Edge 4 2788 66
Edge 4 2976 56
Edge 4 3101 62
Edge 4 3153 65
Edge 4 3182 76
Edge 4 3506 66
Edge 4 3557 61
Edge 4 3563 63
Edge 5 25 71
Edge 5 99 86
Edge 5 117 73
Edge 5 328 83
Edge 5 502 64
Edge 5 543 93
Edge 5 905 89
Edge 5 1104 71
Edge 5 1163 92
Edge 5 1250 79
Edge 5 1289 57
Edge 5 1325 52
Edge 5 1365 94
Edge 5 1436 86
Edge 5 1505 70
Edge 5 1559 75
Edge 5 1665 51
Edge 5 1673 87
Edge 5 1786 67
Edge 5 1814 62
Edge 5 2004 90
Edge 5 2150 93
Edge 5 2312 53
Edge 5 2588 50
Edge 5 2628 87
Edge 5 2691 74
Edge 5 2748 63
Edge 5 2846 85
Edge 5 2863 79
Edge 5 2869 57
Edge 5 2936 66
Edge 5 2981 97
Edge 5 3096 64
Edge 5 3202 87
Edge 5 3402 56
Edge 5 3638 61
Edge 6 18 97
Edge 6 62 87
Edge 6 106 51
Edge 6 170 88
Edge 6 343 66
Edge 6 396 73
Edge 6 470 58
Edge 6 533 70
Edge 6 592 95
Edge 6 851 78
Edge 6 885 72
Edge 6 984 73
Edge 6 1137 89
Edge 6 1162 77
Edge 6 1316 81
Edge 6 1320 63
Edge 6 1367 97
Edge 6 1422 79
Edge 6 1492 55
Edge 6 1843 68
Edge 6 1889 95
Edge 6 1969 67
Edge 6 2132 69
Edge 6 2181 94
Edge 6 2299 90
Edge 6 2824 83
Edge 6 2936 86
Edge 6 2988 65
Edge 6 3070 93
Edge 6 3125 75
Edge 6 3156 88
Edge 6 3179 68
Edge 6 3219 93
Edge 6 3263 99
Edge 6 3282 67
Edge 6 3362 94
Edge 7 23 57
Edge 7 49 50
Edge 7 105 56
Edge 7 116 99
Edge 7 211 61
Edge 7 324 56
Edge 7 325 92
Edge 7 471 66
Edge 7 497 89
Edge 7 515 65
Edge 7 522 53
Edge 7 550 83
Edge 7 720 89
Edge 7 747 55
Edge 7 821 81
Edge 7 892 96
Edge 7 1094 91
Edge 7 1120 91
Edge 7 1149 77
Edge 7 1274 92
Edge 7 1359 67
Edge 7 1505 90
Edge 7 1510 70
Edge 7 1760 60
Edge 7 1772 74
Edge 7 1889 96
Edge 7 2139 50
Edge 7 2158 73
Edge 7 2225 89
Edge 7 2333 56
Edge 7 2510 88
Edge 7 2528 87
Edge 7 2903 61
Edge 7 3102 82
Edge 7 3189 70
Edge 8 122 90
Edge 8 150 59
Edge 8 166 64
Edge 8 364 78
Edge 8 442 94
Edge 8 673 50
Edge 8 735 57
Edge 8 767 99
Edge 8 854 74
Edge 8 1021 52
Edge 8 1081 96
Edge 8 1106 82
Edge 8 1151 67
Edge 8 1223 66
Edge 8 1327 66
Edge 8 1343 70
Edge 8 1443 80
Edge 8 1497 74
Edge 8 1575 97
Edge 8 1677 64
Edge 8 1685 58
Edge 8 1753 63
Edge 8 1807 50
Edge 8 1930 61
Edge 8 2111 53
Edge 8 2121 67
Edge 8 2416 73
Edge 8 2484 99
Edge 8 2597 58
Edge 8 2691 59
Edge 8 2733 76
Edge 8 2817 76
Edge 8 3007 71
Edge 8 3162 72
Edge 8 3477 79
Edge 9 55 58
Edge 9 63 51
Edge 9 116 96
Edge 9 146 62
Edge 9 151 50
Edge 9 326 70
Edge 9 396 82
Edge 9 1126 83
Edge 9 1138 73
Edge 9 1223 97
Edge 9 1297 95
Edge 9 1299 90
Edge 9 1337 78
Edge 9 1427 76
Edge 9 1497 58
Edge 9 1566 54
Edge 9 1674 75
Edge 9 1678 76
Edge 9 1698 90
Edge 9 1736 80
Edge 9 1738 93
Edge 9 1936 50
Edge 9 1947 78
Edge 9 1963 74
Edge 9 2077 90
Edge 9 2087 85
Edge 9 2118 65
Edge 9 2216 68
Edge 9 2417 66
Edge 9 2433 77
Edge 9 2715 74
Edge 9 2995 77
Edge 9 3385 80
Edge 9 3580 62
Edge 9 3661 66
Edge 10 14 86
Edge 10 22 78
Edge 10 44 85
Edge 10 77 62
Edge 10 180 55
Edge 10 330 53
Edge 10 359 98
Edge 10 362 83
Edge 10 463 56
Edge 10 583 52
Edge 10 848 54
Edge 10 984 74
Edge 10 1137 99
Edge 10 1260 50
Edge 10 1561 98
Edge 10 1682 54
Edge 10 1858 88
Edge 10 1869 94
Edge 10 1914 66
Edge 10 1916 63
Edge 10 1979 77
Edge 10 2153 81
Edge 10 2396 92
Edge 10 2513 85
Edge 10 2594 79
Edge 10 2685 73
Edge 10 2808 62
Edge 10 3052 85
Edge 10 3127 62
Edge 10 3142 66
Edge 10 3159 56
Edge 10 3245 72
Edge 10 3356 81
Edge 10 3600 81
Edge 10 3659 68
Edge 11 28 66
Edge 11 63 92
Edge 11 332 95
Edge 11 349 66
Edge 11 375 68
Edge 11 466 90
Edge 11 730 56
Edge 11 734 96
Edge 11 836 67
Edge 11 972 75
Edge 11 1041 84
Edge 11 1093 94
Edge 11 1209 79
Edge 11 1340 100
Edge 11 1481 55
Edge 11 1774 50
Edge 11 1787 56
Edge 11 1875 99
Edge 11 1898 96
Edge 11 1917 84
Edge 11 2068 50
Edge 11 2155 82
Edge 11 2306 81
Edge 11 2634 96
Edge 11 2703 65
Edge 11 2784 92
Edge 11 2790 56
Edge 11 2873 64
Edge 11 2991 94
Edge 11 3055 59
Edge 11 3099 94
Edge 11 3120 63
Edge 11 3182 62
Edge 11 3245 91
Edge 11 3537 82
Edge 12 113 64
Edge 12 173 59
Edge 12 191 94
Edge 12 307 76
Edge 12 423 82
Edge 12 473 81
Edge 12 488 70
Edge 12 633 64
Edge 12 721 70
Edge 12 983 51
Edge 12 1075 73
Edge 12 1076 82
Edge 12 1227 74
Edge 12 1378 93
Edge 12 1467 93
Edge 12 1537 96
Edge 12 1692 88
Edge 12 1782 75
Edge 12 1787 55
Edge 12 1790 78
Edge 12 1916 82
Edge 12 1949 70
Edge 12 1995 91
Edge 12 2046 70
Edge 12 2318 52
Edge 12 2467 88
Edge 12 2692 71
Edge 12 2779 67
Edge 12 2873 98
Edge 12 2947 91
Edge 12 3053 76
Edge 12 3331 63
Edge 12 3469 78
Edge 13 39 60
Edge 13 50 70
Edge 13 171 91
Edge 13 244 71
Edge 13 297 66
Edge 13 435 57
Edge 13 614 78
Edge 13 750 77
Edge 13 787 61
Edge 13 802 69
Edge 13 803 74
Edge 13 1077 88
Edge 13 1145 55
Edge 13 1461 64
Edge 13 1486 76
Edge 13 1605 91
Edge 13 1662 50
Edge 13 1703 51
Edge 13 1719 96
Edge 13 1747 76
Edge 13 1934 51
Edge 13 2179 63
Edge 13 2226 95
Edge 13 2252 96
Edge 13 2384 61
Edge 13 2527 98
Edge 13 2990 72
Edge 13 3005 65
Edge 13 3077 92
Edge 13 3117 70
Edge 13 3182 63
Edge 13 3311 58
Edge 13 3316 67
Edge 13 3423 95
Edge 14 53 73
Edge 14 109 60
Edge 14 110 66
Edge 14 192 66
Edge 14 394 90
Edge 14 471 75
Edge 14 506 75
Edge 14 696 91
Edge 14 761 63
Edge 14 786 53
Edge 14 929 88
Edge 14 981 84
Edge 14 1050 92
Edge 14 1141 59
Edge 14 1192 56
Edge 14 1283 95
Edge 14 1351 79
Edge 14 1357 50
Edge 14 1376 61
Edge 14 1550 61
Edge 14 1555 65
Edge 14 1643 90
Edge 14 1686 59
Edge 14 1870 70
Edge 14 1920 51
Edge 14 1975 50
Edge 14 2016 58
Edge 14 2395 51
Edge 14 2523 61
Edge 14 2877 71
Edge 14 2978 94
Edge 14 3088 98
Edge 14 3318 53
Edge 15 53 91
Edge 15 56 56
Edge 15 220 93
Edge 15 222 63
Edge 15 310 76
Edge 15 326 97
Edge 15 353 85
Edge 15 368 75
Edge 15 399 75
Edge 15 509 76
Edge 15 650 84
Edge 15 666 73
Edge 15 718 61
Edge 15 969 68
Edge 15 1095 92
Edge 15 1098 52
Edge 15 1108 100
Edge 15 1256 99
Edge 15 1371 50
Edge 15 1410 83
Edge 15 1440 81
Edge 15 1485 75
Edge 15 1558 50
Edge 15 1573 77
Edge 15 1688 66
Edge 15 1711 91
Edge 15 1952 70
Edge 15 1966 64
Edge 15 2048 71
Edge 15 2185 79
Edge 15 2286 75
Edge 15 2757 83
Edge 15 3033 79
Edge 16 68 99
Edge 16 82 88
Edge 16 121 91
Edge 16 127 79
Edge 16 139 59
Edge 16 216 55
Edge 16 220 51
Edge 16 221 66
Edge 16 325 59
Edge 16 449 94
Edge 16 519 61
Edge 16 715 54
Edge 16 760 66
Edge 16 762 54
Edge 16 892 85
Edge 16 1179 91
Edge 16 1183 87
Edge 16 1413 55
Edge 16 1522 90
Edge 16 1970 63
Edge 16 2009 54
Edge 16 2028 84
Edge 16 2148 57
Edge 16 2169 52
Edge 16 2298 54
Edge 16 2332 69
Edge 16 2930 63
Edge 16 2983 74
Edge 16 3012 84
Edge 16 3129 60
Edge 16 3346 61
Edge 16 3419 96
Edge 16 3499 52
Edge 17 47 63
Edge 17 70 76
Edge 17 125 61
Edge 17 174 52
Edge 17 204 90
Edge 17 343 67
Edge 17 457 51
Edge 17 598 77
Edge 17 702 88
Edge 17 741 86
Edge 17 815 90
Edge 17 1191 71
Edge 17 1199 63
Edge 17 1232 79
Edge 17 1250 52
Edge 17 1456 65
Edge 17 1514 78
Edge 17 1551 98
Edge 17 1610 94
Edge 17 1771 61
Edge 17 1809 85
Edge 17 1976 66
Edge 17 2107 52
Edge 17 2210 85
Edge 17 2411 51
Edge 17 2450 74
Edge 17 2627 57
Edge 17 2675 58
Edge 17 3044 54
Edge 17 3077 87
Edge 17 3379 67
Edge 17 3467 64
Edge 17 3533 80
Edge 18 86 88
Edge 18 145 70
Edge 18 287 88
Edge 18 290 83
Edge 18 457 93
Edge 18 546 78
Edge 18 579 87
Edge 18 603 50
Edge 18 654 87
Edge 18 791 65
Edge 18 819 67
Edge 18 873 57
Edge 18 1242 75
Edge 18 1282 69
Edge 18 1596 52
Edge 18 1755 91
Edge 18 1774 88
Edge 18 1815 53
Edge 18 1828 55
Edge 18 1838 59
Edge 18 2063 84
Edge 18 2086 70
Edge 18 2101 53
Edge 18 2220 60
Edge 18 2328 75
Edge 18 2338 55
Edge 18 2353 99
Edge 18 2856 93
Edge 18 3138 95
Edge 18 3225 92
Edge 18 3278 62
Edge 18 3552 83
Edge 19 73 99
Edge 19 88 82
Edge 19 177 93
Edge 19 412 63
Edge 19 613 93
Edge 19 754 96
Edge 19 827 61
Edge 19 1553 87
Edge 19 1657 75
Edge 19 1760 87
Edge 19 1809 98
Edge 19 1934 99
Edge 19 1994 86
Edge 19 2089 77
Edge 19 2147 87
Edge 19 2291 68
Edge 19 2312 99
Edge 19 2506 74
Edge 19 2549 87
Edge 19 2566 63
Edge 19 2740 96
Edge 19 2762 83
Edge 19 2908 73
Edge 19 2943 62
Edge 19 2974 92
Edge 19 3012 88
Edge 19 3038 56
Edge 19 3062 73
Edge 19 3168 81
Edge 19 3321 81
Edge 19 3351 58
Edge 19 3529 83
Edge 19 3644 74
Edge 20 161 64
Edge 20 196 91
Edge 20 255 97
Edge 20 272 99
Edge 20 344 58
Edge 20 490 66
Edge 20 773 81
Edge 20 822 59
Edge 20 938 87
Edge 20 1177 79
Edge 20 1193 62
Edge 20 1213 64
Edge 20 1234 84
Edge 20 1285 58
Edge 20 1330 82
Edge 20 1420 95
Edge 20 1428 88
Edge 20 1523 79
Edge 20 1636 99
Edge 20 1840 61
Edge 20 1847 53
Edge 20 1886 81
Edge 20 1898 54
Edge 20 1903 99
Edge 20 2009 75
Edge 20 2088 68
Edge 20 2136 86
Edge 20 2236 58
Edge 20 2319 97
Edge 20 2597 63
Edge 20 2649 68
Edge 20 3481 61
Edge 21 117 91
Edge 21 131 60
Edge 21 248 80
Edge 21 254 90
Edge 21 291 70
Edge 21 317 66
Edge 21 483 52
Edge 21 560 84
Edge 21 563 52
Edge 21 584 83
Edge 21 758 78
Edge 21 1040 64
Edge 21 1227 87
Edge 21 1311 90
Edge 21 1374 82
Edge 21 1584 87
Edge 21 1590 95
Edge 21 1623 50
Edge 21 1744 72
Edge 21 1766 64
Edge 21 1842 93
Edge 21 1861 63
Edge 21 2032 58
Edge 21 2145 98
Edge 21 2304 99
Edge 21 2329 93
Edge 21 2337 78
Edge 21 2427 51
Edge 21 2559 91
Edge 21 2806 92
Edge 21 2867 85
Edge 21 3636 51
Edge 22 36 95
Edge 22 53 52
Edge 22 66 52
Edge 22 94 58
Edge 22 100 81
Edge 22 270 55
Edge 22 306 96
Edge 22 334 61
Edge 22 432 66
Edge 22 460 71
Edge 22 574 78
Edge 22 656 95
Edge 22 692 56
Edge 22 719 60
Edge 22 846 66
Edge 22 853 98
Edge 22 937 88
Edge 22 1187 63
Edge 22 1347 81
Edge 22 1869 57
Edge 22 2223 97
Edge 22 2783 56
Edge 22 2793 71
Edge 22 2796 82
Edge 22 2887 96
Edge 22 2975 58
Edge 22 3042 82
Edge 22 3054 98
Edge 22 3086 81
Edge 22 3586 60
Edge 23 27 64
Edge 23 132 53
Edge 23 236 83
Edge 23 438 51
Edge 23 444 50
Edge 23 517 65
Edge 23 573 73
Edge 23 592 82
Edge 23 862 83
Edge 23 1027 64
Edge 23 1106 88
Edge 23 1115 99
Edge 23 1432 80
Edge 23 1464 90
Edge 23 1551 87
Edge 23 1600 58
Edge 23 1766 89
Edge 23 2320 95
Edge 23 2330 95
Edge 23 2412 72
Edge 23 2527 90
Edge 23 2631 50
Edge 23 2765 64
Edge 23 2811 78
Edge 23 2966 72
Edge 23 3187 85
Edge 23 3243 98
Edge 23 3267 51
Edge 23 3360 77
Edge 23 3409 57
Edge 23 3480 61
Edge 24 34 83
Edge 24 117 56
Edge 24 159 70
Edge 24 182 66
Edge 24 229 73
Edge 24 335 93
Edge 24 509 84
Edge 24 555 58
Edge 24 626 78
Edge 24 677 97
Edge 24 899 98
Edge 24 921 83
Edge 24 970 71
Edge 24 1319 97
Edge 24 1349 93
Edge 24 1590 87
Edge 24 1689 84
Edge 24 1690 50
Edge 24 1769 91
Edge 24 1928 73
Edge 24 2573 98
Edge 24 2619 94
Edge 24 2726 94
Edge 24 2750 60
Edge 24 2897 75
Edge 24 2904 92
Edge 24 2955 53
Edge 24 3031 72
Edge 24 3215 95
Edge 24 3398 89
Edge 24 3452 89
Edge 24 3550 50
Edge 25 49 57
Edge 25 157 52
Edge 25 168 69
Edge 25 266 88
Edge 25 366 88
Edge 25 432 92
Edge 25 461 87
Edge 25 679 73
Edge 25 975 53
Edge 25 979 84
Edge 25 1125 60
Edge 25 1152 63
Edge 25 1212 62
Edge 25 1250 86
Edge 25 1442 91
Edge 25 1688 90
Edge 25 1847 85
Edge 25 1919 89
Edge 25 1934 77
Edge 25 1955 72
Edge 25 2069 88
Edge 25 2114 77
Edge 25 2143 99
Edge 25 2365 56
Edge 25 2468 92
Edge 25 2909 99
Edge 25 2910 95
Edge 25 2924 81
Edge 25 3030 79
Edge 25 3465 97
Edge 25 3566 90
Edge 26 82 67
Edge 26 124 63
Edge 26 198 98
Edge 26 501 61
Edge 26 593 69
Edge 26 637 67
Edge 26 639 51
Edge 26 734 65
Edge 26 860 85
Edge 26 890 60
Edge 26 1066 54
Edge 26 1158 61
Edge 26 1183 55
Edge 26 1279 65
Edge 26 1282 87
Edge 26 1286 50
Edge 26 1353 98
Edge 26 1372 81
Edge 26 1692 90
Edge 26 1734 54
Edge 26 1819 62
Edge 26 1836 62
Edge 26 1966 58
Edge 26 2041 60
Edge 26 2091 82
Edge 26 2220 75
Edge 26 2456 70
Edge 26 2671 97
Edge 26 2736 84
Edge 26 2810 71
Edge 26 2949 69
Edge 26 3388 86
Edge 27 88 74
Edge 27 139 98
Edge 27 400 75
Edge 27 448 95
Edge 27 584 76
Edge 27 681 94
Edge 27 691 71
Edge 27 786 79
Edge 27 869 75
Edge 27 918 77
Edge 27 953 53
Edge 27 1035 90
Edge 27 1146 92
Edge 27 1279 98
Edge 27 1298 68
Edge 27 1592 99
Edge 27 1775 93
Edge 27 1843 81
Edge 27 2233 81
Edge 27 2236 50
Edge 27 2249 81
Edge 27 2281 76
Edge 27 2324 85
Edge 27 2457 98
Edge 27 2487 99
Edge 27 2561 58
Edge 27 2579 90
Edge 27 2702 55
Edge 27 2784 69
Edge 27 2955 77
Edge 27 3036 96
Edge 28 209 66
Edge 28 299 90
Edge 28 333 63
Edge 28 351 95
Edge 28 357 52
Edge 28 476 57
Edge 28 888 87
Edge 28 1012 84
Edge 28 1100 68
Edge 28 1111 88
Edge 28 1306 89
Edge 28 1360 92
Edge 28 1384 69
Edge 28 1485 97
Edge 28 1551 65
Edge 28 1732 61
Edge 28 1799 69
Edge 28 1872 50
Edge 28 1941 71
Edge 28 2123 74
Edge 28 2167 98
Edge 28 2510 77
Edge 28 2746 96
Edge 28 2858 87
Edge 28 2886 74
Edge 28 3031 75
Edge 28 3269 85
Edge 28 3400 59
Edge 28 3434 58
Edge 28 3532 87
Edge 28 3611 73
Edge 29 46 80
Edge 29 97 87
Edge 29 214 71
Edge 29 253 64
Edge 29 317 52
Edge 29 426 92
Edge 29 489 75
Edge 29 622 71
Edge 29 625 80
Edge 29 959 83
Edge 29 1056 77
Edge 29 1093 95
Edge 29 1227 54
Edge 29 1320 69
Edge 29 1335 64
Edge 29 1623 100
Edge 29 1748 53
Edge 29 1769 73
Edge 29 1923 76
Edge 29 2164 83
Edge 29 2282 74
Edge 29 2405 88
Edge 29 2435 71
Edge 29 2509 58
Edge 29 2555 79
Edge 29 2868 52
Edge 29 2881 84
Edge 29 3229 86
Edge 29 3346 77
Edge 29 3533 53
Edge 29 3572 98
Edge 29 3647 81
Edge 30 31 55
Edge 30 82 73
Edge 30 83 52
Edge 30 112 52
Edge 30 119 100
Edge 30 132 76
Edge 30 168 71
Edge 30 203 51
Edge 30 207 89
Edge 30 249 86
Edge 30 279 66
Edge 30 532 93
Edge 30 550 88
Edge 30 739 99
Edge 30 930 67
Edge 30 974 61
Edge 30 1149 52
Edge 30 1496 95
Edge 30 1704 72
Edge 30 1794 97
Edge 30 1843 58
Edge 30 2100 57
Edge 30 2131 89
Edge 30 2462 56
Edge 30 2562 59
Edge 30 2569 94
Edge 30 2771 96
Edge 30 3341 88
Edge 30 3384 61
Edge 30 3461 83
Edge 30 3484 59
Edge 30 3529 59
Edge 31 33 70
Edge 31 44 67
Edge 31 57 83
Edge 31 144 64
Edge 31 198 84
Edge 31 210 95
Edge 31 323 51
Edge 31 545 95
Edge 31 590 75
Edge 31 597 72
Edge 31 610 52
Edge 31 786 94
Edge 31 981 82
Edge 31 1229 54
Edge 31 1260 97
Edge 31 1346 93
Edge 31 1421 58
Edge 31 1472 63
Edge 31 1474 69
Edge 31 1759 98
Edge 31 1953 75
Edge 31 2124 63
Edge 31 2307 91
Edge 31 2350 53
Edge 31 2407 65
Edge 31 2445 78
Edge 31 2574 65
Edge 31 2861 78
Edge 31 3115 74
Edge 31 3427 65
Edge 31 3643 74
Edge 32 52 93
Edge 32 68 82
Edge 32 142 87
Edge 32 143 87
Edge 32 205 53
Edge 32 253 87
Edge 32 328 99
Edge 32 344 66
Edge 32 382 73
Edge 32 484 84
Edge 32 494 50
Edge 32 512 80
Edge 32 598 95
Edge 32 804 63
Edge 32 828 81
Edge 32 895 90
Edge 32 931 55
Edge 32 1283 72
Edge 32 1377 93
Edge 32 1416 90
Edge 32 1701 88
Edge 32 1829 55
Edge 32 1872 61
Edge 32 1886 53
Edge 32 2037 84
Edge 32 2128 91
Edge 32 2163 57
Edge 32 2854 63
Edge 32 2870 58
Edge 32 3000 97
Edge 32 3119 96
Edge 32 3239 97
Edge 33 134 68
Edge 33 156 58
Edge 33 176 82
Edge 33 198 91
Edge 33 302 81
Edge 33 304 64
Edge 33 359 66
Edge 33 387 87
Edge 33 407 70
Edge 33 426 55
Edge 33 634 50
Edge 33 644 66
Edge 33 651 59
Edge 33 826 53
Edge 33 896 80
Edge 33 950 83
Edge 33 1034 69
Edge 33 1225 87
Edge 33 1252 56
Edge 33 1410 99
Edge 33 1461 56
Edge 33 1507 60
Edge 33 1585 90
Edge 33 2003 91
Edge 33 2508 53
Edge 33 2633 68
Edge 33 2674 63
Edge 33 2791 58
Edge 33 2877 62
Edge 33 3073 70
Edge 33 3328 90
Edge 34 44 73
Edge 34 97 60
Edge 34 344 71
Edge 34 374 82
Edge 34 382 99
Edge 34 438 68
Edge 34 566 85
Edge 34 677 59
Edge 34 981 68
Edge 34 1135 73
Edge 34 1234 54
Edge 34 1304 75
Edge 34 1383 92
Edge 34 1459 81
Edge 34 1526 98
Edge 34 1695 77
Edge 34 1750 78
Edge 34 1820 95
Edge 34 1898 50
Edge 34 1953 84
Edge 34 2301 73
Edge 34 2402 64
Edge 34 2430 86
Edge 34 2636 91
Edge 34 2696 94
Edge 34 2751 68
Edge 34 2787 88
Edge 34 3045 95
Edge 34 3087 75
Edge 34 3256 88
Edge 34 3576 67
Edge 35 78 88
Edge 35 90 71
Edge 35 167 90
Edge 35 187 78
Edge 35 271 53
Edge 35 492 97
Edge 35 499 76
Edge 35 515 61
Edge 35 583 67
Edge 35 609 86
Edge 35 1132 100
Edge 35 1210 61
Edge 35 1242 90
Edge 35 1299 65
Edge 35 1356 81
Edge 35 1451 52
Edge 35 1697 95
Edge 35 1797 95
Edge 35 1916 72
Edge 35 2065 81
Edge 35 2392 99
Edge 35 2648 54
Edge 35 2657 89
Edge 35 2673 98
Edge 35 2708 78
Edge 35 2772 61
Edge 35 2806 69
Edge 35 2818 73
Edge 35 2850 84
Edge 35 2899 99
Edge 35 3131 51
Edge 36 303 70
Edge 36 312 64
Edge 36 350 80
Edge 36 361 100
Edge 36 623 61
Edge 36 668 84
Edge 36 707 54
Edge 36 946 67
Edge 36 982 93
Edge 36 1026 75
Edge 36 1086 73
Edge 36 1141 57
Edge 36 1220 70
Edge 36 1532 93
Edge 36 1603 51
Edge 36 1676 80
Edge 36 1858 78
Edge 36 2035 58
Edge 36 2062 70
Edge 36 2090 70
Edge 36 2496 59
Edge 36 2560 87
Edge 36 2615 86
Edge 36 2820 73
Edge 36 3273 65
Edge 36 3480 50
Edge 36 3486 78
Edge 36 3507 89
Edge 36 3545 95
Edge 36 3585 81
Edge 37 78 65
Edge 37 140 81
Edge 37 194 83
Edge 37 239 88
Edge 37 607 85
Edge 37 623 66
Edge 37 778 61
Edge 37 864 73
Edge 37 1150 93
Edge 37 1343 70
Edge 37 1442 52
Edge 37 1453 57
Edge 37 1479 99
Edge 37 1484 89
Edge 37 1564 56
Edge 37 1671 87
Edge 37 1715 79
Edge 37 1848 68
Edge 37 1915 90
Edge 37 1948 98
Edge 37 2156 73
Edge 37 2260 72
Edge 37 2365 59
Edge 37 2773 53
Edge 37 2795 64
Edge 37 2963 69
Edge 37 3153 94
Edge 37 3168 69
Edge 37 3431 69
Edge 37 3458 87
Edge 37 3535 94
Edge 38 48 81
Edge 38 53 80
Edge 38 94 98
Edge 38 205 50
Edge 38 383 78
Edge 38 428 93
Edge 38 549 75
Edge 38 560 83
Edge 38 576 81
Edge 38 636 69
Edge 38 731 99
Edge 38 774 89
Edge 38 823 71
Edge 38 1165 92
Edge 38 1384 83
Edge 38 1428 78
Edge 38 1646 78
Edge 38 1899 88
Edge 38 1915 85
Edge 38 2025 77
Edge 38 2102 56
Edge 38 2469 79
Edge 38 2528 50
Edge 38 2781 87
Edge 38 2786 53
Edge 38 2824 59
Edge 38 2839 85
Edge 38 2853 65
Edge 38 2997 79
Edge 38 3346 57
Edge 38 3461 52
Edge 39 49 55
Edge 39 382 90
Edge 39 578 98
Edge 39 984 87
Edge 39 993 89
Edge 39 1233 60
Edge 39 1337 86
Edge 39 1354 94
Edge 39 1513 85
Edge 39 1614 98
Edge 39 1859 64
Edge 39 1861 85
Edge 39 1990 68
Edge 39 2218 69
Edge 39 2310 51
Edge 39 2371 97
Edge 39 2442 86
Edge 39 2448 55
Edge 39 2553 78
Edge 39 2682 50
Edge 39 2764 53
Edge 39 2886 77
Edge 39 2926 68
Edge 39 2954 68
Edge 39 3034 57
Edge 39 3097 91
Edge 39 3150 54
Edge 39 3264 94
Edge 39 3308 60
Edge 39 3438 59
Edge 40 165 91
Edge 40 241 65
Edge 40 270 56
Edge 40 311 51
Edge 40 412 98
Edge 40 466 90
Edge 40 537 65
Edge 40 571 97
Edge 40 616 64
Edge 40 915 84
Edge 40 1029 60
Edge 40 1037 69
Edge 40 1053 52
Edge 40 1267 63
Edge 40 1319 59
Edge 40 1471 68
Edge 40 1477 88
Edge 40 1519 53
Edge 40 1560 72
Edge 40 1577 92
Edge 40 1804 71
Edge 40 1825 79
Edge 40 2045 77
Edge 40 2070 87
Edge 40 2434 80
Edge 40 2501 63
Edge 40 2552 88
Edge 40 2704 75
Edge 40 2932 82
Edge 40 3027 52
Edge 40 3150 95
Edge 41 110 78
Edge 41 163 94
Edge 41 264 51
Edge 41 356 68
Edge 41 432 89
Edge 41 517 73
Edge 41 524 68
Edge 41 712 69
Edge 41 909 92
Edge 41 1012 51
Edge 41 1034 56
Edge 41 1098 92
Edge 41 1219 83
Edge 41 1410 62
Edge 41 1452 93
Edge 41 1775 67
Edge 41 2202 52
Edge 41 2203 74
Edge 41 2212 57
Edge 41 2257 80
Edge 41 2271 53
Edge 41 2429 69
Edge 41 2445 94
Edge 41 2470 65
Edge 41 2628 82
Edge 41 2679 54
Edge 41 2701 56
Edge 41 2842 73
Edge 41 3042 96
Edge 41 3064 55
Edge 41 3315 91
Edge 42 134 59
Edge 42 147 76
Edge 42 385 68
Edge 42 509 95
Edge 42 554 53
Edge 42 610 76
Edge 42 655 76
Edge 42 669 72
Edge 42 730 51
Edge 42 835 88
Edge 42 1019 63
Edge 42 1243 78
Edge 42 1254 85
Edge 42 1260 52
Edge 42 1404 88
Edge 42 1426 50
Edge 42 1535 82
Edge 42 1716 80
Edge 42 1723 64
Edge 42 1957 88
Edge 42 2088 52
Edge 42 2177 74
Edge 42 2319 99
Edge 42 2443 86
Edge 42 2531 74
Edge 42 2690 87
Edge 42 2744 64
Edge 42 3044 74
Edge 42 3049 91
Edge 42 3248 71
Edge 42 3476 76
Edge 43 145 91
Edge 43 249 87
Edge 43 330 80
Edge 43 433 92
Edge 43 494 96
Edge 43 593 55
Edge 43 1021 90
Edge 43 1022 86
Edge 43 1249 87
Edge 43 1298 86
Edge 43 1307 63
Edge 43 1357 50
Edge 43 1376 91
Edge 43 1524 79
Edge 43 1641 89
Edge 43 1891 62
Edge 43 2083 90
Edge 43 2179 80
Edge 43 2230 65
Edge 43 2289 74
Edge 43 2378 97
Edge 43 2409 61
Edge 43 2421 58
Edge 43 2518 92
Edge 43 2607 65
Edge 43 2664 96
Edge 43 2714 98
Edge 43 2970 83
Edge 43 3041 69
Edge 43 3311 53
Edge 43 3469 81
Edge 44 106 77
Edge 44 163 91
Edge 44 503 69
Edge 44 637 61
Edge 44 775 95
Edge 44 858 87
Edge 44 950 54
Edge 44 963 59
Edge 44 978 53
Edge 44 979 62
Edge 44 1039 64
Edge 44 1387 77
Edge 44 1443 60
Edge 44 1481 95
Edge 44 1615 87
Edge 44 1666 63
Edge 44 1689 98
Edge 44 1911 67
Edge 44 2144 81
Edge 44 2277 68
Edge 44 2444 87
Edge 44 2788 64
Edge 44 2945 92
Edge 44 2990 68
Edge 44 3026 52
Edge 44 3129 98
Edge 44 3244 83
Edge 44 3527 53
Edge 45 187 99
Edge 45 430 53
Edge 45 578 60
Edge 45 697 73
Edge 45 769 52
Edge 45 859 76
Edge 45 913 53
Edge 45 960 91
Edge 45 1014 62
Edge 45 1430 69
Edge 45 1459 78
Edge 45 1631 88
Edge 45 1667 63
Edge 45 1719 52
Edge 45 1770 89
Edge 45 1980 59
Edge 45 2046 51
Edge 45 2091 51
Edge 45 2096 89
Edge 45 2142 87
Edge 45 2262 67
Edge 45 2300 90
Edge 45 2301 97
Edge 45 2331 88
Edge 45 2431 55
Edge 45 2453 90
Edge 45 2606 86
Edge 45 2869 99
Edge 45 3022 88
Edge 45 3332 57
Edge 45 3336 82
Edge 46 168 89
Edge 46 500 66
Edge 46 537 52
Edge 46 568 63
Edge 46 586 91
Edge 46 716 54
Edge 46 969 68
Edge 46 987 51
Edge 46 1059 59
Edge 46 1063 99
Edge 46 1159 90
Edge 46 1287 90
Edge 46 1374 65
Edge 46 1397 62
Edge 46 1408 63
Edge 46 1565 65
Edge 46 1900 55
Edge 46 1940 53
Edge 46 1981 75
Edge 46 2308 85
Edge 46 2343 91
Edge 46 2428 66
Edge 46 2525 86
Edge 46 2641 89
Edge 46 2662 87
Edge 46 2890 83
Edge 46 3035 78
Edge 46 3078 84
Edge 46 3234 71
Edge 46 3659 60
Edge 47 76 82
Edge 47 121 54
Edge 47 218 86
Edge 47 241 71
Edge 47 244 78
Edge 47 418 69
Edge 47 573 85
Edge 47 685 74
Edge 47 726 61
Edge 47 789 53
Edge 47 892 79
Edge 47 952 79
Edge 47 1040 64
Edge 47 1100 82
Edge 47 1273 67
Edge 47 1340 61
Edge 47 1392 71
Edge 47 1490 52
Edge 47 1605 75
Edge 47 1787 80
Edge 47 1906 52
Edge 47 1967 94
Edge 47 2016 54
Edge 47 2164 90
Edge 47 2193 77
Edge 47 2249 71
Edge 47 2338 83
Edge 47 2492 95
Edge 47 3157 56
Edge 47 3583 80
Edge 48 233 96
Edge 48 249 60
Edge 48 383 94
Edge 48 536 77
Edge 48 613 59
Edge 48 628 63
Edge 48 634 58
Edge 48 643 80
Edge 48 1000 77
Edge 48 1057 80
Edge 48 1278 99
Edge 48 1374 82
Edge 48 1395 91
Edge 48 1437 64
Edge 48 1444 57
Edge 48 1918 79
Edge 48 1953 58
Edge 48 2132 51
Edge 48 2174 53
Edge 48 2186 82
Edge 48 2244 97
Edge 48 2330 83
Edge 48 2371 84
Edge 48 2790 63
Edge 48 2945 67
Edge 48 2981 84
Edge 48 3080 63
Edge 48 3151 90
Edge 48 3275 81
Edge 48 3362 56
Edge 49 83 59
Edge 49 198 89
Edge 49 246 64
Edge 49 470 60
Edge 49 479 84
Edge 49 673 91
Edge 49 730 92
Edge 49 771 88
Edge 49 965 52
Edge 49 1085 88
Edge 49 1226 90
Edge 49 1394 68
Edge 49 1458 71
Edge 49 1721 58
Edge 49 1826 60
Edge 49 1959 72
Edge 49 2243 98
Edge 49 2368 88
Edge 49 2436 93
Edge 49 2631 97
Edge 49 2677 77
Edge 49 2762 84
Edge 49 2848 86
Edge 49 3001 80
Edge 49 3240 78
Edge 49 3349 76
Edge 49 3477 60
Edge 49 3547 50
Edge 50 122 54
Edge 50 167 58
Edge 50 257 80
Edge 50 331 94
Edge 50 444 66
Edge 50 470 88
Edge 50 500 53
Edge 50 832 62
Edge 50 850 86
Edge 50 886 78
Edge 50 1023 87
Edge 50 1124 87
Edge 50 1319 79
Edge 50 1366 89
Edge 50 1398 51
Edge 50 1408 52
Edge 50 1582 99
Edge 50 1687 51
Edge 50 1707 80
Edge 50 1899 69
Edge 50 2014 51
Edge 50 2136 86
Edge 50 2281 56
Edge 50 2320 87
Edge 50 2373 94
Edge 50 2909 83
Edge 50 2956 52
Edge 50 2963 71
Edge 50 2998 96
Edge 50 3486 78
Edge 51 78 96
Edge 51 205 89
Edge 51 232 64
Edge 51 251 92
Edge 51 328 71
Edge 51 509 77
Edge 51 568 91
Edge 51 571 84
Edge 51 575 81
Edge 51 626 86
Edge 51 667 50
Edge 51 866 77
Edge 51 1006 84
Edge 51 1337 69
Edge 51 1453 51
Edge 51 1870 55
Edge 51 2037 70
Edge 51 2091 70
Edge 51 2265 64
Edge 51 2451 51
Edge 51 2575 68
Edge 51 2589 67
Edge 51 2696 75
Edge 51 2709 59
Edge 51 2890 66
Edge 51 2996 50
Edge 51 3120 63
Edge 51 3132 72
Edge 51 3199 55
Edge 51 3331 95
Edge 51 3396 60
Edge 52 87 51
Edge 52 246 81
Edge 52 332 87
Edge 52 343 92
Edge 52 462 74
Edge 52 783 88
Edge 52 801 90
Edge 52 848 57
Edge 52 889 77
Edge 52 928 53
Edge 52 992 66
Edge 52 1168 74
Edge 52 1192 70
Edge 52 1636 73
Edge 52 1644 80
Edge 52 1743 71
Edge 52 1812 64
Edge 52 1819 69
Edge 52 1827 89
Edge 52 1898 81
Edge 52 2005 91
Edge 52 2011 57
Edge 52 2107 71
Edge 52 2273 67
Edge 52 2573 94
Edge 52 2648 58
Edge 52 2807 62
Edge 52 3299 64
Edge 52 3301 83
Edge 52 3380 73
Edge 53 126 76
Edge 53 349 95
Edge 53 395 94
Edge 53 473 92
Edge 53 650 65
Edge 53 715 69
Edge 53 808 88
Edge 53 825 83
Edge 53 855 65
Edge 53 993 89
Edge 53 1072 95
Edge 53 1168 54
Edge 53 1266 53
Edge 53 1330 95
Edge 53 1348 88
Edge 53 1812 86
Edge 53 1849 52
Edge 53 2009 85
Edge 53 2018 62
Edge 53 2120 83
Edge 53 2126 75
Edge 53 2414 72
Edge 53 2417 94
Edge 53 2532 86
Edge 53 2598 88
Edge 53 2671 83
Edge 53 3345 75
Edge 54 175 74
Edge 54 348 71
Edge 54 354 89
Edge 54 365 54
Edge 54 391 67
Edge 54 636 81
Edge 54 732 85
Edge 54 830 51
Edge 54 840 54
Edge 54 1010 87
Edge 54 1177 75
Edge 54 1249 95
Edge 54 1284 69
Edge 54 1529 75
Edge 54 1541 61
Edge 54 1580 58
Edge 54 1588 74
Edge 54 1633 81
Edge 54 2050 90
Edge 54 2389 78
Edge 54 2442 54
Edge 54 2504 57
Edge 54 2607 50
Edge 54 2719 60
Edge 54 2789 83
Edge 54 2882 73
Edge 54 3129 55
Edge 54 3139 93
Edge 54 3169 82
Edge 54 3406 55
Edge 54 3464 74
Edge 55 68 68
Edge 55 319 67
Edge 55 328 75
Edge 55 440 89
Edge 55 547 77
Edge 55 555 81
Edge 55 631 93
Edge 55 778 74
Edge 55 805 93
Edge 55 835 98
Edge 55 1016 79
Edge 55 1108 71
Edge 55 1161 50
Edge 55 1216 71
Edge 55 1266 80
Edge 55 1400 64
Edge 55 1553 65
Edge 55 1568 97
Edge 55 1638 68
Edge 55 1811 62
Edge 55 1970 53
Edge 55 1981 66
Edge 55 1992 75
Edge 55 2086 51
Edge 55 2398 70
Edge 55 2433 90
Edge 55 2580 71
Edge 55 2652 62
Edge 55 3167 83
Edge 55 3236 58
Edge 56 174 53
Edge 56 180 95
Edge 56 311 78
Edge 56 333 92
Edge 56 474 73
Edge 56 501 67
Edge 56 572 88
Edge 56 626 86
Edge 56 725 76
Edge 56 739 62
Edge 56 907 85
Edge 56 991 63
Edge 56 998 89
Edge 56 1027 89
Edge 56 1112 89
Edge 56 1223 69
Edge 56 1336 94
Edge 56 1337 70
Edge 56 1893 50
Edge 56 1930 86
Edge 56 2170 73
Edge 56 2279 58
Edge 56 2290 70
Edge 56 2391 83
Edge 56 2456 60
Edge 56 2766 84
Edge 56 3452 60
Edge 56 3575 84
Edge 56 3582 85
Edge 57 104 62
Edge 57 114 53
Edge 57 115 86
Edge 57 271 87
Edge 57 359 82
Edge 57 392 75
Edge 57 394 51
Edge 57 495 96
Edge 57 717 72
Edge 57 830 58
Edge 57 965 62
Edge 57 1064 65
Edge 57 1254 86
Edge 57 1442 83
Edge 57 1661 82
Edge 57 1680 58
Edge 57 1730 58
Edge 57 2002 93
Edge 57 2039 95
Edge 57 2050 89
Edge 57 2131 51
Edge 57 2135 75
Edge 57 2316 62
Edge 57 2353 67
Edge 57 2373 97
Edge 57 2404 99
Edge 57 2962 89
Edge 57 3165 83
Edge 57 3186 74
Edge 58 241 50
Edge 58 423 81
Edge 58 452 74
Edge 58 590 64
Edge 58 674 87
Edge 58 761 66
Edge 58 908 87
Edge 58 945 63
Edge 58 1012 63
Edge 58 1181 93
Edge 58 1305 93
Edge 58 1327 71
Edge 58 1373 90
Edge 58 1423 56
Edge 58 1487 79
Edge 58 1555 88
Edge 58 1561 59
Edge 58 1757 53
Edge 58 1873 67
Edge 58 2200 88
Edge 58 2206 71
Edge 58 2436 82
Edge 58 2465 96
Edge 58 2657 82
Edge 58 3040 68
Edge 58 3146 90
Edge 58 3177 99
Edge 58 3204 90
Edge 58 3220 58
Edge 58 3547 74
Edge 59 76 78
Edge 59 86 68
Edge 59 105 97
Edge 59 397 85
Edge 59 410 70
Edge 59 429 66
Edge 59 712 90
Edge 59 876 90
Edge 59 889 72
Edge 59 987 52
Edge 59 1022 86
Edge 59 1039 81
Edge 59 1056 91
Edge 59 1227 80
Edge 59 1299 81
Edge 59 1351 70
Edge 59 1555 92
Edge 59 1564 97
Edge 59 1786 59
Edge 59 1839 98
Edge 59 2095 77
Edge 59 2119 95
Edge 59 2339 70
Edge 59 2678 97
Edge 59 2685 54
Edge 59 2722 86
Edge 59 2748 67
Edge 59 2764 73
Edge 59 2909 55
Edge 59 3205 83
Edge 60 66 58
Edge 60 81 75
Edge 60 138 66
Edge 60 229 91
Edge 60 416 63
Edge 60 492 64
Edge 60 639 53
Edge 60 710 92
Edge 60 727 97
Edge 60 797 59
Edge 60 816 99
Edge 60 881 95
Edge 60 1136 86
Edge 60 1208 57
Edge 60 1253 72
Edge 60 1294 93
Edge 60 1397 62
Edge 60 1478 57
Edge 60 2068 71
Edge 60 2322 86
Edge 60 2362 70
Edge 60 2561 86
Edge 60 2653 51
Edge 60 2753 96
Edge 60 3052 74
Edge 60 3163 79
Edge 60 3238 64
Edge 60 3271 74
Edge 60 3302 80
Edge 60 3595 81
Edge 61 143 56
Edge 61 215 85
Edge 61 261 91
Edge 61 267 51
Edge 61 303 98
Edge 61 410 77
Edge 61 418 95
Edge 61 422 66
Edge 61 757 54
Edge 61 771 100
Edge 61 847 56
Edge 61 856 68
Edge 61 881 53
Edge 61 883 88
Edge 61 979 51
Edge 61 997 68
Edge 61 1296 94
Edge 61 1390 67
Edge 61 1483 74
Edge 61 1600 90
Edge 61 1687 89
Edge 61 1915 69
Edge 61 2190 61
Edge 61 2332 60
Edge 61 2613 77
Edge 61 2627 78
Edge 61 2677 66
Edge 61 2994 92
Edge 61 3101 61
Edge 61 3154 86
Edge 62 148 76
Edge 62 157 92
Edge 62 159 85
Edge 62 333 68
Edge 62 398 99
Edge 62 581 55
Edge 62 667 85
Edge 62 1033 82
Edge 62 1036 87
Edge 62 1413 73
Edge 62 1441 54
Edge 62 1544 88
Edge 62 1613 69
Edge 62 1624 81
Edge 62 1635 68
Edge 62 1810 88
Edge 62 1864 85
Edge 62 1978 80
Edge 62 2117 58
Edge 62 2248 78
Edge 62 2268 91
Edge 62 2409 99
Edge 62 2556 50
Edge 62 2681 79
Edge 62 2711 61
Edge 62 3289 51
Edge 62 3310 63
Edge 62 3367 74
Edge 62 3511 56
Edge 63 320 89
Edge 63 444 68
Edge 63 585 99
Edge 63 971 50
Edge 63 1002 73
Edge 63 1008 67
Edge 63 1094 53
Edge 63 1101 68
Edge 63 1142 75
Edge 63 1722 58
Edge 63 1746 91
Edge 63 1781 71
Edge 63 1886 51
Edge 63 1905 57
Edge 63 1961 65
Edge 63 2229 71
Edge 63 2585 94
Edge 63 2604 50
Edge 63 2848 99
Edge 63 2876 60
Edge 63 2931 82
Edge 63 3123 74
Edge 63 3238 55
Edge 63 3358 64
Edge 63 3365 73
Edge 63 3370 80
Edge 63 3521 69
Edge 63 3643 91
Edge 64 85 93
Edge 64 128 84
Edge 64 307 72
Edge 64 335 54
Edge 64 744 52
Edge 64 860 71
Edge 64 919 58
Edge 64 985 78
Edge 64 997 58
Edge 64 1016 71
Edge 64 1034 76
Edge 64 1183 83
Edge 64 1475 73
Edge 64 1514 56
Edge 64 1558 88
Edge 64 1670 50
Edge 64 1795 53
Edge 64 2012 85
Edge 64 2081 88
Edge 64 2252 54
Edge 64 2349 77
Edge 64 2382 94
Edge 64 2575 99
Edge 64 2613 66
Edge 64 2615 76
Edge 64 2671 82
Edge 64 2715 58
Edge 64 3038 54
Edge 64 3078 89
Edge 64 3334 85
Edge 65 144 99
Edge 65 148 57
Edge 65 154 99
Edge 65 241 69
Edge 65 313 72
Edge 65 348 65
Edge 65 398 94
Edge 65 417 51
Edge 65 502 68
Edge 65 570 96
Edge 65 585 86
Edge 65 950 91
Edge 65 1164 71
Edge 65 1360 72
Edge 65 1659 93
Edge 65 1718 80
Edge 65 1774 90
Edge 65 1973 72
Edge 65 2103 69
Edge 65 2153 63
Edge 65 2154 69
Edge 65 2501 88
Edge 65 2561 98
Edge 65 2699 59
Edge 65 2764 98
Edge 65 2824 76
Edge 65 3183 87
Edge 65 3485 63
Edge 65 3500 69
Edge 66 486 87
Edge 66 515 93
Edge 66 742 92
Edge 66 760 63
Edge 66 839 62
Edge 66 931 54
Edge 66 957 53
Edge 66 985 90
Edge 66 1030 53
Edge 66 1109 87
Edge 66 1390 58
Edge 66 1399 72
Edge 66 1524 93
Edge 66 1711 96
Edge 66 1833 92
Edge 66 1898 95
Edge 66 2482 69
Edge 66 2518 57
Edge 66 2537 68
Edge 66 2560 97
Edge 66 2714 95
Edge 66 2732 70
Edge 66 2841 91
Edge 66 3066 52
Edge 66 3143 60
Edge 66 3225 90
Edge 66 3345 84
Edge 66 3640 75
Edge 67 105 96
Edge 67 213 86
Edge 67 267 98
Edge 67 289 88
Edge 67 304 60
Edge 67 315 95
Edge 67 704 60
Edge 67 1124 64
Edge 67 1236 70
Edge 67 1244 60
Edge 67 1681 76
Edge 67 1750 80
Edge 67 1776 94
Edge 67 1806 93
Edge 67 1827 50
Edge 67 2175 84
Edge 67 2190 60
Edge 67 2212 75
Edge 67 2318 79
Edge 67 2346 78
Edge 67 2532 70
Edge 67 2551 59
Edge 67 2592 98
Edge 67 2613 87
Edge 67 2631 66
Edge 67 2740 51
Edge 67 2881 60
Edge 67 3109 92
Edge 67 3335 56
Edge 67 3433 93
Edge 68 75 55
Edge 68 260 54
Edge 68 443 57
Edge 68 492 99
Edge 68 671 58
Edge 68 776 99
Edge 68 782 87
Edge 68 815 56
Edge 68 836 81
Edge 68 894 72
Edge 68 973 52
Edge 68 1109 95
Edge 68 1227 64
Edge 68 1244 65
Edge 68 1276 96
Edge 68 1440 79
Edge 68 1472 75
Edge 68 1709 56
Edge 68 1879 97
Edge 68 2014 70
Edge 68 2036 88
Edge 68 2416 65
Edge 68 2538 98
Edge 68 2704 76
Edge 68 2833 82
Edge 68 2839 58
Edge 68 3176 84
Edge 69 151 74
Edge 69 348 58
Edge 69 446 61
Edge 69 480 90
Edge 69 506 77
Edge 69 578 78
Edge 69 647 99
Edge 69 762 73
Edge 69 848 62
Edge 69 1076 62
Edge 69 1125 73
Edge 69 1463 89
Edge 69 1540 81
Edge 69 1542 82
Edge 69 1753 96
Edge 69 1840 85
Edge 69 1933 80
Edge 69 2254 51
Edge 69 2367 91
Edge 69 2392 82
Edge 69 2393 98
Edge 69 2400 88
Edge 69 2602 80
Edge 69 2745 83
Edge 69 2765 57
Edge 69 3052 72
Edge 69 3120 60
Edge 69 3187 75
Edge 69 3258 93
Edge 69 3594 70
Edge 70 276 53
Edge 70 631 65
Edge 70 698 94
Edge 70 736 85
Edge 70 777 51
Edge 70 939 81
Edge 70 951 98
Edge 70 971 70
Edge 70 977 62
Edge 70 980 87
Edge 70 1043 66
Edge 70 1166 72
Edge 70 1168 81
Edge 70 1237 98
Edge 70 1346 72
Edge 70 1611 65
Edge 70 1631 90
Edge 70 1773 89
Edge 70 1938 86
Edge 70 2131 89
Edge 70 2160 62
Edge 70 2273 62
Edge 70 2312 59
Edge 70 2369 88
Edge 70 2663 58
Edge 70 2782 57
Edge 70 2936 87
Edge 70 2969 82
Edge 70 3086 67
Edge 71 73 72
Edge 71 79 97
Edge 71 228 94
Edge 71 229 71
Edge 71 235 79
Edge 71 281 59
Edge 71 365 77
Edge 71 435 92
Edge 71 544 86
Edge 71 699 52
Edge 71 706 59
Edge 71 751 50
Edge 71 780 90
Edge 71 895 91
Edge 71 1002 64
Edge 71 1022 79
Edge 71 1312 87
Edge 71 1616 89
Edge 71 1684 63
Edge 71 1700 52
Edge 71 1848 93
Edge 71 1978 88
Edge 71 1996 69
Edge 71 2309 70
Edge 71 2361 90
Edge 71 2611 85
Edge 71 2708 52
Edge 71 2787 86
Edge 71 2982 98
Edge 71 3558 66
Edge 72 76 82
Edge 72 124 72
Edge 72 193 67
Edge 72 392 68
Edge 72 428 91
Edge 72 860 90
Edge 72 862 94
Edge 72 909 75
Edge 72 946 65
Edge 72 961 82
Edge 72 979 70
Edge 72 1121 94
Edge 72 1161 52
Edge 72 1254 58
Edge 72 1477 74
Edge 72 1581 97
Edge 72 1944 81
Edge 72 1951 91
Edge 72 2056 70
Edge 72 2137 62
Edge 72 2607 94
Edge 72 2841 50
Edge 72 3069 76
Edge 72 3093 89
Edge 72 3154 67
Edge 72 3282 92
Edge 72 3344 96
Edge 72 3347 57
Edge 72 3489 61
Edge 72 3623 72
Edge 73 272 67
Edge 73 322 82
Edge 73 407 69
Edge 73 416 76
Edge 73 606 91
Edge 73 686 78
Edge 73 767 68
Edge 73 906 80
Edge 73 1075 89
Edge 73 1136 83
Edge 73 1287 75
Edge 73 1378 89
Edge 73 1483 77
Edge 73 1537 80
Edge 73 1554 89
Edge 73 1596 65
Edge 73 1641 54
Edge 73 1774 55
Edge 73 1797 65
Edge 73 1810 87
Edge 73 1828 80
Edge 73 1854 93
Edge 73 1925 69
Edge 73 2182 92
Edge 73 2216 58
Edge 73 2378 87
Edge 73 3006 69
Edge 73 3632 88
Edge 74 85 86
Edge 74 102 86
Edge 74 162 96
Edge 74 439 89
Edge 74 480 63
Edge 74 783 65
Edge 74 964 88
Edge 74 995 51
Edge 74 1140 92
Edge 74 1205 62
Edge 74 1215 81
Edge 74 1364 50
Edge 74 1514 73
Edge 74 1701 57
Edge 74 1728 60
Edge 74 1772 93
Edge 74 1781 76
Edge 74 1920 76
Edge 74 1956 54
Edge 74 2190 94
Edge 74 2358 86
Edge 74 2366 79
Edge 74 2379 50
Edge 74 2393 50
Edge 74 2583 59
Edge 74 2663 62
Edge 74 2788 87
Edge 74 3347 95
Edge 74 3450 77
Edge 74 3579 92
Edge 75 80 55
Edge 75 92 53
Edge 75 170 56
Edge 75 199 87
Edge 75 272 75
Edge 75 438 52
Edge 75 469 69
Edge 75 482 62
Edge 75 677 81
Edge 75 680 93
Edge 75 735 56
Edge 75 1022 61
Edge 75 1030 50
Edge 75 1251 70
Edge 75 1267 70
Edge 75 1303 83
Edge 75 1391 66
Edge 75 1460 60
Edge 75 1549 51
Edge 75 1880 72
Edge 75 2174 59
Edge 75 2781 69
Edge 75 2796 80
Edge 75 2840 53
Edge 75 2927 59
Edge 75 2947 86
Edge 75 3038 97
Edge 75 3216 90
Edge 75 3468 52
Edge 76 252 96
Edge 76 253 62
Edge 76 529 62
Edge 76 535 97
Edge 76 597 61
Edge 76 693 94
Edge 76 912 77
Edge 76 948 73
Edge 76 975 55
Edge 76 1000 69
Edge 76 1094 51
Edge 76 1100 99
Edge 76 1765 52
Edge 76 1955 65
Edge 76 2160 91
Edge 76 2326 97
Edge 76 2425 89
Edge 76 2459 67
Edge 76 2483 54
Edge 76 2902 71
Edge 76 2954 93
Edge 76 2969 62
Edge 76 2996 59
Edge 76 3012 77
Edge 76 3247 97
Edge 76 3286 53
Edge 76 3648 63
Edge 77 112 54
Edge 77 144 77
Edge 77 289 76
Edge 77 520 53
Edge 77 532 87
Edge 77 550 96
Edge 77 622 58
Edge 77 709 50
Edge 77 814 92
Edge 77 1073 63
Edge 77 1141 90
Edge 77 1271 63
Edge 77 1300 88
Edge 77 1353 89
Edge 77 1687 62
Edge 77 1707 61
Edge 77 1814 60
Edge 77 2119 52
Edge 77 2274 95
Edge 77 2482 66
Edge 77 2595 92
Edge 77 2610 81
Edge 77 2709 67
Edge 77 2927 89
Edge 77 3260 80
Edge 77 3480 87
Edge 77 3499 84
Edge 77 3607 79
Edge 77 3640 67
Edge 78 135 86
Edge 78 137 64
Edge 78 264 93
Edge 78 304 54
Edge 78 369 94
Edge 78 472 86
Edge 78 555 55
Edge 78 560 60
Edge 78 671 81
Edge 78 877 69
Edge 78 889 78
Edge 78 943 77
Edge 78 1140 71
Edge 78 1190 86
Edge 78 1322 76
Edge 78 1335 88
Edge 78 1415 58
Edge 78 1669 72
Edge 78 1690 98
Edge 78 1708 94
Edge 78 1944 59
Edge 78 2253 88
Edge 78 2349 98
Edge 78 2443 83
Edge 78 2705 52
Edge 78 2844 92
Edge 78 3373 70
Edge 79 85 76
Edge 79 94 86
Edge 79 109 80
Edge 79 163 91
Edge 79 342 52
Edge 79 388 90
Edge 79 403 73
Edge 79 483 79
Edge 79 677 82
Edge 79 950 80
Edge 79 982 73
Edge 79 1115 54
Edge 79 1321 62
Edge 79 1392 69
Edge 79 1414 70
Edge 79 1776 68
Edge 79 1925 70
Edge 79 2192 77
Edge 79 2230 73
Edge 79 2539 50
Edge 79 2608 68
Edge 79 2665 71
Edge 79 3120 78
Edge 79 3128 67
Edge 79 3172 92
Edge 79 3501 68
Edge 79 3506 64
Edge 79 3529 97
Edge 79 3567 59
Edge 80 104 93
Edge 80 190 85
Edge 80 354 91
Edge 80 402 98
Edge 80 462 89
Edge 80 469 77
Edge 80 852 67
Edge 80 1019 52
Edge 80 1276 90
Edge 80 1333 81
Edge 80 1426 52
Edge 80 1432 71
Edge 80 1457 70
Edge 80 1473 70
Edge 80 1503 50
Edge 80 1505 90
Edge 80 1516 53
Edge 80 1546 92
Edge 80 1990 62
Edge 80 2009 60
Edge 80 2111 76
Edge 80 2393 82
Edge 80 2852 73
Edge 80 2859 76
Edge 80 3047 50
Edge 80 3051 99
Edge 80 3062 78
Edge 80 3128 70
Edge 80 3393 75
Edge 81 133 98
Edge 81 579 60
Edge 81 694 99
Edge 81 717 62
Edge 81 907 61
Edge 81 1122 86
Edge 81 1206 73
Edge 81 1250 76
Edge 81 1375 62
Edge 81 1467 50
Edge 81 1526 55
Edge 81 1548 51
Edge 81 1616 50
Edge 81 1825 87
Edge 81 1947 85
Edge 81 2282 75
Edge 81 2285 99
Edge 81 2331 98
Edge 81 2440 85
Edge 81 2498 52
Edge 81 2753 58
Edge 81 2759 84
Edge 81 2857 61
Edge 81 3066 77
Edge 81 3082 69
Edge 81 3209 75
Edge 81 3230 51
Edge 81 3323 70
Edge 81 3467 66
Edge 82 154 94
Edge 82 180 90
Edge 82 556 51
Edge 82 564 62
Edge 82 575 50
Edge 82 614 52
Edge 82 693 72
Edge 82 936 87
Edge 82 1157 92
Edge 82 1188 90
Edge 82 1290 72
Edge 82 1380 86
Edge 82 1513 88
Edge 82 1546 76
Edge 82 1557 82
Edge 82 1575 57
Edge 82 1814 60
Edge 82 1829 53
Edge 82 1866 66
Edge 82 1949 98
Edge 82 1969 86
Edge 82 2493 90
Edge 82 2741 92
Edge 82 3462 94
Edge 82 3512 71
Edge 82 3518 96
Edge 82 3645 73
Edge 83 119 73
Edge 83 273 95
Edge 83 305 58
Edge 83 309 55
Edge 83 352 62
Edge 83 862 72
Edge 83 891 68
Edge 83 1050 94
Edge 83 1230 87
Edge 83 1237 91
Edge 83 1267 98
Edge 83 1471 81
Edge 83 1842 79
Edge 83 1868 56
Edge 83 2016 76
Edge 83 2111 60
Edge 83 2272 74
Edge 83 2350 92
Edge 83 2393 71
Edge 83 2499 56
Edge 83 2515 85
Edge 83 2654 61
Edge 83 2875 94
Edge 83 2978 64
Edge 83 3293 85
Edge 83 3295 57
Edge 83 3328 60
Edge 83 3455 69
Edge 84 105 97
Edge 84 123 68
Edge 84 200 72
Edge 84 203 58
Edge 84 249 50
Edge 84 322 79
Edge 84 346 52
Edge 84 520 61
Edge 84 556 79
Edge 84 749 89
Edge 84 780 84
Edge 84 867 50
Edge 84 1012 72
Edge 84 1171 81
Edge 84 1225 76
Edge 84 1495 87
Edge 84 1611 62
Edge 84 1974 74
Edge 84 2048 68
Edge 84 2106 77
Edge 84 2140 67
Edge 84 2198 80
Edge 84 2224 58
Edge 84 2377 60
Edge 84 2381 50
Edge 84 2395 52
Edge 84 2627 78
Edge 84 2751 90
Edge 84 3270 98
Edge 84 3297 66
Edge 85 127 53
Edge 85 269 51
Edge 85 316 66
Edge 85 319 84
Edge 85 327 67
Edge 85 414 57
Edge 85 428 91
Edge 85 611 52
Edge 85 748 87
Edge 85 907 84
Edge 85 1417 92
Edge 85 1593 66
Edge 85 1741 76
Edge 85 1981 78
Edge 85 2101 81
Edge 85 2219 84
Edge 85 2292 71
Edge 85 2695 66
Edge 85 2705 88
Edge 85 2788 79
Edge 85 2912 88
Edge 85 2948 61
Edge 85 2986 85
Edge 85 3369 79
Edge 85 3376 62
Edge 85 3608 90
Edge 85 3622 98
Edge 86 103 60
Edge 86 225 74
Edge 86 305 80
Edge 86 336 74
Edge 86 386 73
Edge 86 476 77
Edge 86 487 78
Edge 86 580 97
Edge 86 971 97
Edge 86 1141 92
Edge 86 1157 98
Edge 86 1168 51
Edge 86 1188 86
Edge 86 1334 94
Edge 86 1579 81
Edge 86 1790 65
Edge 86 1851 86
Edge 86 2045 88
Edge 86 2188 93
Edge 86 2382 88
Edge 86 2617 87
Edge 86 2681 56
Edge 86 2793 57
Edge 86 2814 83
Edge 86 2822 57
Edge 86 3196 52
Edge 86 3208 52
Edge 86 3237 57
Edge 87 103 67
Edge 87 124 98
Edge 87 218 66
Edge 87 221 60
Edge 87 247 63
Edge 87 259 55
Edge 87 317 76
Edge 87 454 95
Edge 87 552 77
Edge 87 675 84
Edge 87 855 91
Edge 87 967 77
Edge 87 978 87
Edge 87 992 95
Edge 87 1060 56
Edge 87 1378 89
Edge 87 1767 87
Edge 87 1799 69
Edge 87 1958 91
Edge 87 2177 96
Edge 87 2263 61
Edge 87 2378 70
Edge 87 2950 91
Edge 87 2954 66
Edge 87 3095 68
Edge 87 3136 79
Edge 87 3157 51
Edge 87 3499 63
Edge 88 183 83
Edge 88 187 87
Edge 88 394 91
Edge 88 423 79
Edge 88 456 69
Edge 88 551 66
Edge 88 747 96
Edge 88 768 96
Edge 88 1102 55
Edge 88 1181 50
Edge 88 1436 65
Edge 88 1509 77
Edge 88 1519 51
Edge 88 1630 65
Edge 88 2123 94
Edge 88 2209 67
Edge 88 2367 78
Edge 88 2522 55
Edge 88 2774 54
Edge 88 2800 95
Edge 88 2801 53
Edge 88 2848 70
Edge 88 3138 95
Edge 88 3280 81
Edge 88 3456 78
Edge 88 3471 72
Edge 88 3473 52
Edge 89 219 95
Edge 89 285 75
Edge 89 711 74
Edge 89 720 57
Edge 89 794 76
Edge 89 828 51
Edge 89 1003 77
Edge 89 1013 69
Edge 89 1036 83
Edge 89 1109 98
Edge 89 1111 91
Edge 89 1262 93
Edge 89 1346 99
Edge 89 1379 89
Edge 89 1445 58
Edge 89 1447 67
Edge 89 1479 69
Edge 89 1966 61
Edge 89 1982 94
Edge 89 2248 56
Edge 89 2303 71
Edge 89 2337 50
Edge 89 2444 53
Edge 89 2568 99
Edge 89 2579 74
Edge 89 2703 89
Edge 89 2709 59
Edge 89 3391 50
Edge 89 3493 86
Edge 90 103 97
Edge 90 170 55
Edge 90 448 94
Edge 90 453 62
Edge 90 492 84
Edge 90 557 63
Edge 90 558 75
Edge 90 667 62
Edge 90 754 88
Edge 90 813 70
Edge 90 862 94
Edge 90 903 59
Edge 90 914 95
Edge 90 1032 61
Edge 90 1177 64
Edge 90 1632 81
Edge 90 1813 67
Edge 90 1964 80
Edge 90 2101 69
Edge 90 2109 89
Edge 90 2368 58
Edge 90 2390 95
Edge 90 2454 86
Edge 90 2537 65
Edge 90 2784 86
Edge 90 2995 54
Edge 90 3104 83
Edge 90 3583 86
Edge 91 516 96
Edge 91 531 71
Edge 91 641 65
Edge 91 647 74
Edge 91 1191 83
Edge 91 1198 91
Edge 91 1245 85
Edge 91 1251 62
Edge 91 1476 90
Edge 91 1505 91
Edge 91 1596 86
Edge 91 1707 98
Edge 91 1918 83
Edge 91 2064 77
Edge 91 2219 80
Edge 91 2250 68
Edge 91 2360 58
Edge 91 2375 75
Edge 91 2476 98
Edge 91 2483 51
Edge 91 2625 78
Edge 91 2686 74
Edge 91 2901 50
Edge 91 3007 73
Edge 91 3052 90
Edge 91 3149 71
Edge 91 3262 96
Edge 91 3291 62
Edge 91 3385 71
Edge 92 304 86
Edge 92 383 55
Edge 92 399 60
Edge 92 484 70
Edge 92 545 79
Edge 92 603 81
Edge 92 716 61
Edge 92 760 96
Edge 92 882 96
Edge 92 945 91
Edge 92 972 55
Edge 92 1061 95
Edge 92 1285 87
Edge 92 1502 91
Edge 92 1539 74
Edge 92 1540 95
Edge 92 1632 60
Edge 92 1722 61
Edge 92 1894 86
Edge 92 1917 81
Edge 92 2048 50
Edge 92 2289 79
Edge 92 2918 70
Edge 92 3019 99
Edge 92 3111 75
Edge 92 3148 99
Edge 92 3286 90
Edge 92 3313 67
Edge 93 196 76
Edge 93 253 51
Edge 93 548 89
Edge 93 677 76
Edge 93 736 81
Edge 93 783 58
Edge 93 874 55
Edge 93 876 94
Edge 93 927 54
Edge 93 1090 51
Edge 93 1111 81
Edge 93 1468 66
Edge 93 1569 99
Edge 93 1722 90
Edge 93 1724 73
Edge 93 2008 56
Edge 93 2244 53
Edge 93 2328 69
Edge 93 2342 59
Edge 93 2369 95
Edge 93 2585 98
Edge 93 2641 95
Edge 93 2684 82
Edge 93 2847 95
Edge 93 2945 61
Edge 93 2968 72
Edge 93 3066 69
Edge 93 3298 63
Edge 93 3397 51
Edge 94 122 88
Edge 94 173 81
Edge 94 277 70
Edge 94 393 53
Edge 94 492 85
Edge 94 537 58
Edge 94 840 97
Edge 94 847 64
Edge 94 942 86
Edge 94 988 69
Edge 94 1065 77
Edge 94 1140 95
Edge 94 1393 84
Edge 94 1585 97
Edge 94 1650 76
Edge 94 2092 97
Edge 94 2466 60
Edge 94 2520 65
Edge 94 2527 93
Edge 94 2778 97
Edge 94 2843 72
Edge 94 2888 69
Edge 94 2938 61
Edge 94 2956 92
Edge 94 3392 65
Edge 94 3644 90
Edge 95 252 77
Edge 95 265 62
Edge 95 340 93
Edge 95 369 65
Edge 95 409 56
Edge 95 626 77
Edge 95 807 81
Edge 95 855 91
Edge 95 956 92
Edge 95 1163 96
Edge 95 1186 79
Edge 95 1236 59
Edge 95 1243 66
Edge 95 1247 92
Edge 95 1487 63
Edge 95 1520 97
Edge 95 1569 81
Edge 95 1916 70
Edge 95 2017 54
Edge 95 2233 78
Edge 95 2529 70
Edge 95 2541 83
Edge 95 2652 85
Edge 95 2702 97
Edge 95 2742 69
Edge 95 3212 70
Edge 95 3265 91
Edge 95 3353 54
Edge 95 3523 62
Edge 96 169 70
Edge 96 208 83
Edge 96 273 52
Edge 96 326 60
Edge 96 395 55
Edge 96 523 82
Edge 96 553 76
Edge 96 643 68
Edge 96 958 89
Edge 96 1056 68
Edge 96 1063 72
Edge 96 1289 83
Edge 96 1400 84
Edge 96 1548 63
Edge 96 2081 51
Edge 96 2092 69
Edge 96 2169 82
Edge 96 2231 54
Edge 96 2306 71
Edge 96 2387 80
Edge 96 2426 56
Edge 96 2660 73
Edge 96 2736 94
Edge 96 2822 63
Edge 96 2874 94
Edge 96 3057 70
Edge 96 3148 79
Edge 96 3280 84
Edge 96 3332 73
Edge 97 732 74
Edge 97 897 58
Edge 97 964 55
Edge 97 1035 67
Edge 97 1260 91
Edge 97 1402 77
Edge 97 1609 87
Edge 97 1713 85
Edge 97 1732 58
Edge 97 1744 60
Edge 97 1764 80
Edge 97 2000 95
Edge 97 2042 85
Edge 97 2113 65
Edge 97 2117 57
Edge 97 2131 86
Edge 97 2281 84
Edge 97 2315 71
Edge 97 2351 96
Edge 97 2492 76
Edge 97 2803 96
Edge 97 2960 93
Edge 97 3153 71
Edge 97 3217 75
Edge 97 3494 63
Edge 97 3621 87
Edge 98 155 68
Edge 98 346 86
Edge 98 470 92
Edge 98 581 56
Edge 98 612 91
Edge 98 802 50
Edge 98 815 85
Edge 98 833 94
Edge 98 861 73
Edge 98 939 57
Edge 98 1033 53
Edge 98 1105 56
Edge 98 1188 95
Edge 98 1475 71
Edge 98 1793 59
Edge 98 1823 56
Edge 98 1949 79
Edge 98 1976 60
Edge 98 2180 55
Edge 98 2186 95
Edge 98 2255 84
Edge 98 2603 88
Edge 98 2742 98
Edge 98 2912 80
Edge 98 2929 86
Edge 98 3018 81
Edge 98 3031 60
Edge 98 3363 66
Edge 98 3367 68
Edge 99 151 85
Edge 99 171 57
Edge 99 262 52
Edge 99 387 52
Edge 99 411 78
Edge 99 528 94
Edge 99 587 69
Edge 99 1093 78
Edge 99 1199 68
Edge 99 1396 62
Edge 99 1444 99
Edge 99 1848 73
Edge 99 1891 98
Edge 99 2047 99
Edge 99 2089 87
Edge 99 2487 93
Edge 99 2552 94
Edge 99 2605 90
Edge 99 2658 99
Edge 99 2762 84
Edge 99 2833 64
Edge 99 3094 67
Edge 99 3145 88
Edge 99 3168 52
Edge 99 3224 91
Edge 99 3329 51
Edge 99 3359 95
Edge 99 3523 54
Edge 100 404 81
Edge 100 512 98
Edge 100 576 60
Edge 100 666 76
Edge 100 768 70
Edge 100 870 99
Edge 100 958 65
Edge 100 1317 59
Edge 100 1379 89
Edge 100 1433 98
Edge 100 1580 92
Edge 100 2012 56
Edge 100 2116 78
Edge 100 2142 59
Edge 100 2352 84
Edge 100 2436 95
Edge 100 2559 67
Edge 100 2701 85
Edge 100 2806 73
Edge 100 2834 79
Edge 100 2920 78
Edge 100 2967 94
Edge 100 3049 50
Edge 100 3061 88
Edge 100 3248 62
Edge 100 3351 98
Edge 100 3550 92
Edge 100 3562 68
Edge 101 173 65
Edge 101 199 71
Edge 101 367 77
Edge 101 404 78
Edge 101 428 51
Edge 101 453 80
Edge 101 463 78
Edge 101 464 95
Edge 101 659 59
Edge 101 683 51
Edge 101 707 60
Edge 101 853 66
Edge 101 940 82
Edge 101 1063 69
Edge 101 1847 97
Edge 101 1905 68
Edge 101 2345 67
Edge 101 2380 82
Edge 101 2439 69
Edge 101 2458 80
Edge 101 2666 99
Edge 101 2700 64
Edge 101 2730 98
Edge 101 2858 55
Edge 101 2992 81
Edge 101 3320 68
Edge 101 3338 72
Edge 101 3378 54
Edge 101 3633 79
Edge 102 120 79
Edge 102 125 99
Edge 102 156 92
Edge 102 367 74
Edge 102 384 82
Edge 102 504 65
Edge 102 540 52
Edge 102 657 75
Edge 102 929 55
Edge 102 984 69
Edge 102 1036 95
Edge 102 1205 67
Edge 102 1342 82
Edge 102 1438 52
Edge 102 1762 99
Edge 102 2006 52
Edge 102 2150 51
Edge 102 2314 60
Edge 102 2339 72
Edge 102 2436 75
Edge 102 2502 78
Edge 102 2558 84
Edge 102 2627 51
Edge 102 2657 89
Edge 102 2719 91
Edge 102 2747 58
Edge 102 2988 76
Edge 102 3100 70
Edge 103 260 84
Edge 103 299 64
Edge 103 306 63
Edge 103 576 52
Edge 103 578 56
Edge 103 596 97
Edge 103 659 95
Edge 103 897 72
Edge 103 956 57
Edge 103 1294 64
Edge 103 1394 98
Edge 103 1508 52
Edge 103 1572 61
Edge 103 1633 99
Edge 103 1823 65
Edge 103 1890 67
Edge 103 2154 81
Edge 103 2182 72
Edge 103 2208 91
Edge 103 2616 79
Edge 103 2686 88
Edge 103 2819 97
Edge 103 2938 51
Edge 103 3088 96
Edge 103 3321 86
Edge 103 3506 96
Edge 104 356 63
Edge 104 587 85
Edge 104 743 68
Edge 104 919 95
Edge 104 1019 95
Edge 104 1088 92
Edge 104 1146 73
Edge 104 1265 100
Edge 104 1470 55
Edge 104 1489 62
Edge 104 1593 61
Edge 104 1603 90
Edge 104 1716 95
Edge 104 1740 67
Edge 104 1770 63
Edge 104 1788 52
Edge 104 1880 61
Edge 104 1900 50
Edge 104 2028 80
Edge 104 2395 58
Edge 104 2396 50
Edge 104 2489 62
Edge 104 2652 53
Edge 104 3184 62
Edge 104 3296 50
Edge 104 3363 73
Edge 104 3454 97
Edge 105 143 63
Edge 105 468 52
Edge 105 569 58
Edge 105 745 69
Edge 105 757 62
Edge 105 775 68
Edge 105 1299 53
Edge 105 1415 60
Edge 105 1517 63
Edge 105 1960 76
Edge 105 2328 51
Edge 105 2355 95
Edge 105 2389 50
Edge 105 2474 95
Edge 105 2564 69
Edge 105 2630 80
Edge 105 2699 65
Edge 105 2735 65
Edge 105 2775 63
Edge 105 2797 55
Edge 105 2856 73
Edge 105 3021 51
Edge 105 3248 63
Edge 105 3262 72
Edge 105 3612 65
Edge 106 174 79
Edge 106 296 83
Edge 106 622 59
Edge 106 728 85
Edge 106 782 56
Edge 106 859 53
Edge 106 874 97
Edge 106 1203 92
Edge 106 1264 81
Edge 106 1315 80
Edge 106 1397 91
Edge 106 1414 55
Edge 106 1506 91
Edge 106 1642 76
Edge 106 1702 78
Edge 106 1784 72
Edge 106 1927 95
Edge 106 2073 78
Edge 106 2115 65
Edge 106 2254 94
Edge 106 2415 59
Edge 106 2504 71
Edge 106 2570 86
Edge 106 2586 85
Edge 106 3173 81
Edge 106 3273 81
Edge 106 3578 84
Edge 107 112 79
Edge 107 167 99
Edge 107 318 90
Edge 107 359 93
Edge 107 361 61
Edge 107 458 64
Edge 107 530 54
Edge 107 649 74
Edge 107 705 53
Edge 107 1148 75
Edge 107 1220 78
Edge 107 1304 68
Edge 107 1468 59
Edge 107 1729 94
Edge 107 1762 51
Edge 107 2023 59
Edge 107 2031 66
Edge 107 2226 55
Edge 107 2306 58
Edge 107 2341 67
Edge 107 2530 57
Edge 107 2551 50
Edge 107 2621 58
Edge 107 2961 66
Edge 107 3135 53
Edge 107 3200 51
Edge 107 3312 58
Edge 107 3601 72
Edge 108 168 77
Edge 108 192 64
Edge 108 452 75
Edge 108 468 71
Edge 108 546 70
Edge 108 715 56
Edge 108 905 69
Edge 108 969 84
Edge 108 1011 87
Edge 108 1025 56
Edge 108 1063 51
Edge 108 1386 67
Edge 108 1397 66
Edge 108 1501 59
Edge 108 1725 51
Edge 108 1777 60
Edge 108 1954 78
Edge 108 2064 57
Edge 108 2098 96
Edge 108 2119 96
Edge 108 2295 89
Edge 108 2457 79
Edge 108 2478 54
Edge 108 2724 60
Edge 108 2841 89
Edge 108 3095 58
Edge 108 3142 53
Edge 108 3309 90
Edge 108 3601 88
Edge 109 129 82
Edge 109 216 77
Edge 109 274 89
Edge 109 377 54
Edge 109 427 84
Edge 109 840 57
Edge 109 959 88
Edge 109 985 54
Edge 109 1152 91
Edge 109 1239 63
Edge 109 1289 90
Edge 109 1296 96
Edge 109 1493 51
Edge 109 1552 98
Edge 109 1579 54
Edge 109 1652 84
Edge 109 1722 66
Edge 109 1809 76
Edge 109 1890 84
Edge 109 2192 92
Edge 109 2234 78
Edge 109 2288 70
Edge 109 2293 93
Edge 109 2974 74
Edge 109 2996 80
Edge 109 3597 63
Edge 110 130 67
Edge 110 134 71
Edge 110 247 84
Edge 110 525 57
Edge 110 833 58
Edge 110 855 84
Edge 110 953 55
Edge 110 984 57
Edge 110 1104 63
Edge 110 1462 85
Edge 110 1744 75
Edge 110 1959 68
Edge 110 2087 93
Edge 110 2144 90
Edge 110 2196 89
Edge 110 2453 62
Edge 110 2490 57
Edge 110 2521 84
Edge 110 2721 85
Edge 110 2925 50
Edge 110 2951 64
Edge 110 2968 69
Edge 110 3140 78
Edge 110 3322 74
Edge 110 3402 68
Edge 110 3413 90
Edge 110 3445 95
Edge 111 123 68
Edge 111 215 96
Edge 111 369 70
Edge 111 407 50
Edge 111 472 88
Edge 111 512 66
Edge 111 514 93
Edge 111 526 81
Edge 111 692 75
Edge 111 693 96
Edge 111 1087 74
Edge 111 1346 85
Edge 111 1352 95
Edge 111 1365 89
Edge 111 1578 68
Edge 111 1745 73
Edge 111 1894 55
Edge 111 1910 75
Edge 111 2160 74
Edge 111 2518 62
Edge 111 2537 69
Edge 111 2780 64
Edge 111 2799 78
Edge 111 3029 71
Edge 111 3140 77
Edge 111 3278 75
Edge 111 3484 53
Edge 111 3517 51
Edge 111 3572 92
Edge 112 182 85
Edge 112 772 79
Edge 112 915 74
Edge 112 948 78
Edge 112 982 65
Edge 112 1022 51
Edge 112 1162 66
Edge 112 1227 98
Edge 112 1257 95
Edge 112 1357 79
Edge 112 1434 81
Edge 112 1452 58
Edge 112 1583 88
Edge 112 1690 83
Edge 112 2005 88
Edge 112 2438 59
Edge 112 2533 90
Edge 112 2548 98
Edge 112 2575 65
Edge 112 2947 62
Edge 112 2996 79
Edge 112 3163 60
Edge 112 3170 52
Edge 112 3249 91
Edge 112 3287 85
Edge 112 3323 87
Edge 113 156 70
Edge 113 176 58
Edge 113 335 90
Edge 113 536 78
Edge 113 601 71
Edge 113 995 89
Edge 113 1077 69
Edge 113 1187 76
Edge 113 1283 61
Edge 113 1373 65
Edge 113 1387 62
Edge 113 1515 64
Edge 113 1641 77
Edge 113 1918 86
Edge 113 1921 70
Edge 113 2130 93
Edge 113 2189 72
Edge 113 2226 78
Edge 113 2534 61
Edge 113 2557 76
Edge 113 2682 57
Edge 113 2748 52
Edge 113 3052 96
Edge 113 3137 75
Edge 113 3223 61
Edge 113 3251 67
Edge 113 3383 75
Edge 113 3503 72
Edge 114 392 67
Edge 114 408 66
Edge 114 450 84
Edge 114 484 77
Edge 114 488 89
Edge 114 541 55
Edge 114 620 58
Edge 114 630 88
Edge 114 657 73
Edge 114 732 99
Edge 114 1021 61
Edge 114 1086 93
Edge 114 1164 66
Edge 114 1175 64
Edge 114 1396 87
Edge 114 1423 84
Edge 114 1446 52
Edge 114 1582 91
Edge 114 1787 94
Edge 114 1919 51
Edge 114 2040 68
Edge 114 2241 89
Edge 114 2278 61
Edge 114 2536 67
Edge 114 2641 52
Edge 114 3009 68
Edge 114 3106 83
Edge 114 3554 94
Edge 115 130 94
Edge 115 191 95
Edge 115 196 61
Edge 115 264 68
Edge 115 397 59
Edge 115 481 65
Edge 115 581 50
Edge 115 658 51
Edge 115 781 65
Edge 115 898 55
Edge 115 936 58
Edge 115 1016 99
Edge 115 1321 64
Edge 115 1650 85
Edge 115 1699 54
Edge 115 1933 59
Edge 115 2059 95
Edge 115 2065 76
Edge 115 2074 83
Edge 115 2141 64
Edge 115 2383 86
Edge 115 2484 89
Edge 115 2782 91
Edge 115 2991 99
Edge 115 3255 76
Edge 115 3322 77
Edge 115 3451 71
Edge 115 3642 52
Edge 116 294 70
Edge 116 309 64
Edge 116 399 74
Edge 116 476 62
Edge 116 526 83
Edge 116 626 94
Edge 116 643 51
Edge 116 698 59
Edge 116 705 81
Edge 116 811 91
Edge 116 920 88
Edge 116 1089 74
Edge 116 1203 89
Edge 116 1340 67
Edge 116 1588 59
Edge 116 1734 76
Edge 116 1853 50
Edge 116 1902 92
Edge 116 1965 76
Edge 116 2032 69
Edge 116 2263 90
Edge 116 2434 57
Edge 116 2735 71
Edge 116 2757 71
Edge 116 3285 98
Edge 116 3373 64
Edge 116 3566 51
Edge 117 162 68
Edge 117 191 91
Edge 117 203 57
Edge 117 295 73
Edge 117 336 65
Edge 117 379 91
Edge 117 408 57
Edge 117 553 62
Edge 117 586 99
Edge 117 753 52
Edge 117 930 86
Edge 117 1268 75
Edge 117 1335 55
Edge 117 1413 91
Edge 117 1517 62
Edge 117 1876 66
Edge 117 2091 67
Edge 117 2188 87
Edge 117 2287 90
Edge 117 2333 84
Edge 117 2420 63
Edge 117 2845 72
Edge 117 2906 97
Edge 117 3249 77
Edge 117 3321 82
Edge 118 127 86
Edge 118 326 86
Edge 118 605 53
Edge 118 613 57
Edge 118 702 61
Edge 118 727 63
Edge 118 785 79
Edge 118 851 84
Edge 118 1322 68
Edge 118 1347 66
Edge 118 1372 97
Edge 118 1460 80
Edge 118 1628 82
Edge 118 1672 66
Edge 118 1800 75
Edge 118 1828 84
Edge 118 1885 60
Edge 118 1950 86
Edge 118 2050 83
Edge 118 2584 78
Edge 118 2620 52
Edge 118 2906 75
Edge 118 3047 62
Edge 118 3131 74
Edge 118 3138 61
Edge 118 3269 95
Edge 118 3414 70
Edge 118 3443 87
Edge 118 3657 66
Edge 119 230 59
Edge 119 245 83
Edge 119 338 67
Edge 119 472 88
Edge 119 511 76
Edge 119 674 88
Edge 119 765 90
Edge 119 783 61
Edge 119 848 81
Edge 119 944 94
Edge 119 1016 94
Edge 119 1143 74
Edge 119 1195 97
Edge 119 1218 99
Edge 119 1252 69
Edge 119 1491 72
Edge 119 1600 80
Edge 119 1993 92
Edge 119 2210 81
Edge 119 2699 51
Edge 119 2755 69
Edge 119 2791 57
Edge 119 2821 99
Edge 119 2952 85
Edge 119 3156 91
Edge 119 3358 61
Edge 119 3448 98
Edge 120 148 65
Edge 120 293 75
Edge 120 306 63
Edge 120 351 98
Edge 120 569 52
Edge 120 684 88
Edge 120 817 96
Edge 120 964 67
Edge 120 970 59
Edge 120 995 86
Edge 120 1106 97
Edge 120 1110 93
Edge 120 1470 58
Edge 120 1716 59
Edge 120 1723 64
Edge 120 1785 94
Edge 120 2027 69
Edge 120 2063 84
Edge 120 2194 72
Edge 120 2286 56
Edge 120 2384 57
Edge 120 2472 75
Edge 120 2568 77
Edge 120 2823 74
Edge 120 2859 99
Edge 120 3290 87
Edge 120 3482 94
Edge 121 141 57
Edge 121 188 90
Edge 121 238 61
Edge 121 395 96
Edge 121 531 98
Edge 121 588 66
Edge 121 703 59
Edge 121 716 62
Edge 121 723 57
Edge 121 737 77
Edge 121 933 55
Edge 121 1157 65
Edge 121 1376 94
Edge 121 1437 80
Edge 121 1537 68
Edge 121 1576 80
Edge 121 1943 99
Edge 121 1986 96
Edge 121 2019 82
Edge 121 2167 64
Edge 121 2243 75
Edge 121 2406 58
Edge 121 2496 99
Edge 121 2926 86
Edge 121 2927 66
Edge 121 3228 66
Edge 121 3342 93
Edge 122 124 51
Edge 122 130 50
Edge 122 132 77
Edge 122 392 71
Edge 122 509 81
Edge 122 630 90
Edge 122 1104 82
Edge 122 1130 93
Edge 122 1167 60
Edge 122 1261 72
Edge 122 1504 84
Edge 122 1533 67
Edge 122 1535 83
Edge 122 1588 79
Edge 122 1635 55
Edge 122 1788 85
Edge 122 1829 72
Edge 122 1945 69
Edge 122 1960 88
Edge 122 2920 73
Edge 122 3072 66
Edge 122 3193 97
Edge 122 3291 74
Edge 122 3335 67
Edge 122 3522 90
Edge 122 3573 77
Edge 123 169 78
Edge 123 282 54
Edge 123 460 58
Edge 123 504 94
Edge 123 629 75
Edge 123 632 92
Edge 123 714 77
Edge 123 746 67
Edge 123 925 78
Edge 123 1011 64
Edge 123 1030 57
Edge 123 1105 60
Edge 123 1411 80
Edge 123 1621 78
Edge 123 1904 55
Edge 123 2067 62
Edge 123 2142 96
Edge 123 2352 89
Edge 123 2654 90
Edge 123 2664 50
Edge 123 2756 50
Edge 123 2777 80
Edge 123 3083 67
Edge 123 3152 68
Edge 123 3397 88
Edge 123 3532 57
Edge 123 3564 78
Edge 124 159 76
Edge 124 225 63
Edge 124 405 73
Edge 124 678 57
Edge 124 792 69
Edge 124 817 57
Edge 124 842 83
Edge 124 846 62
Edge 124 883 84
Edge 124 956 78
Edge 124 1162 75
Edge 124 1404 84
Edge 124 1407 90
Edge 124 1496 97
Edge 124 1652 63
Edge 124 1728 95
Edge 124 1739 72
Edge 124 1923 54
Edge 124 2112 64
Edge 124 2377 92
Edge 124 2446 55
Edge 124 2913 84
Edge 124 2974 90
Edge 124 3219 65
Edge 124 3298 79
Edge 125 331 66
Edge 125 378 89
Edge 125 430 76
Edge 125 513 61
Edge 125 611 80
Edge 125 633 94
Edge 125 660 60
Edge 125 677 71
Edge 125 679 64
Edge 125 847 59
Edge 125 1033 84
Edge 125 1164 57
Edge 125 1173 51
Edge 125 1306 75
Edge 125 1385 52
Edge 125 1706 70
Edge 125 1790 73
Edge 125 1829 92
Edge 125 1847 86
Edge 125 1861 58
Edge 125 1955 65
Edge 125 2611 78
Edge 125 2738 73
Edge 125 2807 93
Edge 125 3350 94
Edge 125 3439 87
Edge 125 3635 77
Edge 126 129 83
Edge 126 427 50
Edge 126 522 93
Edge 126 589 82
Edge 126 609 73
Edge 126 905 76
Edge 126 973 70
Edge 126 1104 88
Edge 126 1149 63
Edge 126 1274 81
Edge 126 1347 57
Edge 126 1460 59
Edge 126 1521 98
Edge 126 1660 63
Edge 126 1671 59
Edge 126 1712 84
Edge 126 1767 79
Edge 126 1778 56
Edge 126 1824 75
Edge 126 1949 94
Edge 126 2009 51
Edge 126 2452 60
Edge 126 2454 75
Edge 126 2581 91
Edge 126 2870 93
Edge 126 3203 61
Edge 126 3443 50
Edge 126 3595 50
Edge 127 278 51
Edge 127 283 70
Edge 127 348 95
Edge 127 426 58
Edge 127 449 73
Edge 127 642 83
Edge 127 693 72
Edge 127 910 97
Edge 127 961 70
Edge 127 966 51
Edge 127 1188 74
Edge 127 1243 55
Edge 127 1321 87
Edge 127 1529 67
Edge 127 1537 53
Edge 127 1735 52
Edge 127 1954 84
Edge 127 2012 55
Edge 127 2282 77
Edge 127 2301 73
Edge 127 2396 75
Edge 127 2419 87
Edge 127 2500 53
Edge 127 3147 88
Edge 127 3292 53
Edge 127 3483 82
Edge 128 171 76
Edge 128 185 97
Edge 128 249 84
Edge 128 270 77
Edge 128 318 67
Edge 128 431 85
Edge 128 441 85
Edge 128 453 71
Edge 128 455 66
Edge 128 658 68
Edge 128 671 97
Edge 128 690 71
Edge 128 697 62
Edge 128 950 83
Edge 128 1280 64
Edge 128 1381 88
Edge 128 1545 58
Edge 128 1666 96
Edge 128 2091 95
Edge 128 2103 58
Edge 128 2151 60
Edge 128 2442 76
Edge 128 2518 76
Edge 128 2543 84
Edge 128 2592 58
Edge 128 3208 88
Edge 128 3327 79
Edge 129 155 69
Edge 129 238 91
Edge 129 239 99
Edge 129 249 88
Edge 129 401 62
Edge 129 621 94
Edge 129 823 94
Edge 129 973 84
Edge 129 1022 99
Edge 129 1054 83
Edge 129 1157 76
Edge 129 1257 56
Edge 129 1331 71
Edge 129 1369 96
Edge 129 1581 72
Edge 129 1820 86
Edge 129 1879 68
Edge 129 2078 68
Edge 129 2188 66
Edge 129 2221 81
Edge 129 2326 100
Edge 129 2329 92
Edge 129 2352 56
Edge 129 2829 93
Edge 129 2899 79
Edge 129 3040 67
Edge 129 3442 67
Edge 130 168 59
Edge 130 250 51
Edge 130 411 72
Edge 130 776 75
Edge 130 876 50
Edge 130 1010 96
Edge 130 1077 90
Edge 130 1253 51
Edge 130 1462 86
Edge 130 1617 78
Edge 130 1722 95
Edge 130 1770 94
Edge 130 1970 78
Edge 130 2178 63
Edge 130 2227 89
Edge 130 2233 55
Edge 130 2384 59
Edge 130 2577 88
Edge 130 2591 63
Edge 130 2776 70
Edge 130 2973 60
Edge 130 3105 58
Edge 130 3163 90
Edge 130 3360 87
Edge 130 3375 71
Edge 130 3459 97
Edge 131 277 78
Edge 131 338 62
Edge 131 428 57
Edge 131 557 80
Edge 131 809 86
Edge 131 900 90
Edge 131 921 96
Edge 131 962 53
Edge 131 1189 80
Edge 131 1433 60
Edge 131 1487 88
Edge 131 1520 64
Edge 131 1770 69
Edge 131 2031 90
Edge 131 2192 85
Edge 131 2196 81
Edge 131 2367 94
Edge 131 2645 53
Edge 131 2799 55
Edge 131 2925 88
Edge 131 2984 82
Edge 131 3049 73
Edge 131 3249 70
Edge 131 3412 53
Edge 131 3538 57
Edge 131 3553 68
Edge 131 3569 63
Edge 131 3582 96
Edge 132 340 75
Edge 132 348 57
Edge 132 362 51
Edge 132 530 59
Edge 132 546 79
Edge 132 574 67
Edge 132 638 56
Edge 132 744 83
Edge 132 1306 59
Edge 132 1318 50
Edge 132 1364 70
Edge 132 1745 63
Edge 132 1808 54
Edge 132 1969 83
Edge 132 2338 54
Edge 132 2375 90
Edge 132 2462 72
Edge 132 2513 91
Edge 132 2638 64
Edge 132 3087 70
Edge 132 3316 75
Edge 132 3367 84
Edge 132 3422 67
Edge 132 3455 53
Edge 132 3491 53
Edge 132 3518 61
Edge 133 184 82
Edge 133 188 89
Edge 133 205 53
Edge 133 407 95
Edge 133 511 97
Edge 133 533 71
Edge 133 604 92
Edge 133 712 71
Edge 133 817 81
Edge 133 1066 70
Edge 133 1382 56
Edge 133 1452 90
Edge 133 1551 93
Edge 133 1557 96
Edge 133 1586 87
Edge 133 1611 58
Edge 133 1618 69
Edge 133 1652 57
Edge 133 1705 85
Edge 133 1766 87
Edge 133 1965 68
Edge 133 1971 81
Edge 133 2084 96
Edge 133 2297 86
Edge 133 2463 89
Edge 133 2871 67
Edge 133 3057 56
Edge 133 3485 62
Edge 134 166 76
Edge 134 258 53
Edge 134 345 83
Edge 134 438 66
Edge 134 541 83
Edge 134 604 90
Edge 134 689 52
Edge 134 751 68
Edge 134 809 55
Edge 134 982 52
Edge 134 996 69
Edge 134 1061 83
Edge 134 1062 85
Edge 134 1131 61
Edge 134 1322 63
Edge 134 1370 58
Edge 134 1486 99
Edge 134 1530 88
Edge 134 1848 90
Edge 134 2034 51
Edge 134 2214 73
Edge 134 2531 81
Edge 134 2761 62
Edge 134 2772 61
Edge 134 2845 62
Edge 134 3360 66
Edge 135 179 74
Edge 135 193 87
Edge 135 205 96
Edge 135 330 81
Edge 135 438 93
Edge 135 457 67
Edge 135 573 52
Edge 135 674 62
Edge 135 745 93
Edge 135 1052 68
Edge 135 1261 57
Edge 135 1357 72
Edge 135 1368 68
Edge 135 1564 89
Edge 135 1666 88
Edge 135 1741 62
Edge 135 1832 97
Edge 135 1977 97
Edge 135 2001 66
Edge 135 2058 92
Edge 135 2112 62
Edge 135 2705 86
Edge 135 2825 77
Edge 135 2894 77
Edge 135 3025 98
Edge 135 3060 75
Edge 135 3107 87
Edge 135 3439 53
Edge 136 175 64
Edge 136 294 62
Edge 136 455 89
Edge 136 780 87
Edge 136 845 86
Edge 136 1052 56
Edge 136 1175 60
Edge 136 1237 78
Edge 136 1315 63
Edge 136 1430 95
Edge 136 1433 84
Edge 136 1585 92
Edge 136 1698 60
Edge 136 1748 66
Edge 136 1847 74
Edge 136 1908 66
Edge 136 2063 93
Edge 136 2077 96
Edge 136 2085 51
Edge 136 2103 82
Edge 136 2252 70
Edge 136 2505 65
Edge 136 2731 64
Edge 136 2801 87
Edge 136 2857 65
Edge 136 3459 80
Edge 136 3582 60
Edge 137 464 62
Edge 137 558 80
Edge 137 623 88
Edge 137 713 89
Edge 137 746 97
Edge 137 839 63
Edge 137 921 69
Edge 137 955 56
Edge 137 1079 94
Edge 137 1165 79
Edge 137 1254 74
Edge 137 1418 75
Edge 137 1457 64
Edge 137 1722 91
Edge 137 1755 89
Edge 137 1824 84
Edge 137 1974 54
Edge 137 1994 90
Edge 137 2062 66
Edge 137 2534 92
Edge 137 2555 59
Edge 137 2723 86
Edge 137 2727 70
Edge 137 2894 51
Edge 137 3173 82
Edge 137 3331 82
Edge 137 3479 50
Edge 138 174 85
Edge 138 237 94
Edge 138 271 90
Edge 138 481 97
Edge 138 724 99
Edge 138 802 87
Edge 138 980 67
Edge 138 1032 58
Edge 138 1096 76
Edge 138 1124 94
Edge 138 1249 55
Edge 138 1507 59
Edge 138 1585 93
Edge 138 1686 81
Edge 138 1727 54
Edge 138 1890 81
Edge 138 2057 97
Edge 138 2107 74
Edge 138 2306 67
Edge 138 2428 84
Edge 138 2691 93
Edge 138 3044 76
Edge 138 3139 75
Edge 138 3191 61
Edge 138 3296 79
Edge 138 3328 91
Edge 138 3431 53
Edge 139 178 98
Edge 139 249 56
Edge 139 281 52
Edge 139 331 89
Edge 139 340 96
Edge 139 509 65
Edge 139 592 76
Edge 139 594 71
Edge 139 616 65
Edge 139 721 63
Edge 139 950 52
Edge 139 960 97
Edge 139 1292 96
Edge 139 1328 93
Edge 139 1346 67
Edge 139 1400 80
Edge 139 1418 57
Edge 139 1510 56
Edge 139 1913 64
Edge 139 1920 56
Edge 139 2737 81
Edge 139 2846 98
Edge 139 3178 61
Edge 139 3287 61
Edge 139 3392 51
Edge 139 3575 76
Edge 140 465 68
Edge 140 469 52
Edge 140 857 74
Edge 140 863 50
Edge 140 1352 94
Edge 140 1397 66
Edge 140 1413 86
Edge 140 1493 76
Edge 140 1671 67
Edge 140 1900 82
Edge 140 1905 86
Edge 140 1940 97
Edge 140 2044 55
Edge 140 2107 70
Edge 140 2133 93
Edge 140 2145 63
Edge 140 2302 79
Edge 140 2394 90
Edge 140 2520 57
Edge 140 2706 81
Edge 140 2951 98
Edge 140 3068 77
Edge 140 3129 92
Edge 140 3256 58
Edge 140 3462 78
Edge 140 3503 64
Edge 140 3610 76
Edge 141 178 91
Edge 141 207 99
Edge 141 289 92
Edge 141 389 76
Edge 141 403 61
Edge 141 603 85
Edge 141 715 91
Edge 141 780 86
Edge 141 968 90
Edge 141 1024 78
Edge 141 1190 84
Edge 141 1195 64
Edge 141 1241 62
Edge 141 1415 50
Edge 141 1533 80
Edge 141 1752 58
Edge 141 2175 70
Edge 141 2358 64
Edge 141 2459 90
Edge 141 2656 96
Edge 141 2808 96
Edge 141 2854 82
Edge 141 2905 60
Edge 141 2982 52
Edge 141 3341 93
Edge 141 3476 77
Edge 141 3602 94
Edge 142 320 87
Edge 142 341 62
Edge 142 408 71
Edge 142 531 71
Edge 142 602 53
Edge 142 610 99
Edge 142 750 94
Edge 142 856 95
Edge 142 861 66
Edge 142 863 79
Edge 142 1055 88
Edge 142 1421 57
Edge 142 1484 64
Edge 142 1512 97
Edge 142 1610 92
Edge 142 1625 73
Edge 142 1669 76
Edge 142 1788 95
Edge 142 1817 71
Edge 142 2147 92
Edge 142 2256 68
Edge 142 2447 75
Edge 142 2542 65
Edge 142 3061 64
Edge 142 3155 80
Edge 142 3336 55
Edge 142 3425 90
Edge 143 314 61
Edge 143 416 88
Edge 143 546 91
Edge 143 694 63
Edge 143 820 79
Edge 143 880 67
Edge 143 901 86
Edge 143 937 67
Edge 143 997 92
Edge 143 1146 87
Edge 143 1172 72
Edge 143 1207 79
Edge 143 1467 97
Edge 143 1596 83
Edge 143 1628 95
Edge 143 1643 98
Edge 143 1644 97
Edge 143 2109 92
Edge 143 2356 95
Edge 143 2715 68
Edge 143 2912 55
Edge 143 3043 54
Edge 143 3207 93
Edge 143 3454 85
Edge 144 183 96
Edge 144 295 50
Edge 144 297 50
Edge 144 547 53
Edge 144 564 95
Edge 144 668 91
Edge 144 1258 53
Edge 144 1338 72
Edge 144 1608 72
Edge 144 1617 83
Edge 144 1690 94
Edge 144 1799 88
Edge 144 2109 81
Edge 144 2243 85
Edge 144 2313 89
Edge 144 2370 68
Edge 144 2616 67
Edge 144 2689 52
Edge 144 2728 56
Edge 144 3099 69
Edge 144 3148 57
Edge 144 3159 98
Edge 144 3259 90
Edge 144 3440 66
Edge 144 3558 90
Edge 145 331 67
Edge 145 564 78
Edge 145 679 68
Edge 145 906 59
Edge 145 989 86
Edge 145 1118 55
Edge 145 1142 60
Edge 145 1326 56
Edge 145 1354 55
Edge 145 1355 51
Edge 145 1556 86
Edge 145 1613 99
Edge 145 1651 76
Edge 145 1653 88
Edge 145 1802 83
Edge 145 2002 64
Edge 145 2090 54
Edge 145 2220 68
Edge 145 2510 60
Edge 145 2846 87
Edge 145 3119 97
Edge 145 3247 96
Edge 145 3451 91
Edge 145 3474 92
Edge 145 3562 93
Edge 146 222 72
Edge 146 408 50
Edge 146 489 78
Edge 146 610 81
Edge 146 633 63
Edge 146 709 96
Edge 146 914 56
Edge 146 945 74
Edge 146 1087 94
Edge 146 1289 55
Edge 146 1424 61
Edge 146 1470 73
Edge 146 1570 50
Edge 146 1614 64
Edge 146 1784 83
Edge 146 1831 53
Edge 146 1946 64
Edge 146 1953 80
Edge 146 1984 96
Edge 146 2041 77
Edge 146 2057 63
Edge 146 2241 59
Edge 146 2430 98
Edge 146 2685 60
Edge 146 2731 81
Edge 146 3023 58
Edge 146 3137 83
Edge 147 208 53
Edge 147 212 71
Edge 147 214 65
Edge 147 222 99
Edge 147 598 75
Edge 147 616 82
Edge 147 801 50
Edge 147 821 55
Edge 147 954 74
Edge 147 1030 72
Edge 147 1305 94
Edge 147 1847 71
Edge 147 1984 86
Edge 147 2017 63
Edge 147 2211 90
Edge 147 2237 67
Edge 147 2317 50
Edge 147 2440 58
Edge 147 2546 92
Edge 147 2793 57
Edge 147 2955 92
Edge 147 3076 79
Edge 147 3308 66
Edge 147 3345 68
Edge 147 3369 83
Edge 147 3551 64
Edge 148 182 67
Edge 148 226 69
Edge 148 232 59
Edge 148 319 99
Edge 148 438 79
Edge 148 519 68
Edge 148 688 85
Edge 148 726 90
Edge 148 733 67
Edge 148 1109 84
Edge 148 1193 65
Edge 148 1446 61
Edge 148 1459 69
Edge 148 2134 62
Edge 148 2174 74
Edge 148 2263 56
Edge 148 2310 76
Edge 148 2382 99
Edge 148 2443 82
Edge 148 2495 61
Edge 148 2648 65
Edge 148 2980 71
Edge 148 3030 85
Edge 148 3242 91
Edge 148 3310 86
Edge 149 168 83
Edge 149 190 73
Edge 149 209 99
Edge 149 318 87
Edge 149 709 69
Edge 149 879 75
Edge 149 908 80
Edge 149 914 88
Edge 149 917 72
Edge 149 1000 95
Edge 149 1037 55
Edge 149 1131 60
Edge 149 1153 63
Edge 149 1245 71
Edge 149 1302 87
Edge 149 1314 54
Edge 149 1461 63
Edge 149 1853 77
Edge 149 1969 70
Edge 149 2144 99
Edge 149 2173 61
Edge 149 2850 88
Edge 149 3103 61
Edge 149 3220 76
Edge 149 3303 65
Edge 149 3339 87
Edge 149 3371 72
Edge 149 3419 60
Edge 150 270 71
Edge 150 272 81
Edge 150 449 73
Edge 150 524 53
Edge 150 786 92
Edge 150 877 79
Edge 150 1600 90
Edge 150 1857 50
Edge 150 1882 54
Edge 150 1941 59
Edge 150 1958 84
Edge 150 2089 85
Edge 150 2205 76
Edge 150 2291 66
Edge 150 2299 61
Edge 150 2338 54
Edge 150 2370 90
Edge 150 2411 63
Edge 150 2418 72
Edge 150 2807 81
Edge 150 2859 82
Edge 150 3072 53
Edge 150 3293 93
Edge 150 3340 96
Edge 150 3430 68
Edge 150 3444 53
Edge 150 3587 50
Edge 151 373 88
Edge 151 512 50
Edge 151 581 97
Edge 151 753 79
Edge 151 759 82
Edge 151 1255 55
Edge 151 1400 68
Edge 151 1638 88
Edge 151 1674 55
Edge 151 1772 60
Edge 151 2320 79
Edge 151 2394 54
Edge 151 2663 66
Edge 151 2827 69
Edge 151 2938 60
Edge 151 3001 80
Edge 151 3015 92
Edge 151 3209 53
Edge 151 3290 96
Edge 151 3314 98
Edge 151 3330 84
Edge 151 3344 82
Edge 151 3464 65
Edge 151 3614 75
Edge 151 3628 90
Edge 152 186 96
Edge 152 470 72
Edge 152 527 91
Edge 152 639 72
Edge 152 695 50
Edge 152 713 67
Edge 152 879 55
Edge 152 888 97
Edge 152 996 93
Edge 152 1098 96
Edge 152 1379 82
Edge 152 1594 75
Edge 152 1656 50
Edge 152 1886 64
Edge 152 1916 65
Edge 152 2050 86
Edge 152 2158 86
Edge 152 2223 97
Edge 152 2352 98
Edge 152 2457 66
Edge 152 2539 80
Edge 152 2607 78
Edge 152 2999 55
Edge 152 3011 51
Edge 152 3061 97
Edge 152 3308 82
Edge 152 3329 61
Edge 152 3502 65
Edge 153 171 71
Edge 153 266 61
Edge 153 577 88
Edge 153 588 64
Edge 153 623 67
Edge 153 719 51
Edge 153 861 50
Edge 153 937 73
Edge 153 946 63
Edge 153 1217 91
Edge 153 1243 73
Edge 153 1285 55
Edge 153 1289 67
Edge 153 1324 98
Edge 153 1414 72
Edge 153 1416 69
Edge 153 1468 85
Edge 153 1490 56
Edge 153 1644 65
Edge 153 1721 74
Edge 153 1955 62
Edge 153 2003 68
Edge 153 2067 63
Edge 153 2126 77
Edge 153 2376 61
Edge 153 2637 55
Edge 153 2815 97
Edge 153 3111 78
Edge 154 182 62
Edge 154 219 85
Edge 154 305 75
Edge 154 546 52
Edge 154 646 53
Edge 154 647 99
Edge 154 817 70
Edge 154 1297 99
Edge 154 1389 99
Edge 154 1630 69
Edge 154 1730 84
Edge 154 1806 68
Edge 154 1808 96
Edge 154 1828 69
Edge 154 2169 90
Edge 154 2208 99
Edge 154 2251 95
Edge 154 2430 76
Edge 154 2543 56
Edge 154 2761 92
Edge 154 2830 57
Edge 154 2890 92
Edge 154 2975 58
Edge 154 3103 62
Edge 154 3394 58
Edge 154 3410 99
Edge 155 192 99
Edge 155 252 87
Edge 155 267 62
Edge 155 308 80
Edge 155 327 100
Edge 155 366 80
Edge 155 638 56
Edge 155 666 70
Edge 155 808 71
Edge 155 1216 53
Edge 155 1339 52
Edge 155 1372 70
Edge 155 1390 64
Edge 155 1453 79
Edge 155 1585 89
Edge 155 1733 84
Edge 155 2181 53
Edge 155 2413 98
Edge 155 2495 82
Edge 155 2522 79
Edge 155 2561 51
Edge 155 2601 74
Edge 155 2891 66
Edge 155 3167 76
Edge 155 3368 78
Edge 155 3593 81
Edge 156 236 93
Edge 156 337 91
Edge 156 529 90
Edge 156 570 60
Edge 156 1134 78
Edge 156 1174 55
Edge 156 1377 61
Edge 156 1415 95
Edge 156 1908 91
Edge 156 2048 79
Edge 156 2126 75
Edge 156 2393 70
Edge 156 2543 81
Edge 156 2546 88
Edge 156 2547 70
Edge 156 2726 80
Edge 156 2739 76
Edge 156 2952 63
Edge 156 2961 95
Edge 156 3038 99
Edge 156 3235 61
Edge 156 3304 67
Edge 156 3391 97
Edge 156 3467 87
Edge 157 168 67
Edge 157 272 54
Edge 157 390 83
Edge 157 774 60
Edge 157 851 56
Edge 157 972 62
Edge 157 978 94
Edge 157 1114 56
Edge 157 1201 68
Edge 157 1367 81
Edge 157 1438 77
Edge 157 1539 63
Edge 157 1542 56
Edge 157 1739 84
Edge 157 1912 86
Edge 157 1975 54
Edge 157 2015 63
Edge 157 2144 79
Edge 157 2258 98
Edge 157 2331 82
Edge 157 2448 66
Edge 157 2673 61
Edge 157 2689 96
Edge 157 3059 65
Edge 157 3105 69
Edge 157 3518 88
Edge 158 269 82
Edge 158 287 79
Edge 158 363 90
Edge 158 515 64
Edge 158 568 60
Edge 158 625 62
Edge 158 678 57
Edge 158 938 95
Edge 158 944 82
Edge 158 1010 85
Edge 158 1208 69
Edge 158 1331 96
Edge 158 1340 95
Edge 158 2043 68
Edge 158 2180 94
Edge 158 2239 50
Edge 158 2266 68
Edge 158 2290 66
Edge 158 2322 69
Edge 158 2372 93
Edge 158 2809 87
Edge 158 2863 78
Edge 158 2969 91
Edge 158 3203 68
Edge 158 3474 94
Edge 158 3488 84
Edge 158 3508 72
Edge 158 3628 74
Edge 159 187 91
Edge 159 307 64
Edge 159 460 70
Edge 159 481 53
Edge 159 717 63
Edge 159 852 50
Edge 159 885 88
Edge 159 964 72
Edge 159 1060 62
Edge 159 1193 76
Edge 159 1269 90
Edge 159 1334 56
Edge 159 1585 63
Edge 159 1623 99
Edge 159 1736 84
Edge 159 1768 64
Edge 159 1931 55
Edge 159 2154 76
Edge 159 2623 86
Edge 159 2802 90
Edge 159 3005 65
Edge 159 3061 91
Edge 159 3105 92
Edge 159 3220 92
Edge 159 3371 78
Edge 160 270 79
Edge 160 421 69
Edge 160 485 67
Edge 160 489 91
Edge 160 725 54
Edge 160 915 59
Edge 160 1063 79
Edge 160 1069 53
Edge 160 1084 69
Edge 160 1086 68
Edge 160 1469 56
Edge 160 1485 58
Edge 160 1547 60
Edge 160 1640 70
Edge 160 1647 92
Edge 160 1656 92
Edge 160 1691 90
Edge 160 1696 60
Edge 160 1983 88
Edge 160 2325 54
Edge 160 2772 86
Edge 160 2911 84
Edge 160 3063 74
Edge 160 3141 69
Edge 160 3177 64
Edge 160 3242 92
Edge 160 3321 65
Edge 160 3510 59
Edge 161 190 84
Edge 161 205 80
Edge 161 367 56
Edge 161 450 99
Edge 161 539 89
Edge 161 624 82
Edge 161 674 79
Edge 161 859 87
Edge 161 930 55
Edge 161 1387 72
Edge 161 1538 80
Edge 161 1598 62
Edge 161 1787 94
Edge 161 1824 53
Edge 161 1826 69
Edge 161 2328 73
Edge 161 2477 65
Edge 161 2606 65
Edge 161 2815 89
Edge 161 2888 92
Edge 161 2896 95
Edge 161 3162 75
Edge 161 3175 61
Edge 161 3281 76
Edge 161 3396 62
Edge 161 3488 65
Edge 161 3504 66
Edge 162 169 69
Edge 162 588 73
Edge 162 749 72
Edge 162 772 50
Edge 162 786 83
Edge 162 896 62
Edge 162 907 71
Edge 162 933 60
Edge 162 950 56
Edge 162 1018 71
Edge 162 1537 83
Edge 162 1724 98
Edge 162 1770 58
Edge 162 1919 92
Edge 162 2038 72
Edge 162 2175 80
Edge 162 2411 83
Edge 162 2422 55
Edge 162 2462 97
Edge 162 2476 89
Edge 162 2514 62
Edge 162 2564 50
Edge 162 2846 50
Edge 162 3182 70
Edge 162 3214 76
Edge 162 3276 82
Edge 163 363 83
Edge 163 410 81
Edge 163 568 86
Edge 163 651 77
Edge 163 707 90
Edge 163 714 79
Edge 163 832 100
Edge 163 921 82
Edge 163 1084 57
Edge 163 1230 50
Edge 163 1283 72
Edge 163 1333 69
Edge 163 1446 80
Edge 163 1467 66
Edge 163 1601 68
Edge 163 1692 96
Edge 163 1761 97
Edge 163 2252 68
Edge 163 2396 66
Edge 163 2511 96
Edge 163 2661 51
Edge 163 2745 71
Edge 163 3152 67
Edge 163 3166 92
Edge 163 3167 88
Edge 164 168 50
Edge 164 201 58
Edge 164 251 92
Edge 164 355 86
Edge 164 381 69
Edge 164 475 95
Edge 164 601 67
Edge 164 660 78
Edge 164 662 88
Edge 164 714 58
Edge 164 766 91
Edge 164 974 66
Edge 164 1285 55
Edge 164 1333 81
Edge 164 1347 97
Edge 164 1744 66
Edge 164 1773 62
Edge 164 1890 79
Edge 164 1899 62
Edge 164 2256 68
Edge 164 2378 56
Edge 164 2595 84
Edge 164 2726 69
Edge 164 2850 77
Edge 164 2973 64
Edge 164 3015 87
Edge 164 3216 71
Edge 164 3329 93
Edge 165 178 50
Edge 165 357 73
Edge 165 396 56
Edge 165 493 61
Edge 165 622 76
Edge 165 648 75
Edge 165 683 62
Edge 165 719 86
Edge 165 877 56
Edge 165 916 85
Edge 165 975 51
Edge 165 995 65
Edge 165 1005 65
Edge 165 1278 55
Edge 165 1332 71
Edge 165 1350 94
Edge 165 1363 80
Edge 165 1439 73
Edge 165 1606 80
Edge 165 1977 89
Edge 165 2097 87
Edge 165 2421 85
Edge 165 2523 64
Edge 165 2559 72
Edge 165 2735 79
Edge 165 2758 65
Edge 165 3122 76
Edge 166 293 74
Edge 166 526 87
Edge 166 632 82
Edge 166 988 58
Edge 166 1190 99
Edge 166 1200 50
Edge 166 1310 69
Edge 166 1488 65
Edge 166 1606 63
Edge 166 1946 97
Edge 166 2076 55
Edge 166 2200 70
Edge 166 2281 86
Edge 166 2391 90
Edge 166 2454 79
Edge 166 2491 50
Edge 166 2731 99
Edge 166 2743 51
Edge 166 2766 58
Edge 166 2779 86
Edge 166 2869 55
Edge 166 2880 60
Edge 166 3023 50
Edge 166 3233 72
Edge 166 3341 82
Edge 166 3503 67
Edge 167 420 69
Edge 167 780 65
Edge 167 901 61
Edge 167 940 90
Edge 167 1017 58
Edge 167 1216 93
Edge 167 1306 72
Edge 167 1312 52
Edge 167 1327 63
Edge 167 1356 92
Edge 167 1368 81
Edge 167 1382 54
Edge 167 1446 99
Edge 167 1601 84
Edge 167 1686 86
Edge 167 1754 62
Edge 167 2059 70
Edge 167 2124 81
Edge 167 2300 69
Edge 167 2506 86
Edge 167 2515 52
Edge 167 2669 56
Edge 167 2750 83
Edge 167 2849 91
Edge 167 3041 92
Edge 168 306 93
Edge 168 342 100
Edge 168 419 69
Edge 168 485 77
Edge 168 629 50
Edge 168 641 58
Edge 168 681 52
Edge 168 900 53
Edge 168 911 66
Edge 168 1100 68
Edge 168 1254 72
Edge 168 1505 83
Edge 168 1516 63
Edge 168 1819 80
Edge 168 2246 59
Edge 168 2270 53
Edge 168 2750 55
Edge 168 3019 75
Edge 168 3061 82
Edge 168 3203 66
Edge 169 193 56
Edge 169 242 77
Edge 169 460 78
Edge 169 586 74
Edge 169 1020 62
Edge 169 1190 87
Edge 169 1381 64
Edge 169 1428 67
Edge 169 1501 64
Edge 169 1555 55
Edge 169 1648 68
Edge 169 1773 77
Edge 169 1812 78
Edge 169 1866 52
Edge 169 1917 54
Edge 169 2093 52
Edge 169 2177 62
Edge 169 2315 55
Edge 169 2318 92
Edge 169 2564 56
Edge 169 2801 51
Edge 169 2807 70
Edge 169 3169 99
Edge 169 3190 82
Edge 169 3370 50
Edge 170 229 93
Edge 170 271 87
Edge 170 446 81
Edge 170 491 61
Edge 170 590 63
Edge 170 629 50
Edge 170 782 71
Edge 170 796 58
Edge 170 860 84
Edge 170 942 72
Edge 170 943 56
Edge 170 1267 80
Edge 170 1356 53
Edge 170 1591 91
Edge 170 1664 63
Edge 170 1853 94
Edge 170 1907 80
Edge 170 1917 63
Edge 170 1973 60
Edge 170 2081 57
Edge 170 2250 71
Edge 170 2479 93
Edge 170 2540 84
Edge 170 2977 78
Edge 170 3645 90
Edge 171 174 56
Edge 171 647 80
Edge 171 872 76
Edge 171 964 64
Edge 171 1067 94
Edge 171 1222 66
Edge 171 1622 58
Edge 171 1626 80
Edge 171 1637 97
Edge 171 1641 55
Edge 171 1837 82
Edge 171 1852 91
Edge 171 1854 61
Edge 171 1975 70
Edge 171 2136 91
Edge 171 2228 84
Edge 171 2346 57
Edge 171 2468 58
Edge 171 2895 75
Edge 171 3011 60
Edge 171 3312 91
Edge 171 3437 83
Edge 171 3534 61
Edge 171 3576 59
Edge 172 260 75
Edge 172 351 77
Edge 172 521 66
Edge 172 594 91
Edge 172 675 68
Edge 172 868 58
Edge 172 1098 82
Edge 172 1108 97
Edge 172 1139 83
Edge 172 1183 53
Edge 172 1221 66
Edge 172 1262 94
Edge 172 1265 86
Edge 172 1403 52
Edge 172 1525 97
Edge 172 1570 85
Edge 172 1685 50
Edge 172 1727 71
Edge 172 2152 69
Edge 172 2278 77
Edge 172 2420 89
Edge 172 2683 90
Edge 172 2834 58
Edge 172 3067 52
Edge 172 3071 68
Edge 172 3172 90
Edge 172 3437 59
Edge 172 3488 59
Edge 173 198 69
Edge 173 210 93
Edge 173 216 61
Edge 173 272 86
Edge 173 619 73
Edge 173 653 74
Edge 173 666 79
Edge 173 725 99
Edge 173 754 51
Edge 173 1076 59
Edge 173 1149 62
Edge 173 1366 73
Edge 173 1868 52
Edge 173 1905 83
Edge 173 2225 70
Edge 173 2239 82
Edge 173 2305 87
Edge 173 2701 95
Edge 173 2733 63
Edge 173 2780 78
Edge 173 2816 72
Edge 173 2906 53
Edge 173 3093 95
Edge 173 3306 81
Edge 173 3394 99
Edge 174 184 66
Edge 174 213 97
Edge 174 620 91
Edge 174 868 92
Edge 174 1048 73
Edge 174 1153 68
Edge 174 1346 63
Edge 174 1349 92
Edge 174 1419 75
Edge 174 1512 76
Edge 174 1538 60
Edge 174 1590 96
Edge 174 1770 71
Edge 174 1852 52
Edge 174 1863 79
Edge 174 2219 74
Edge 174 2370 70
Edge 174 2511 54
Edge 174 2728 90
Edge 174 3042 81
Edge 174 3350 57
Edge 174 3421 61
Edge 174 3501 69
Edge 175 332 50
Edge 175 442 86
Edge 175 446 69
Edge 175 640 95
Edge 175 770 72
Edge 175 819 65
Edge 175 897 85
Edge 175 910 84
Edge 175 913 52
Edge 175 1002 92
Edge 175 1041 91
Edge 175 1043 88
Edge 175 1121 54
Edge 175 1242 53
Edge 175 1569 82
Edge 175 1701 53
Edge 175 2014 54
Edge 175 2194 89
Edge 175 2216 66
Edge 175 2266 95
Edge 175 2629 76
Edge 175 2658 64
Edge 175 2861 81
Edge 175 2912 59
Edge 175 2929 89
Edge 175 3249 92
Edge 176 335 69
Edge 176 341 58
Edge 176 452 63
Edge 176 517 60
Edge 176 1018 89
Edge 176 1295 68
Edge 176 1431 91
Edge 176 1562 54
Edge 176 1629 86
Edge 176 1771 70
Edge 176 1813 73
Edge 176 1992 84
Edge 176 2027 92
Edge 176 2152 96
Edge 176 2186 55
Edge 176 2353 55
Edge 176 2494 64
Edge 176 2593 91
Edge 176 2620 98
Edge 176 2688 98
Edge 176 2895 60
Edge 176 2931 69
Edge 176 2984 59
Edge 176 3236 74
Edge 176 3358 98
Edge 176 3554 66
Edge 177 184 90
Edge 177 290 87
Edge 177 361 76
Edge 177 400 59
Edge 177 497 70
Edge 177 509 82
Edge 177 547 71
Edge 177 586 59
Edge 177 789 92
Edge 177 1332 65
Edge 177 1338 73
Edge 177 1428 67
Edge 177 1463 72
Edge 177 1528 86
Edge 177 2028 80
Edge 177 2030 76
Edge 177 2037 66
Edge 177 2109 82
Edge 177 2248 67
Edge 177 2629 51
Edge 177 2643 56
Edge 177 2687 85
Edge 177 2718 85
Edge 177 2903 53
Edge 177 2966 60
Edge 177 3520 73
Edge 177 3564 60
Edge 178 192 77
Edge 178 267 96
Edge 178 383 62
Edge 178 538 67
Edge 178 566 55
Edge 178 634 59
Edge 178 743 60
Edge 178 932 53
Edge 178 995 62
Edge 178 1028 90
Edge 178 1048 74
Edge 178 1399 95
Edge 178 1512 56
Edge 178 1590 61
Edge 178 1661 77
Edge 178 1845 91
Edge 178 1867 82
Edge 178 2162 78
Edge 178 2260 52
Edge 178 2846 66
Edge 178 2920 90
Edge 178 3003 83
Edge 178 3185 75
Edge 178 3195 70
Edge 178 3238 79
Edge 179 195 83
Edge 179 307 98
Edge 179 376 59
Edge 179 549 96
Edge 179 625 51
Edge 179 806 69
Edge 179 861 87
Edge 179 1149 52
Edge 179 1159 82
Edge 179 1414 94
Edge 179 1434 95
Edge 179 1483 58
Edge 179 1575 62
Edge 179 1605 92
Edge 179 1705 84
Edge 179 2213 59
Edge 179 2589 79
Edge 179 2734 72
Edge 179 2781 99
Edge 179 2829 76
Edge 179 2851 60
Edge 179 2941 98
Edge 179 2972 95
Edge 179 3358 78
Edge 179 3460 79
Edge 179 3527 77
Edge 179 3606 93
Edge 180 195 75
Edge 180 212 66
Edge 180 239 69
Edge 180 325 58
Edge 180 681 87
Edge 180 726 77
Edge 180 771 80
Edge 180 1316 82
Edge 180 1477 54
Edge 180 1478 54
Edge 180 1626 60
Edge 180 1681 86
Edge 180 1799 87
Edge 180 1832 60
Edge 180 1909 97
Edge 180 1964 84
Edge 180 2224 74
Edge 180 2389 59
Edge 180 2424 71
Edge 180 2873 87
Edge 180 3024 86
Edge 180 3030 74
Edge 180 3062 89
Edge 180 3126 62
Edge 180 3366 89
Edge 181 225 52
Edge 181 228 77
Edge 181 281 72
Edge 181 337 67
Edge 181 401 85
Edge 181 430 53
Edge 181 440 89
Edge 181 718 74
Edge 181 896 54
Edge 181 1044 87
Edge 181 1102 93
Edge 181 1116 70
Edge 181 1254 79
Edge 181 1277 63
Edge 181 1465 81
Edge 181 1765 77
Edge 181 1791 94
Edge 181 2328 93
Edge 181 2360 78
Edge 181 2380 98
Edge 181 2431 75
Edge 181 2572 60
Edge 181 2729 82
Edge 181 2751 74
Edge 181 2790 81
Edge 181 3281 97
Edge 181 3340 83
Edge 181 3522 60
Edge 182 223 86
Edge 182 365 77
Edge 182 430 58
Edge 182 525 89
Edge 182 756 79
Edge 182 1048 77
Edge 182 1172 58
Edge 182 1183 61
Edge 182 1313 71
Edge 182 1370 84
Edge 182 1472 75
Edge 182 1647 73
Edge 182 1800 61
Edge 182 1911 96
Edge 182 2015 96
Edge 182 2033 91
Edge 182 2148 52
Edge 182 2309 54
Edge 182 2448 89
Edge 182 2490 57
Edge 182 2519 90
Edge 182 2839 65
Edge 182 3432 87
Edge 182 3600 63
Edge 183 194 89
Edge 183 247 65
Edge 183 278 78
Edge 183 565 52
Edge 183 702 51
Edge 183 912 53
Edge 183 987 71
Edge 183 1036 89
Edge 183 1232 75
Edge 183 1416 58
Edge 183 1526 57
Edge 183 1528 60
Edge 183 1577 72
Edge 183 1672 55
Edge 183 2167 61
Edge 183 2217 88
Edge 183 2219 80
Edge 183 2481 56
Edge 183 2617 61
Edge 183 2721 64
Edge 183 2831 84
Edge 183 2869 53
Edge 183 2975 71
Edge 183 3223 93
Edge 183 3234 69
Edge 183 3507 97
Edge 184 275 85
Edge 184 314 86
Edge 184 332 79
Edge 184 427 55
Edge 184 537 87
Edge 184 542 70
Edge 184 604 53
Edge 184 728 65
Edge 184 799 80
Edge 184 869 54
Edge 184 1034 60
Edge 184 1222 59
Edge 184 1683 92
Edge 184 1690 54
Edge 184 1780 76
Edge 184 1929 57
Edge 184 1952 89
Edge 184 2724 51
Edge 184 2819 78
Edge 184 2834 78
Edge 184 2929 85
Edge 184 2967 89
Edge 184 3126 91
Edge 184 3309 58
Edge 184 3625 50
Edge 185 215 79
Edge 185 433 74
Edge 185 477 85
Edge 185 535 56
Edge 185 577 57
Edge 185 622 67
Edge 185 679 54
Edge 185 747 82
Edge 185 1100 99
Edge 185 1107 96
Edge 185 1253 63
Edge 185 1403 74
Edge 185 1511 57
Edge 185 1530 75
Edge 185 1668 60
Edge 185 1677 67
Edge 185 1792 97
Edge 185 1798 50
Edge 185 2418 61
Edge 185 2527 54
Edge 185 2589 91
Edge 185 2660 68
Edge 185 2929 92
Edge 185 3141 64
Edge 185 3170 66
Edge 185 3224 75
Edge 185 3451 65
Edge 186 205 69
Edge 186 233 79
Edge 186 307 76
Edge 186 749 63
Edge 186 773 53
Edge 186 911 74
Edge 186 1065 83
Edge 186 1083 62
Edge 186 1093 85
Edge 186 1342 66
Edge 186 1352 78
Edge 186 1490 52
Edge 186 1509 86
Edge 186 1719 50
Edge 186 1867 97
Edge 186 2188 80
Edge 186 2280 90
Edge 186 2432 68
Edge 186 2551 56
Edge 186 2655 64
Edge 186 2854 89
Edge 186 2881 66
Edge 186 3066 76
Edge 186 3271 65
Edge 186 3325 88
Edge 186 3352 80
Edge 186 3620 55
Edge 187 189 81
Edge 187 198 96
Edge 187 256 97
Edge 187 269 83
Edge 187 435 90
Edge 187 442 76
Edge 187 472 67
Edge 187 626 58
Edge 187 907 52
Edge 187 1047 58
Edge 187 1052 71
Edge 187 1127 66
Edge 187 1134 98
Edge 187 1519 91
Edge 187 1790 70
Edge 187 2114 66
Edge 187 2214 74
Edge 187 2310 99
Edge 187 2658 63
Edge 187 3086 74
Edge 187 3142 65
Edge 187 3152 95
Edge 187 3269 52
Edge 187 3466 92
Edge 188 199 72
Edge 188 288 77
Edge 188 303 89
Edge 188 404 54
Edge 188 429 53
Edge 188 448 64
Edge 188 552 56
Edge 188 554 51
Edge 188 660 67
Edge 188 701 97
Edge 188 716 71
Edge 188 804 62
Edge 188 976 95
Edge 188 1268 97
Edge 188 1376 80
Edge 188 1399 54
Edge 188 1787 77
Edge 188 1988 59
Edge 188 2049 59
Edge 188 2077 73
Edge 188 2292 53
Edge 188 2453 83
Edge 188 2759 64
Edge 188 3147 94
Edge 188 3362 55
Edge 188 3537 59
Edge 189 280 56
Edge 189 346 84
Edge 189 410 74
Edge 189 437 99
Edge 189 510 83
Edge 189 668 97
Edge 189 671 60
Edge 189 793 99
Edge 189 859 90
Edge 189 879 90
Edge 189 914 83
Edge 189 934 86
Edge 189 971 57
Edge 189 1007 80
Edge 189 1034 84
Edge 189 1083 75
Edge 189 1200 81
Edge 189 1221 79
Edge 189 1531 68
Edge 189 1552 95
Edge 189 1761 93
Edge 189 1922 88
Edge 189 2835 58
Edge 189 2899 52
Edge 189 3219 53
Edge 189 3262 95
Edge 189 3269 94
Edge 190 278 56
Edge 190 455 67
Edge 190 485 52
Edge 190 561 76
Edge 190 694 75
Edge 190 767 53
Edge 190 799 67
Edge 190 801 74
Edge 190 819 75
Edge 190 834 91
Edge 190 844 50
Edge 190 915 56
Edge 190 1149 91
Edge 190 1221 62
Edge 190 1459 76
Edge 190 1723 90
Edge 190 2069 53
Edge 190 2354 62
Edge 190 2497 68
Edge 190 2505 53
Edge 190 2750 56
Edge 190 3065 82
Edge 190 3111 96
Edge 190 3354 75
Edge 190 3646 61
Edge 191 340 69
Edge 191 432 66
Edge 191 559 76
Edge 191 860 62
Edge 191 909 61
Edge 191 1023 88
Edge 191 1111 64
Edge 191 1314 73
Edge 191 1543 97
Edge 191 1690 75
Edge 191 1767 64
Edge 191 1861 95
Edge 191 1965 79
Edge 191 2000 94
Edge 191 2076 56
Edge 191 2124 87
Edge 191 2197 64
Edge 191 2481 99
Edge 191 2648 54
Edge 191 2859 57
Edge 191 3081 55
Edge 191 3188 77
Edge 191 3214 85
Edge 191 3508 93
Edge 191 3665 61
Edge 192 448 81
Edge 192 528 73
Edge 192 582 76
Edge 192 625 73
Edge 192 651 89
Edge 192 795 60
Edge 192 933 60
Edge 192 935 77
Edge 192 983 55
Edge 192 1058 93
Edge 192 1090 62
Edge 192 1112 71
Edge 192 1115 68
Edge 192 1239 78
Edge 192 1317 51
Edge 192 1532 72
Edge 192 1693 74
Edge 192 2026 60
Edge 192 2359 84
Edge 192 2658 96
Edge 192 2731 87
Edge 192 2812 99
Edge 192 3181 74
Edge 192 3216 91
Edge 193 221 91
Edge 193 308 72
Edge 193 338 96
Edge 193 456 57
Edge 193 560 83
Edge 193 963 88
Edge 193 1070 72
Edge 193 1102 74
Edge 193 1168 80
Edge 193 1171 56
Edge 193 1766 86
Edge 193 1813 58
Edge 193 1881 99
Edge 193 1978 62
Edge 193 1987 68
Edge 193 2024 66
Edge 193 2115 53
Edge 193 2269 68
Edge 193 2286 98
Edge 193 2638 66
Edge 193 2697 94
Edge 193 2743 55
Edge 193 3022 50
Edge 193 3334 81
Edge 193 3383 50
Edge 194 338 75
Edge 194 387 75
Edge 194 786 98
Edge 194 901 80
Edge 194 903 52
Edge 194 951 64
Edge 194 964 84
Edge 194 1108 71
Edge 194 1116 62
Edge 194 1142 78
Edge 194 1151 68
Edge 194 1235 63
Edge 194 1639 82
Edge 194 1660 66
Edge 194 1811 51
Edge 194 1867 83
Edge 194 1876 73
Edge 194 1896 61
Edge 194 2018 85
Edge 194 2206 60
Edge 194 2511 94
Edge 194 2947 98
Edge 194 3049 81
Edge 194 3147 50
Edge 194 3193 98
Edge 194 3569 99
Edge 195 276 81
Edge 195 490 80
Edge 195 589 77
Edge 195 736 65
Edge 195 841 78
Edge 195 898 94
Edge 195 951 60
Edge 195 1053 67
Edge 195 1122 91
Edge 195 1476 74
Edge 195 1620 88
Edge 195 1654 81
Edge 195 1669 96
Edge 195 1839 98
Edge 195 1959 68
Edge 195 2077 96
Edge 195 2140 92
Edge 195 2194 55
Edge 195 2231 92
Edge 195 2411 82
Edge 195 2554 78
Edge 195 2683 68
Edge 195 2822 52
Edge 195 2982 89
Edge 195 3316 73
Edge 195 3456 55
Edge 196 199 50
Edge 196 451 99
Edge 196 814 98
Edge 196 918 89
Edge 196 959 98
Edge 196 976 61
Edge 196 1149 90
Edge 196 1185 99
Edge 196 1218 58
Edge 196 1301 69
Edge 196 1540 61
Edge 196 1703 65
Edge 196 1771 86
Edge 196 1790 93
Edge 196 1803 62
Edge 196 2303 90
Edge 196 2410 53
Edge 196 2571 63
Edge 196 2615 96
Edge 196 2661 69
Edge 196 2709 78
Edge 196 2972 59
Edge 196 3202 59
Edge 196 3296 90
Edge 196 3548 71
Edge 197 202 87
Edge 197 374 81
Edge 197 376 88
Edge 197 487 54
Edge 197 587 54
Edge 197 844 88
Edge 197 969 69
Edge 197 1028 97
Edge 197 1037 85
Edge 197 1092 91
Edge 197 1126 94
Edge 197 1132 99
Edge 197 1193 56
Edge 197 1240 87
Edge 197 1494 54
Edge 197 1568 60
Edge 197 1754 55
Edge 197 1764 59
Edge 197 2102 54
Edge 197 2300 94
Edge 197 2467 54
Edge 197 2536 99
Edge 197 2741 80
Edge 197 2811 83
Edge 197 2837 79
Edge 197 2849 55
Edge 197 3105 95
Edge 197 3611 80
Edge 198 233 71
Edge 198 338 74
Edge 198 529 62
Edge 198 539 67
Edge 198 708 96
Edge 198 1127 82
Edge 198 1263 95
Edge 198 1475 90
Edge 198 1481 80
Edge 198 1961 99
Edge 198 2098 95
Edge 198 2138 63
Edge 198 2197 69
Edge 198 2528 72
Edge 198 2690 87
Edge 198 2773 74
Edge 198 3101 82
Edge 198 3177 76
Edge 198 3217 77
Edge 198 3334 81
Edge 198 3398 82
Edge 198 3600 99
Edge 199 239 75
Edge 199 368 75
Edge 199 383 85
Edge 199 683 55
Edge 199 712 86
Edge 199 933 71
Edge 199 990 82
Edge 199 1175 79
Edge 199 1507 93
Edge 199 1611 74
Edge 199 1712 61
Edge 199 1816 78
Edge 199 1836 51
Edge 199 1996 76
Edge 199 2453 97
Edge 199 2608 58
Edge 199 2753 94
Edge 199 2780 51
Edge 199 2869 86
Edge 199 3047 85
Edge 199 3120 99
Edge 199 3129 63
Edge 199 3334 55
Edge 199 3522 75
Edge 200 243 85
Edge 200 393 92
Edge 200 507 95
Edge 200 520 52
Edge 200 526 63
Edge 200 543 57
Edge 200 903 69
Edge 200 973 55
Edge 200 1005 61
Edge 200 1058 74
Edge 200 1138 92
Edge 200 1186 70
Edge 200 1539 67
Edge 200 1578 52
Edge 200 1658 98
Edge 200 1789 95
Edge 200 2008 85
Edge 200 2049 69
Edge 200 2178 64
Edge 200 2644 88
Edge 200 2663 62
Edge 200 2696 87
Edge 200 2752 77
Edge 200 2913 64
Edge 200 2915 78
Edge 200 3031 76
Edge 200 3254 88
Edge 201 290 92
Edge 201 312 89
Edge 201 337 73
Edge 201 452 89
Edge 201 457 79
Edge 201 915 56
Edge 201 1036 79
Edge 201 1526 62
Edge 201 1556 98
Edge 201 1695 77
Edge 201 1760 84
Edge 201 1804 78
Edge 201 2006 83
Edge 201 2015 62
Edge 201 2039 55
Edge 201 2231 79
Edge 201 2376 88
Edge 201 2436 92
Edge 201 2438 91
Edge 201 2834 55
Edge 201 2904 71
Edge 201 3009 83
Edge 201 3125 52
Edge 201 3396 88
Edge 201 3453 50
Edge 201 3527 62
Edge 201 3627 55
Edge 202 226 87
Edge 202 469 86
Edge 202 634 90
Edge 202 742 81
Edge 202 868 76
Edge 202 894 66
Edge 202 1079 52
Edge 202 1154 88
Edge 202 1182 57
Edge 202 1435 96
Edge 202 1615 82
Edge 202 1785 68
Edge 202 1793 74
Edge 202 1975 51
Edge 202 2082 63
Edge 202 2163 67
Edge 202 2224 86
Edge 202 2268 69
Edge 202 2524 88
Edge 202 2757 91
Edge 202 2936 52
Edge 202 2949 69
Edge 202 3392 89
Edge 202 3395 72
Edge 202 3427 89
Edge 202 3599 69
Edge 202 3666 62
Edge 203 245 56
Edge 203 295 58
Edge 203 657 53
Edge 203 907 55
Edge 203 1457 55
Edge 203 1602 55
Edge 203 1668 69
Edge 203 1898 53
Edge 203 1911 99
Edge 203 2194 52
Edge 203 2400 83
Edge 203 2534 92
Edge 203 2630 75
Edge 203 2666 91
Edge 203 2676 97
Edge 203 2737 79
Edge 203 2918 77
Edge 203 3039 67
Edge 203 3067 87
Edge 203 3238 70
Edge 203 3284 72
Edge 203 3374 65
Edge 203 3439 98
Edge 203 3515 87
Edge 204 321 63
Edge 204 420 61
Edge 204 428 94
Edge 204 674 99
Edge 204 943 83
Edge 204 953 89
Edge 204 1114 50
Edge 204 1137 65
Edge 204 1244 51
Edge 204 1260 55
Edge 204 1308 100
Edge 204 1670 64
Edge 204 1739 95
Edge 204 1806 82
Edge 204 1813 60
Edge 204 1839 91
Edge 204 1945 91
Edge 204 2088 87
Edge 204 2098 95
Edge 204 2360 94
Edge 204 2421 99
Edge 204 2458 71
Edge 204 3026 87
Edge 204 3305 70
Edge 204 3357 90
Edge 204 3423 84
Edge 204 3574 66
Edge 205 222 59
Edge 205 414 86
Edge 205 502 94
Edge 205 516 77
Edge 205 540 99
Edge 205 880 67
Edge 205 956 95
Edge 205 1116 91
Edge 205 1361 85
Edge 205 1534 52
Edge 205 1704 89
Edge 205 1853 63
Edge 205 2343 61
Edge 205 3042 71
Edge 205 3074 71
Edge 205 3131 56
Edge 205 3362 66
Edge 205 3365 51
Edge 205 3379 65
Edge 205 3439 67
Edge 205 3580 51
Edge 206 231 95
Edge 206 484 69
Edge 206 565 81
Edge 206 587 64
Edge 206 628 78
Edge 206 656 64
Edge 206 658 90
Edge 206 1000 59
Edge 206 1021 90
Edge 206 1099 63
Edge 206 1126 99
Edge 206 1586 65
Edge 206 1805 55
Edge 206 1893 55
Edge 206 2092 79
Edge 206 2157 90
Edge 206 2197 72
Edge 206 2297 78
Edge 206 2330 74
Edge 206 2469 84
Edge 206 2627 63
Edge 206 2707 80
Edge 206 2991 54
Edge 206 3137 91
Edge 206 3174 90
Edge 206 3368 59
Edge 206 3403 50
Edge 206 3648 82
Edge 207 324 51
Edge 207 327 76
Edge 207 435 78
Edge 207 609 71
Edge 207 707 54
Edge 207 802 71
Edge 207 925 62
Edge 207 1171 54
Edge 207 1302 67
Edge 207 1673 94
Edge 207 1773 89
Edge 207 2051 64
Edge 207 2055 54
Edge 207 2104 75
Edge 207 2259 59
Edge 207 2475 89
Edge 207 2780 76
Edge 207 2868 81
Edge 207 2908 74
Edge 207 3082 83
Edge 207 3109 54
Edge 207 3278 54
Edge 207 3292 85
Edge 207 3532 89
Edge 207 3585 69
Edge 207 3610 76
Edge 208 269 78
Edge 208 478 50
Edge 208 695 60
Edge 208 810 53
Edge 208 814 93
Edge 208 1402 56
Edge 208 1407 58
Edge 208 1551 75
Edge 208 1567 78
Edge 208 1666 56
Edge 208 1892 85
Edge 208 1994 61
Edge 208 2044 77
Edge 208 2403 98
Edge 208 2450 62
Edge 208 2528 55
Edge 208 2656 65
Edge 208 2694 68
Edge 208 2829 59
Edge 208 2927 50
Edge 208 2968 73
Edge 208 3193 63
Edge 208 3213 83
Edge 208 3234 60
Edge 208 3506 82
Edge 208 3662 82
Edge 209 244 79
Edge 209 300 84
Edge 209 401 61
Edge 209 406 56
Edge 209 611 52
Edge 209 839 69
Edge 209 1104 98
Edge 209 1161 53
Edge 209 1620 81
Edge 209 1645 75
Edge 209 1668 77
Edge 209 1677 58
Edge 209 1712 90
Edge 209 2165 97
Edge 209 2213 72
Edge 209 2301 70
Edge 209 2356 51
Edge 209 2428 78
Edge 209 2446 77
Edge 209 2638 55
Edge 209 2765 62
Edge 209 2802 92
Edge 209 2978 70
Edge 209 3550 96
Edge 209 3616 96
Edge 209 3631 58
Edge 210 239 72
Edge 210 243 88
Edge 210 424 58
Edge 210 627 93
Edge 210 837 68
Edge 210 842 89
Edge 210 890 69
Edge 210 984 94
Edge 210 1270 97
Edge 210 1369 78
Edge 210 1687 94
Edge 210 1719 74
Edge 210 1734 96
Edge 210 2084 58
Edge 210 2196 96
Edge 210 2201 98
Edge 210 2327 98
Edge 210 2481 64
Edge 210 2560 85
Edge 210 2619 99
Edge 210 2669 53
Edge 210 2688 94
Edge 210 2723 93
Edge 210 2879 78
Edge 210 3240 81
Edge 210 3486 87
Edge 211 212 90
Edge 211 294 85
Edge 211 510 77
Edge 211 527 77
Edge 211 610 50
Edge 211 911 57
Edge 211 1074 96
Edge 211 1087 68
Edge 211 1190 78
Edge 211 1287 84
Edge 211 1342 66
Edge 211 1503 50
Edge 211 1508 70
Edge 211 1517 85
Edge 211 1549 78
Edge 211 1823 68
Edge 211 2092 90
Edge 211 2220 64
Edge 211 2245 94
Edge 211 2290 61
Edge 211 2525 71
Edge 211 2717 67
Edge 211 2780 65
Edge 211 2785 63
Edge 211 2935 99
Edge 211 2964 63
Edge 211 3467 79
Edge 212 653 72
Edge 212 750 55
Edge 212 923 55
Edge 212 938 75
Edge 212 1290 62
Edge 212 1310 96
Edge 212 1324 84
Edge 212 1429 89
Edge 212 1549 87
Edge 212 1583 85
Edge 212 1731 75
Edge 212 1921 90
Edge 212 1936 52
Edge 212 2015 53
Edge 212 2068 53
Edge 212 2242 69
Edge 212 2362 62
Edge 212 2379 55
Edge 212 2560 62
Edge 212 2601 52
Edge 212 2646 73
Edge 212 2729 98
Edge 212 3325 65
Edge 212 3595 71
Edge 213 224 73
Edge 213 496 90
Edge 213 637 95
Edge 213 660 66
Edge 213 739 99
Edge 213 748 62
Edge 213 760 75
Edge 213 1036 80
Edge 213 1047 82
Edge 213 1082 73
Edge 213 1212 63
Edge 213 1340 77
Edge 213 1413 58
Edge 213 1632 92
Edge 213 1771 80
Edge 213 1901 58
Edge 213 2010 72
Edge 213 2236 64
Edge 213 2284 66
Edge 213 2385 73
Edge 213 2436 70
Edge 213 2442 79
Edge 213 2546 53
Edge 213 2727 61
Edge 213 3102 55
Edge 213 3139 96
Edge 214 247 89
Edge 214 258 63
Edge 214 270 56
Edge 214 285 57
Edge 214 403 83
Edge 214 454 71
Edge 214 590 97
Edge 214 1218 96
Edge 214 1276 94
Edge 214 1299 65
Edge 214 1316 61
Edge 214 1356 62
Edge 214 1450 57
Edge 214 1637 61
Edge 214 1832 56
Edge 214 1888 82
Edge 214 1920 78
Edge 214 2242 57
Edge 214 2296 55
Edge 214 2463 97
Edge 214 2626 79
Edge 214 2706 55
Edge 214 2742 65
Edge 214 3051 81
Edge 214 3199 81
Edge 214 3458 91
Edge 215 314 66
Edge 215 372 72
Edge 215 450 59
Edge 215 484 81
Edge 215 557 76
Edge 215 774 78
Edge 215 831 82
Edge 215 960 88
Edge 215 1084 65
Edge 215 1210 64
Edge 215 1288 90
Edge 215 1407 67
Edge 215 1874 63
Edge 215 1913 96
Edge 215 2134 55
Edge 215 2218 84
Edge 215 2290 82
Edge 215 2760 56
Edge 215 3163 50
Edge 215 3207 83
Edge 215 3249 93
Edge 215 3361 95
Edge 215 3364 70
Edge 215 3415 100
Edge 215 3663 53
Edge 216 354 76
Edge 216 369 70
Edge 216 478 64
Edge 216 514 100
Edge 216 702 68
Edge 216 766 77
Edge 216 823 54
Edge 216 1008 97
Edge 216 1032 73
Edge 216 1205 97
Edge 216 1322 97
Edge 216 1432 56
Edge 216 1801 95
Edge 216 1838 76
Edge 216 1926 64
Edge 216 1945 74
Edge 216 2141 59
Edge 216 2350 56
Edge 216 2408 92
Edge 216 2759 60
Edge 216 3314 76
Edge 216 3339 54
Edge 216 3344 100
Edge 216 3496 89
Edge 217 242 84
Edge 217 396 85
Edge 217 461 95
Edge 217 471 70
Edge 217 509 96
Edge 217 536 69
Edge 217 568 76
Edge 217 692 78
Edge 217 701 80
Edge 217 727 53
Edge 217 729 89
Edge 217 732 60
Edge 217 750 65
Edge 217 926 50
Edge 217 955 86
Edge 217 1564 97
Edge 217 1590 83
Edge 217 1714 86
Edge 217 1727 76
Edge 217 1914 52
Edge 217 2293 92
Edge 217 2538 80
Edge 217 2959 76
Edge 217 3065 73
Edge 217 3146 57
Edge 217 3158 98
Edge 217 3170 67
Edge 218 244 71
Edge 218 250 57
Edge 218 486 81
Edge 218 602 77
Edge 218 727 73
Edge 218 764 58
Edge 218 927 87
Edge 218 983 72
Edge 218 1059 56
Edge 218 1228 85
Edge 218 1375 82
Edge 218 1424 68
Edge 218 1472 82
Edge 218 1587 54
Edge 218 1686 81
Edge 218 1806 61
Edge 218 1815 75
Edge 218 1851 66
Edge 218 2129 83
Edge 218 3012 76
Edge 218 3055 63
Edge 218 3300 75
Edge 218 3353 93
Edge 218 3409 67
Edge 219 360 93
Edge 219 479 91
Edge 219 599 92
Edge 219 676 69
Edge 219 969 90
Edge 219 1003 59
Edge 219 1054 58
Edge 219 1244 77
Edge 219 1290 98
Edge 219 1351 68
Edge 219 1356 54
Edge 219 1358 80
Edge 219 1701 100
Edge 219 1898 55
Edge 219 2066 62
Edge 219 2174 61
Edge 219 2207 74
Edge 219 2235 76
Edge 219 2258 94
Edge 219 2685 54
Edge 219 2801 88
Edge 219 2826 56
Edge 219 2899 53
Edge 219 3024 74
Edge 219 3242 62
Edge 220 385 92
Edge 220 632 81
Edge 220 685 80
Edge 220 749 82
Edge 220 880 82
Edge 220 1034 71
Edge 220 1444 82
Edge 220 1678 83
Edge 220 1721 92
Edge 220 1811 69
Edge 220 1816 74
Edge 220 1841 86
Edge 220 1903 71
Edge 220 1983 88
Edge 220 2065 62
Edge 220 2200 95
Edge 220 2278 57
Edge 220 2289 68
Edge 220 2366 80
Edge 220 2383 94
Edge 220 2538 62
Edge 220 2675 84
Edge 220 3145 64
Edge 220 3290 86
Edge 220 3534 78
Edge 221 429 67
Edge 221 614 58
Edge 221 631 54
Edge 221 724 64
Edge 221 785 76
Edge 221 809 84
Edge 221 1109 97
Edge 221 1365 73
Edge 221 1479 90
Edge 221 1606 88
Edge 221 1682 57
Edge 221 1755 55
Edge 221 1991 60
Edge 221 2035 73
Edge 221 2075 87
Edge 221 2087 92
Edge 221 2402 57
Edge 221 2523 73
Edge 221 2780 65
Edge 221 2907 89
Edge 221 2984 75
Edge 221 3253 51
Edge 221 3355 69
Edge 221 3620 62
Edge 222 469 58
Edge 222 621 81
Edge 222 649 64
Edge 222 755 55
Edge 222 771 75
Edge 222 861 56
Edge 222 864 86
Edge 222 934 87
Edge 222 941 82
Edge 222 1020 79
Edge 222 1026 52
Edge 222 1144 51
Edge 222 1283 72
Edge 222 1386 57
Edge 222 1410 78
Edge 222 1533 94
Edge 222 1890 89
Edge 222 2050 99
Edge 222 2232 64
Edge 222 2364 90
Edge 222 2715 64
Edge 222 3014 58
Edge 222 3449 65
Edge 223 232 94
Edge 223 268 96
Edge 223 286 74
Edge 223 290 51
Edge 223 346 65
Edge 223 454 51
Edge 223 487 89
Edge 223 704 51
Edge 223 778 58
Edge 223 922 55
Edge 223 988 64
Edge 223 1251 59
Edge 223 1343 70
Edge 223 1592 63
Edge 223 1606 89
Edge 223 1671 82
Edge 223 1777 58
Edge 223 1832 85
Edge 223 1980 76
Edge 223 2178 68
Edge 223 2362 62
Edge 223 2386 98
Edge 223 2679 55
Edge 223 2943 78
Edge 223 3075 53
Edge 223 3141 94
Edge 224 228 96
Edge 224 452 62
Edge 224 746 53
Edge 224 791 60
Edge 224 848 52
Edge 224 898 61
Edge 224 955 74
Edge 224 1064 67
Edge 224 1154 60
Edge 224 1252 100
Edge 224 1364 84
Edge 224 1401 93
Edge 224 1418 94
Edge 224 1621 68
Edge 224 1644 95
Edge 224 1907 91
Edge 224 2035 53
Edge 224 2054 80
Edge 224 2165 56
Edge 224 2184 51
Edge 224 2297 67
Edge 224 2342 71
Edge 224 2387 71
Edge 224 2729 89
Edge 224 2932 92
Edge 224 3194 50
Edge 225 282 87
Edge 225 481 67
Edge 225 505 99
Edge 225 568 94
Edge 225 634 72
Edge 225 728 96
Edge 225 744 62
Edge 225 764 69
Edge 225 877 55
Edge 225 1002 68
Edge 225 1019 77
Edge 225 1102 71
Edge 225 1246 67
Edge 225 1377 77
Edge 225 1581 61
Edge 225 1630 59
Edge 225 1640 61
Edge 225 1868 51
Edge 225 2255 65
Edge 225 2650 58
Edge 225 2768 59
Edge 225 2997 98
Edge 225 3125 81
Edge 225 3427 83
Edge 226 289 55
Edge 226 465 60
Edge 226 550 73
Edge 226 699 86
Edge 226 716 75
Edge 226 752 100
Edge 226 776 83
Edge 226 1024 76
Edge 226 1031 81
Edge 226 1181 99
Edge 226 1200 67
Edge 226 1305 59
Edge 226 1537 98
Edge 226 1634 92
Edge 226 1737 61
Edge 226 1811 54
Edge 226 1847 74
Edge 226 2070 62
Edge 226 2098 63
Edge 226 2331 95
Edge 226 2902 84
Edge 226 2941 86
Edge 226 3125 58
Edge 226 3206 80
Edge 226 3481 66
Edge 227 416 51
Edge 227 479 62
Edge 227 524 98
Edge 227 721 58
Edge 227 851 72
Edge 227 874 64
Edge 227 1186 87
Edge 227 1421 95
Edge 227 1471 88
Edge 227 1476 61
Edge 227 1531 53
Edge 227 1901 52
Edge 227 1925 60
Edge 227 2071 59
Edge 227 2341 73
Edge 227 2370 84
Edge 227 2596 95
Edge 227 2961 88
Edge 227 3012 99
Edge 227 3124 75
Edge 227 3132 74
Edge 227 3194 76
Edge 227 3349 81
Edge 227 3574 84
Edge 227 3588 66
Edge 227 3618 82
Edge 227 3651 93
Edge 228 248 99
Edge 228 420 60
Edge 228 554 94
Edge 228 743 98
Edge 228 836 68
Edge 228 1041 84
Edge 228 1257 98
Edge 228 1529 75
Edge 228 1541 52
Edge 228 1760 94
Edge 228 1857 54
Edge 228 2036 60
Edge 228 2184 84
Edge 228 2219 89
Edge 228 2286 59
Edge 228 2405 92
Edge 228 2569 95
Edge 228 3002 56
Edge 228 3015 81
Edge 228 3142 65
Edge 228 3268 59
Edge 228 3361 59
Edge 228 3632 95
Edge 228 3639 81
Edge 229 351 58
Edge 229 443 87
Edge 229 668 92
Edge 229 787 78
Edge 229 886 99
Edge 229 946 58
Edge 229 1027 88
Edge 229 1158 74
Edge 229 1280 96
Edge 229 1324 86
Edge 229 1459 70
Edge 229 1669 92
Edge 229 1672 83
Edge 229 1758 91
Edge 229 2242 74
Edge 229 2365 60
Edge 229 2701 81
Edge 229 2987 84
Edge 229 3042 71
Edge 229 3251 65
Edge 229 3299 87
Edge 229 3464 74
Edge 229 3525 51
Edge 230 252 89
Edge 230 445 62
Edge 230 683 78
Edge 230 689 79
Edge 230 719 90
Edge 230 824 80
Edge 230 976 90
Edge 230 988 76
Edge 230 1145 73
Edge 230 1343 83
Edge 230 1777 99
Edge 230 1980 67
Edge 230 1983 95
Edge 230 2140 74
Edge 230 2273 88
Edge 230 2283 77
Edge 230 2418 82
Edge 230 2434 69
Edge 230 2747 75
Edge 230 3071 93
Edge 230 3278 99
Edge 230 3284 79
Edge 230 3391 89
Edge 230 3398 73
Edge 230 3459 88
Edge 230 3633 88
Edge 231 337 77
Edge 231 458 86
Edge 231 509 54
Edge 231 520 80
Edge 231 593 80
Edge 231 705 82
Edge 231 803 96
Edge 231 806 67
Edge 231 816 89
Edge 231 883 76
Edge 231 925 95
Edge 231 977 64
Edge 231 1283 60
Edge 231 1330 74
Edge 231 1490 61
Edge 231 1507 86
Edge 231 1575 54
Edge 231 1978 63
Edge 231 2132 92
Edge 231 2139 97
Edge 231 2158 96
Edge 231 2537 96
Edge 231 2813 69
Edge 231 2904 69
Edge 231 2933 66
Edge 231 3071 64
Edge 232 257 97
Edge 232 264 51
Edge 232 463 56
Edge 232 486 90
Edge 232 531 74
Edge 232 545 75
Edge 232 576 67
Edge 232 614 72
Edge 232 674 80
Edge 232 797 56
Edge 232 993 53
Edge 232 1062 97
Edge 232 1364 92
Edge 232 1428 94
Edge 232 1590 67
Edge 232 1772 85
Edge 232 1787 65
Edge 232 2241 83
Edge 232 2249 94
Edge 232 2352 93
Edge 232 2369 66
Edge 232 2837 86
Edge 232 2926 53
Edge 232 3306 84
Edge 233 283 71
Edge 233 368 67
Edge 233 483 93
Edge 233 507 96
Edge 233 527 66
Edge 233 644 96
Edge 233 680 52
Edge 233 837 88
Edge 233 1042 50
Edge 233 1054 86
Edge 233 1215 76
Edge 233 1307 94
Edge 233 1329 65
Edge 233 1497 82
Edge 233 1516 96
Edge 233 1555 91
Edge 233 1706 62
Edge 233 1812 56
Edge 233 1914 54
Edge 233 2159 88
Edge 233 2469 74
Edge 233 2999 55
Edge 233 3051 63
Edge 233 3139 86
Edge 234 313 67
Edge 234 523 55
Edge 234 581 76
Edge 234 812 54
Edge 234 854 55
Edge 234 912 59
Edge 234 1015 75
Edge 234 1193 81
Edge 234 1252 98
Edge 234 1395 51
Edge 234 1584 71
Edge 234 1598 61
Edge 234 1610 69
Edge 234 1664 60
Edge 234 2048 59
Edge 234 2113 63
Edge 234 2263 56
Edge 234 2286 50
Edge 234 2307 71
Edge 234 2438 65
Edge 234 2551 99
Edge 234 2620 80
Edge 234 2650 85
Edge 234 2800 69
Edge 234 2879 66
Edge 234 3168 97
Edge 234 3609 61
Edge 235 243 94
Edge 235 526 91
Edge 235 566 86
Edge 235 574 83
Edge 235 752 81
Edge 235 852 56
Edge 235 867 71
Edge 235 962 83
Edge 235 1078 60
Edge 235 1095 62
Edge 235 1171 70
Edge 235 1357 52
Edge 235 1825 55
Edge 235 1886 58
Edge 235 1913 92
Edge 235 2088 88
Edge 235 2197 88
Edge 235 2263 56
Edge 235 2445 71
Edge 235 2581 96
Edge 235 2674 64
Edge 235 2795 67
Edge 235 2915 97
Edge 235 3475 97
Edge 235 3548 70
Edge 235 3560 72
Edge 236 361 68
Edge 236 472 61
Edge 236 585 79
Edge 236 675 76
Edge 236 679 55
Edge 236 774 62
Edge 236 867 97
Edge 236 965 98
Edge 236 1055 98
Edge 236 1062 78
Edge 236 1183 96
Edge 236 1380 52
Edge 236 1583 71
Edge 236 1649 52
Edge 236 1709 86
Edge 236 1725 88
Edge 236 1846 95
Edge 236 2403 64
Edge 236 2620 91
Edge 236 2684 90
Edge 236 2699 91
Edge 236 3028 97
Edge 236 3116 56
Edge 236 3179 52
Edge 236 3193 50
Edge 237 287 94
Edge 237 303 73
Edge 237 458 53
Edge 237 472 98
Edge 237 519 58
Edge 237 521 56
Edge 237 812 76
Edge 237 916 56
Edge 237 1018 69
Edge 237 1244 78
Edge 237 1293 98
Edge 237 1359 75
Edge 237 1446 57
Edge 237 1498 53
Edge 237 1761 82
Edge 237 1814 72
Edge 237 2078 63
Edge 237 2228 85
Edge 237 2235 69
Edge 237 2258 79
Edge 237 2276 96
Edge 237 2692 67
Edge 237 2934 62
Edge 237 2957 60
Edge 237 2973 87
Edge 237 3377 69
Edge 238 336 78
Edge 238 364 53
Edge 238 664 91
Edge 238 676 93
Edge 238 903 78
Edge 238 924 93
Edge 238 1060 65
Edge 238 1092 77
Edge 238 1101 69
Edge 238 1164 82
Edge 238 1167 93
Edge 238 1308 95
Edge 238 1325 63
Edge 238 1531 98
Edge 238 1717 81
Edge 238 1889 98
Edge 238 2077 62
Edge 238 2595 84
Edge 238 2789 80
Edge 238 2920 62
Edge 238 3044 76
Edge 238 3061 86
Edge 238 3128 64
Edge 238 3197 64
Edge 238 3556 85
Edge 239 562 63
Edge 239 714 76
Edge 239 727 80
Edge 239 793 58
Edge 239 963 65
Edge 239 1155 59
Edge 239 1323 79
Edge 239 1371 55
Edge 239 1580 97
Edge 239 2043 80
Edge 239 2288 63
Edge 239 2351 52
Edge 239 2472 96
Edge 239 2514 89
Edge 239 2530 57
Edge 239 2748 61
Edge 239 2827 95
Edge 239 3303 91
Edge 239 3352 69
Edge 239 3548 88
Edge 239 3553 80
Edge 239 3622 52
Edge 240 450 82
Edge 240 545 51
Edge 240 614 59
Edge 240 638 96
Edge 240 773 80
Edge 240 849 94
Edge 240 895 79
Edge 240 924 69
Edge 240 933 76
Edge 240 1021 88
Edge 240 1179 97
Edge 240 1452 99
Edge 240 1485 53
Edge 240 1704 69
Edge 240 1709 93
Edge 240 2023 64
Edge 240 2045 70
Edge 240 2069 51
Edge 240 2163 59
Edge 240 2241 67
Edge 240 2608 78
Edge 240 2898 65
Edge 240 3140 74
Edge 240 3198 85
Edge 240 3366 76
Edge 240 3642 99
Edge 240 3661 73
Edge 241 369 86
Edge 241 392 76
Edge 241 507 85
Edge 241 594 62
Edge 241 640 57
Edge 241 721 99
Edge 241 747 77
Edge 241 788 68
Edge 241 1411 95
Edge 241 1499 84
Edge 241 1540 89
Edge 241 1709 56
Edge 241 1858 73
Edge 241 2098 84
Edge 241 2113 90
Edge 241 2572 84
Edge 241 2762 53
Edge 241 2821 88
Edge 241 2895 67
Edge 241 2922 66
Edge 241 3009 90
Edge 241 3114 83
Edge 241 3631 98
Edge 242 369 98
Edge 242 370 71
Edge 242 409 75
Edge 242 422 74
Edge 242 484 71
Edge 242 1034 89
Edge 242 1115 54
Edge 242 1236 52
Edge 242 1270 67
Edge 242 1409 59
Edge 242 1637 59
Edge 242 1705 80
Edge 242 1810 50
Edge 242 1844 71
Edge 242 1855 62
Edge 242 2215 95
Edge 242 2235 93
Edge 242 2511 70
Edge 242 2547 68
Edge 242 2565 84
Edge 242 2720 77
Edge 242 2756 99
Edge 242 2908 92
Edge 242 3081 71
Edge 242 3603 88
Edge 243 267 91
Edge 243 381 97
Edge 243 551 89
Edge 243 608 61
Edge 243 949 94
Edge 243 1151 79
Edge 243 1244 88
Edge 243 1287 57
Edge 243 1450 69
Edge 243 1472 72
Edge 243 1776 73
Edge 243 2151 64
Edge 243 2233 96
Edge 243 2237 76
Edge 243 2262 82
Edge 243 2306 53
Edge 243 2497 95
Edge 243 2706 59
Edge 243 2745 98
Edge 243 2979 73
Edge 243 3076 89
Edge 243 3275 70
Edge 243 3289 62
Edge 243 3411 70
Edge 244 260 84
Edge 244 347 63
Edge 244 402 53
Edge 244 530 70
Edge 244 658 86
Edge 244 719 94
Edge 244 812 81
Edge 244 939 83
Edge 244 1266 83
Edge 244 1449 63
Edge 244 1460 90
Edge 244 1582 84
Edge 244 1651 95
Edge 244 1856 73
Edge 244 1863 77
Edge 244 2031 69
Edge 244 2243 73
Edge 244 2398 74
Edge 244 2487 60
Edge 244 3018 63
Edge 244 3124 75
Edge 244 3200 60
Edge 244 3604 56
Edge 245 256 84
Edge 245 266 66
Edge 245 300 63
Edge 245 518 71
Edge 245 759 75
Edge 245 835 62
Edge 245 917 52
Edge 245 925 94
Edge 245 1050 50
Edge 245 1078 55
Edge 245 1149 75
Edge 245 1171 62
Edge 245 1410 54
Edge 245 1480 93
Edge 245 1506 53
Edge 245 1581 77
Edge 245 1912 86
Edge 245 1971 86
Edge 245 2095 98
Edge 245 2385 51
Edge 245 2499 59
Edge 245 2833 63
Edge 245 2942 60
Edge 245 3608 63
Edge 245 3619 70
Edge 246 255 67
Edge 246 385 59
Edge 246 487 64
Edge 246 532 95
Edge 246 537 60
Edge 246 586 95
Edge 246 693 55
Edge 246 804 78
Edge 246 924 63
Edge 246 959 69
Edge 246 1136 80
Edge 246 1152 70
Edge 246 1387 76
Edge 246 1583 75
Edge 246 1742 66
Edge 246 1744 70
Edge 246 1980 90
Edge 246 2077 80
Edge 246 2339 87
Edge 246 2401 65
Edge 246 2567 50
Edge 246 3230 99
Edge 246 3354 88
Edge 246 3436 69
Edge 246 3455 76
Edge 247 711 72
Edge 247 721 94
Edge 247 812 73
Edge 247 824 52
Edge 247 859 76
Edge 247 1306 97
Edge 247 1359 96
Edge 247 1370 84
Edge 247 1383 81
Edge 247 1463 66
Edge 247 1973 51
Edge 247 2058 85
Edge 247 2176 65
Edge 247 2209 78
Edge 247 2573 85
Edge 247 2670 98
Edge 247 2881 62
Edge 247 2924 87
Edge 247 3038 96
Edge 247 3044 88
Edge 247 3242 88
Edge 247 3373 71
Edge 247 3496 98
Edge 248 255 86
Edge 248 355 86
Edge 248 390 60
Edge 248 477 93
Edge 248 601 86
Edge 248 638 55
Edge 248 680 53
Edge 248 690 64
Edge 248 692 52
Edge 248 772 98
Edge 248 828 72
Edge 248 857 70
Edge 248 911 86
Edge 248 1005 91
Edge 248 1181 84
Edge 248 1213 54
Edge 248 1240 90
Edge 248 1574 56
Edge 248 2099 94
Edge 248 2279 82
Edge 248 2363 81
Edge 248 2536 92
Edge 248 2539 66
Edge 248 3164 69
Edge 248 3591 84
Edge 249 355 83
Edge 249 546 81
Edge 249 631 52
Edge 249 737 95
Edge 249 758 51
Edge 249 1005 78
Edge 249 1064 88
Edge 249 1201 70
Edge 249 1277 51
Edge 249 1344 55
Edge 249 1642 76
Edge 249 1761 99
Edge 249 2241 90
Edge 249 2400 87
Edge 249 2773 87
Edge 249 3009 70
Edge 249 3143 68
Edge 249 3198 84
Edge 249 3452 93
Edge 250 323 54
Edge 250 335 97
Edge 250 354 50
Edge 250 413 79
Edge 250 456 62
Edge 250 469 65
Edge 250 604 60
Edge 250 654 77
Edge 250 819 62
Edge 250 905 79
Edge 250 925 84
Edge 250 942 59
Edge 250 1191 99
Edge 250 1316 95
Edge 250 1401 63
Edge 250 1437 74
Edge 250 1665 88
Edge 250 2191 89
Edge 250 2203 54
Edge 250 2352 78
Edge 250 2466 73
Edge 250 2512 92
Edge 250 2520 93
Edge 250 2591 86
Edge 250 2681 80
Edge 251 263 86
Edge 251 302 79
Edge 251 646 62
Edge 251 726 57
Edge 251 796 57
Edge 251 929 97
Edge 251 1262 58
Edge 251 1454 78
Edge 251 1595 86
Edge 251 1624 92
Edge 251 1642 84
Edge 251 1748 70
Edge 251 1843 97
Edge 251 1945 74
Edge 251 2053 54
Edge 251 2070 65
Edge 251 2085 65
Edge 251 2308 86
Edge 251 2455 71
Edge 251 2542 50
Edge 251 2581 94
Edge 251 2836 73
Edge 251 3378 59
Edge 251 3427 50
Edge 251 3575 97
Edge 252 317 58
Edge 252 320 89
Edge 252 321 57
Edge 252 357 53
Edge 252 533 60
Edge 252 759 80
Edge 252 834 56
Edge 252 943 85
Edge 252 1026 85
Edge 252 1149 80
Edge 252 1649 76
Edge 252 1785 95
Edge 252 1936 53
Edge 252 2030 91
Edge 252 2197 61
Edge 252 2211 84
Edge 252 2415 69
Edge 252 2449 61
Edge 252 2466 96
Edge 252 2544 74
Edge 252 2662 87
Edge 252 3002 65
Edge 252 3032 83
Edge 253 612 90
Edge 253 1048 54
Edge 253 1310 86
Edge 253 1352 91
Edge 253 1381 89
Edge 253 1398 97
Edge 253 1485 58
Edge 253 1504 60
Edge 253 1552 84
Edge 253 1638 83
Edge 253 1653 90
Edge 253 1855 63
Edge 253 1965 97
Edge 253 2192 53
Edge 253 2471 90
Edge 253 2509 94
Edge 253 2614 60
Edge 253 2892 80
Edge 253 3082 96
Edge 253 3201 76
Edge 253 3346 90
Edge 253 3545 55
Edge 253 3602 84
Edge 254 361 52
Edge 254 469 82
Edge 254 488 67
Edge 254 622 77
Edge 254 664 93
Edge 254 681 70
Edge 254 757 86
Edge 254 1000 62
Edge 254 1086 77
Edge 254 1131 78
Edge 254 1191 81
Edge 254 1244 52
Edge 254 1296 81
Edge 254 1585 76
Edge 254 1909 64
Edge 254 1917 56
Edge 254 1994 87
Edge 254 2217 74
Edge 254 2311 61
Edge 254 2325 76
Edge 254 2566 61
Edge 254 2600 62
Edge 254 2743 93
Edge 254 2962 94
Edge 254 3278 72
Edge 254 3315 84
Edge 255 321 72
Edge 255 358 81
Edge 255 520 99
Edge 255 621 66
Edge 255 800 79
Edge 255 962 73
Edge 255 973 53
Edge 255 1043 61
Edge 255 1327 73
Edge 255 1377 51
Edge 255 1408 62
Edge 255 1417 75
Edge 255 1436 54
Edge 255 1821 57
Edge 255 1918 57
Edge 255 2009 85
Edge 255 2302 55
Edge 255 2524 94
Edge 255 2589 74
Edge 255 2815 71
Edge 255 3088 51
Edge 255 3282 94
Edge 255 3332 72
Edge 255 3657 98
Edge 256 275 86
Edge 256 467 94
Edge 256 493 87
Edge 256 613 81
Edge 256 681 85
Edge 256 688 56
Edge 256 704 89
Edge 256 768 93
Edge 256 813 66
Edge 256 835 56
Edge 256 999 79
Edge 256 1128 67
Edge 256 1247 68
Edge 256 1465 83
Edge 256 1640 87
Edge 256 1651 58
Edge 256 1946 50
Edge 256 2032 59
Edge 256 2304 96
Edge 256 2446 74
Edge 256 2587 67
Edge 256 2623 84
Edge 256 2763 96
Edge 256 3004 76
Edge 256 3228 54
Edge 257 274 98
Edge 257 297 74
Edge 257 392 69
Edge 257 552 98
Edge 257 665 72
Edge 257 724 86
Edge 257 966 78
Edge 257 1218 61
Edge 257 1631 82
Edge 257 1836 89
Edge 257 1890 73
Edge 257 2116 75
Edge 257 2179 72
Edge 257 2305 55
Edge 257 2466 52
Edge 257 2467 92
Edge 257 2752 98
Edge 257 2773 67
Edge 257 2818 55
Edge 257 2834 83
Edge 257 2975 73
Edge 257 3137 74
Edge 257 3272 78
Edge 257 3496 64
Edge 257 3548 59
Edge 258 594 69
Edge 258 617 52
Edge 258 726 69
Edge 258 843 51
Edge 258 882 89
Edge 258 933 71
Edge 258 951 60
Edge 258 1244 60
Edge 258 1273 52
Edge 258 1305 96
Edge 258 1323 97
Edge 258 1332 79
Edge 258 1345 56
Edge 258 1431 89
Edge 258 1465 68
Edge 258 1489 52
Edge 258 1574 72
Edge 258 1921 88
Edge 258 2004 73
Edge 258 2491 50
Edge 258 2581 99
Edge 258 2838 86
Edge 258 3291 83
Edge 258 3337 55
Edge 258 3442 87
Edge 259 424 78
Edge 259 435 62
Edge 259 499 98
Edge 259 577 57
Edge 259 776 83
Edge 259 826 85
Edge 259 996 83
Edge 259 1032 80
Edge 259 1119 54
Edge 259 1140 97
Edge 259 1168 95
Edge 259 1562 59
Edge 259 1574 67
Edge 259 1654 71
Edge 259 1691 64
Edge 259 2034 94
Edge 259 2229 65
Edge 259 2291 50
Edge 259 2303 82
Edge 259 2448 86
Edge 259 2642 94
Edge 259 3048 55
Edge 259 3052 56
Edge 259 3091 67
Edge 259 3390 63
Edge 259 3498 96
Edge 260 296 57
Edge 260 305 72
Edge 260 348 99
Edge 260 563 64
Edge 260 834 86
Edge 260 1106 79
Edge 260 1376 60
Edge 260 1408 82
Edge 260 1509 91
Edge 260 1618 78
Edge 260 1676 72
Edge 260 1922 84
Edge 260 2078 86
Edge 260 2186 80
Edge 260 2262 61
Edge 260 2334 56
Edge 260 2388 98
Edge 260 2439 84
Edge 260 2441 60
Edge 260 2591 81
Edge 260 2660 78
Edge 260 3081 68
Edge 260 3250 89
Edge 261 284 67
Edge 261 356 90
Edge 261 519 78
Edge 261 594 90
Edge 261 808 55
Edge 261 876 52
Edge 261 1004 81
Edge 261 1167 70
Edge 261 1206 56
Edge 261 1543 59
Edge 261 1644 94
Edge 261 1682 89
Edge 261 1760 55
Edge 261 1789 79
Edge 261 2099 78
Edge 261 2113 58
Edge 261 2145 70
Edge 261 2229 58
Edge 261 2241 70
Edge 261 2307 59
Edge 261 2318 87
Edge 261 2909 87
Edge 261 3097 50
Edge 261 3098 75
Edge 261 3167 90
Edge 261 3379 96
Edge 262 316 82
Edge 262 596 97
Edge 262 683 96
Edge 262 711 85
Edge 262 846 50
Edge 262 863 77
Edge 262 911 68
Edge 262 1019 55
Edge 262 1044 92
Edge 262 1077 86
Edge 262 1115 61
Edge 262 1149 56
Edge 262 1289 84
Edge 262 1397 83
Edge 262 1535 63
Edge 262 1691 59
Edge 262 1780 64
Edge 262 1788 63
Edge 262 1936 77
Edge 262 1964 86
Edge 262 1966 73
Edge 262 2255 59
Edge 262 2317 94
Edge 262 2461 90
Edge 262 2562 55
Edge 262 3225 67
Edge 263 265 56
Edge 263 383 53
Edge 263 846 85
Edge 263 919 80
Edge 263 1102 89
Edge 263 1249 56
Edge 263 1278 96
Edge 263 1374 90
Edge 263 1397 72
Edge 263 1578 81
Edge 263 1693 93
Edge 263 2052 89
Edge 263 2188 99
Edge 263 2305 86
Edge 263 2325 73
Edge 263 2330 70
Edge 263 2463 57
Edge 263 2505 58
Edge 263 2580 83
Edge 263 2677 89
Edge 263 2863 85
Edge 263 2925 68
Edge 263 3014 79
Edge 263 3081 64
Edge 263 3204 56
Edge 263 3218 73
Edge 264 322 72
Edge 264 349 75
Edge 264 567 91
Edge 264 570 50
Edge 264 806 82
Edge 264 877 65
Edge 264 896 54
Edge 264 953 52
Edge 264 1156 57
Edge 264 1173 75
Edge 264 1208 60
Edge 264 1215 76
Edge 264 1361 77
Edge 264 1776 80
Edge 264 1797 95
Edge 264 1798 81
Edge 264 1929 50
Edge 264 2743 77
Edge 264 3100 78
Edge 264 3212 98
Edge 264 3332 61
Edge 264 3442 68
Edge 264 3505 96
Edge 265 270 90
Edge 265 280 99
Edge 265 315 70
Edge 265 380 93
Edge 265 610 83
Edge 265 627 79
Edge 265 790 79
Edge 265 948 76
Edge 265 957 77
Edge 265 1082 97
Edge 265 1167 57
Edge 265 1326 68
Edge 265 1570 61
Edge 265 1771 79
Edge 265 1835 88
Edge 265 1987 81
Edge 265 2249 72
Edge 265 2342 62
Edge 265 2517 54
Edge 265 2544 50
Edge 265 2584 54
Edge 265 2688 58
Edge 265 2971 88
Edge 265 3343 67
Edge 265 3355 62
Edge 266 341 86
Edge 266 398 73
Edge 266 617 77
Edge 266 626 67
Edge 266 709 53
Edge 266 765 95
Edge 266 768 73
Edge 266 789 77
Edge 266 926 60
Edge 266 1463 89
Edge 266 1555 52
Edge 266 1630 96
Edge 266 1834 98
Edge 266 1860 82
Edge 266 1889 88
Edge 266 2034 67
Edge 266 2060 59
Edge 266 2229 65
Edge 266 2451 69
Edge 266 2546 82
Edge 266 2971 94
Edge 266 3077 98
Edge 266 3160 88
Edge 266 3632 60
Edge 267 307 72
Edge 267 381 73
Edge 267 386 78
Edge 267 444 72
Edge 267 612 50
Edge 267 616 87
Edge 267 652 58
Edge 267 755 79
Edge 267 780 70
Edge 267 1168 70
Edge 267 1372 88
Edge 267 1389 81
Edge 267 1603 89
Edge 267 1692 81
Edge 267 1945 80
Edge 267 2126 64
Edge 267 2391 90
Edge 267 2783 54
Edge 267 2812 96
Edge 267 2848 66
Edge 267 3318 59
Edge 268 282 81
Edge 268 301 97
Edge 268 541 83
Edge 268 625 52
Edge 268 684 76
Edge 268 749 85
Edge 268 840 68
Edge 268 904 92
Edge 268 1236 95
Edge 268 1306 90
Edge 268 1316 86
Edge 268 1573 69
Edge 268 1671 78
Edge 268 1760 63
Edge 268 1775 88
Edge 268 1784 97
Edge 268 1823 64
Edge 268 1940 80
Edge 268 2288 53
Edge 268 2490 68
Edge 268 2573 65
Edge 268 2788 98
Edge 268 2998 76
Edge 268 3168 50
Edge 268 3208 95
Edge 268 3269 62
Edge 269 394 96
Edge 269 445 74
Edge 269 635 65
Edge 269 841 93
Edge 269 946 65
Edge 269 1141 75
Edge 269 1270 54
Edge 269 1286 85
Edge 269 1322 64
Edge 269 1380 86
Edge 269 1493 97
Edge 269 1599 92
Edge 269 1635 69
Edge 269 1782 54
Edge 269 1934 55
Edge 269 1946 88
Edge 269 2018 92
Edge 269 2220 50
Edge 269 2366 87
Edge 269 2457 85
Edge 269 2874 91
Edge 269 2924 89
Edge 269 3542 55
Edge 270 287 78
Edge 270 296 98
Edge 270 535 86
Edge 270 616 75
Edge 270 688 64
Edge 270 749 97
Edge 270 825 68
Edge 270 1133 87
Edge 270 1515 86
Edge 270 1651 67
Edge 270 1879 79
Edge 270 2414 57
Edge 270 2824 82
Edge 270 2955 67
Edge 270 3278 86
Edge 270 3378 60
Edge 270 3379 99
Edge 270 3430 55
Edge 270 3516 71
Edge 270 3614 66
Edge 271 346 98
Edge 271 387 85
Edge 271 711 80
Edge 271 924 86
Edge 271 1017 54
Edge 271 1026 61
Edge 271 1033 79
Edge 271 1357 54
Edge 271 1735 54
Edge 271 1981 54
Edge 271 2056 59
Edge 271 2119 99
Edge 271 2310 94
Edge 271 2337 86
Edge 271 2348 60
Edge 271 2476 77
Edge 271 2865 54
Edge 271 2919 50
Edge 271 3060 92
Edge 271 3190 94
Edge 271 3206 60
Edge 271 3399 99
Edge 271 3613 64
Edge 272 273 68
Edge 272 547 86
Edge 272 737 79
Edge 272 816 75
Edge 272 833 58
Edge 272 919 88
Edge 272 950 60
Edge 272 976 56
Edge 272 1100 91
Edge 272 1107 84
Edge 272 1167 73
Edge 272 1251 72
Edge 272 1438 95
Edge 272 1462 65
Edge 272 1609 56
Edge 272 1786 75
Edge 272 1905 96
Edge 272 2022 50
Edge 272 2031 50
Edge 272 2102 80
Edge 272 3052 70
Edge 273 457 99
Edge 273 459 58
Edge 273 596 85
Edge 273 622 53
Edge 273 635 71
Edge 273 698 73
Edge 273 1057 87
Edge 273 1086 93
Edge 273 1141 83
Edge 273 1353 94
Edge 273 1598 83
Edge 273 1679 58
Edge 273 1901 96
Edge 273 1974 55
Edge 273 1997 86
Edge 273 2249 55
Edge 273 2509 59
Edge 273 2552 98
Edge 273 2898 94
Edge 273 3007 52
Edge 273 3159 71
Edge 273 3307 86
Edge 273 3478 63
Edge 273 3505 89
Edge 274 471 91
Edge 274 521 84
Edge 274 524 67
Edge 274 541 61
Edge 274 597 56
Edge 274 695 64
Edge 274 855 85
Edge 274 893 65
Edge 274 956 62
Edge 274 1240 81
Edge 274 1388 50
Edge 274 1446 88
Edge 274 1612 95
Edge 274 1866 50
Edge 274 2096 76
Edge 274 2337 90
Edge 274 2382 75
Edge 274 2415 69
Edge 274 2505 66
Edge 274 2561 84
Edge 274 2866 55
Edge 274 2943 94
Edge 274 3019 80
Edge 274 3146 59
Edge 274 3556 88
Edge 275 281 57
Edge 275 507 83
Edge 275 572 96
Edge 275 588 71
Edge 275 812 56
Edge 275 820 91
Edge 275 990 88
Edge 275 1060 91
Edge 275 1125 83
Edge 275 1232 90
Edge 275 1450 86
Edge 275 1536 66
Edge 275 1663 75
Edge 275 1881 93
Edge 275 1967 62
Edge 275 2117 89
Edge 275 2410 55
Edge 275 2504 93
Edge 275 2594 86
Edge 275 2615 50
Edge 275 2786 51
Edge 275 2877 99
Edge 275 3203 61
Edge 275 3278 72
Edge 275 3390 88
Edge 276 305 85
Edge 276 411 83
Edge 276 618 64
Edge 276 622 85
Edge 276 690 85
Edge 276 754 72
Edge 276 791 98
Edge 276 808 83
Edge 276 963 50
Edge 276 993 73
Edge 276 1200 92
Edge 276 1242 68
Edge 276 1411 73
Edge 276 1501 77
Edge 276 1549 86
Edge 276 1752 72
Edge 276 1770 99
Edge 276 1932 62
Edge 276 2008 69
Edge 276 2436 88
Edge 276 2456 50
Edge 276 2533 59
Edge 276 2907 78
Edge 276 3285 87
Edge 276 3650 84
Edge 277 434 95
Edge 277 459 78
Edge 277 512 89
Edge 277 749 67
Edge 277 778 56
Edge 277 844 77
Edge 277 929 92
Edge 277 1254 82
Edge 277 1258 77
Edge 277 1499 89
Edge 277 1628 75
Edge 277 2013 91
Edge 277 2062 66
Edge 277 2149 90
Edge 277 2180 62
Edge 277 2220 96
Edge 277 2425 92
Edge 277 2554 50
Edge 277 2667 69
Edge 277 3026 52
Edge 277 3279 80
Edge 277 3315 80
Edge 277 3348 54
Edge 277 3355 65
Edge 277 3380 53
Edge 278 488 71
Edge 278 595 68
Edge 278 729 76
Edge 278 821 75
Edge 278 1123 92
Edge 278 1174 88
Edge 278 1178 79
Edge 278 1311 72
Edge 278 1360 99
Edge 278 1488 97
Edge 278 1653 91
Edge 278 1695 98
Edge 278 1834 58
Edge 278 1976 60
Edge 278 2066 97
Edge 278 2103 88
Edge 278 2211 97
Edge 278 2365 65
Edge 278 2418 63
Edge 278 2653 70
Edge 278 2747 74
Edge 278 3333 73
Edge 278 3421 95
Edge 278 3527 79
Edge 279 405 77
Edge 279 546 53
Edge 279 684 79
Edge 279 920 59
Edge 279 1062 93
Edge 279 1125 53
Edge 279 1292 76
Edge 279 1412 89
Edge 279 1510 88
Edge 279 1557 98
Edge 279 1566 68
Edge 279 1637 64
Edge 279 1646 62
Edge 279 1781 74
Edge 279 1969 94
Edge 279 2375 93
Edge 279 2547 68
Edge 279 2603 96
Edge 279 2830 51
Edge 279 3036 54
Edge 279 3047 50
Edge 279 3185 68
Edge 279 3194 84
Edge 279 3495 85
Edge 279 3515 70
Edge 279 3538 63
Edge 280 415 54
Edge 280 863 81
Edge 280 934 68
Edge 280 959 50
Edge 280 1098 58
Edge 280 1122 75
Edge 280 1351 63
Edge 280 1355 77
Edge 280 1359 74
Edge 280 1803 54
Edge 280 2012 73
Edge 280 2014 63
Edge 280 2031 64
Edge 280 2476 78
Edge 280 2477 59
Edge 280 2481 51
Edge 280 2570 67
Edge 280 2721 98
Edge 280 2849 59
Edge 280 2953 72
Edge 280 2964 77
Edge 280 3184 99
Edge 280 3239 74
Edge 280 3489 56
Edge 280 3556 58
Edge 281 365 70
Edge 281 663 50
Edge 281 692 60
Edge 281 940 53
Edge 281 1136 93
Edge 281 1183 76
Edge 281 1480 86
Edge 281 1736 71
Edge 281 1877 83
Edge 281 1951 52
Edge 281 1998 80
Edge 281 2136 97
Edge 281 2212 95
Edge 281 2402 73
Edge 281 2424 85
Edge 281 2740 89
Edge 281 2767 91
Edge 281 2769 57
Edge 281 2802 78
Edge 281 2875 50
Edge 281 3176 77
Edge 281 3482 51
Edge 281 3640 71
Edge 282 685 81
Edge 282 754 82
Edge 282 866 65
Edge 282 913 70
Edge 282 1136 51
Edge 282 1201 62
Edge 282 1287 56
Edge 282 1402 92
Edge 282 1456 77
Edge 282 1469 56
Edge 282 1477 60
Edge 282 1578 67
Edge 282 1679 56
Edge 282 1792 67
Edge 282 2239 64
Edge 282 2495 60
Edge 282 2551 66
Edge 282 2630 73
Edge 282 2892 83
Edge 282 3000 63
Edge 282 3380 83
Edge 282 3415 90
Edge 282 3456 99
Edge 282 3500 50
Edge 283 326 89
Edge 283 489 50
Edge 283 513 93
Edge 283 720 81
Edge 283 757 54
Edge 283 793 73
Edge 283 897 68
Edge 283 924 75
Edge 283 1002 67
Edge 283 1190 95
Edge 283 1669 83
Edge 283 1695 57
Edge 283 2074 65
Edge 283 2096 97
Edge 283 2192 51
Edge 283 2238 61
Edge 283 2333 80
Edge 283 2381 90
Edge 283 2510 65
Edge 283 2517 82
Edge 283 2930 79
Edge 283 3268 63
Edge 283 3387 92
Edge 283 3420 82
Edge 283 3658 88
Edge 284 347 79
Edge 284 370 86
Edge 284 372 76
Edge 284 435 63
Edge 284 498 61
Edge 284 542 86
Edge 284 576 96
Edge 284 884 57
Edge 284 1269 66
Edge 284 1381 81
Edge 284 1475 68
Edge 284 1590 82
Edge 284 1965 58
Edge 284 1978 65
Edge 284 2045 67
Edge 284 2055 60
Edge 284 2110 93
Edge 284 2321 99
Edge 284 2391 93
Edge 284 2462 57
Edge 284 2573 78
Edge 284 2640 83
Edge 284 3376 67
Edge 284 3380 57
Edge 284 3558 89
Edge 284 3609 67
Edge 285 365 84
Edge 285 464 77
Edge 285 503 67
Edge 285 613 92
Edge 285 630 88
Edge 285 698 50
Edge 285 730 82
Edge 285 834 98
Edge 285 947 57
Edge 285 965 73
Edge 285 1061 89
Edge 285 1154 70
Edge 285 1409 65
Edge 285 1624 74
Edge 285 1881 58
Edge 285 2095 96
Edge 285 2491 53
Edge 285 2746 66
Edge 285 2807 82
Edge 285 3156 88
Edge 285 3271 74
Edge 285 3381 67
Edge 285 3534 72
Edge 285 3592 91
Edge 286 384 70
Edge 286 423 83
Edge 286 434 54
Edge 286 585 76
Edge 286 780 92
Edge 286 1058 72
Edge 286 1059 61
Edge 286 1060 60
Edge 286 1079 82
Edge 286 1164 86
Edge 286 1534 85
Edge 286 1651 76
Edge 286 1652 84
Edge 286 1830 90
Edge 286 1854 87
Edge 286 2045 67
Edge 286 2356 70
Edge 286 2549 64
Edge 286 2624 53
Edge 286 2639 65
Edge 286 2739 83
Edge 286 2874 90
Edge 286 3264 79
Edge 286 3514 76
Edge 286 3545 58
Edge 286 3633 73
Edge 287 312 61
Edge 287 322 85
Edge 287 331 65
Edge 287 401 79
Edge 287 511 75
Edge 287 548 75
Edge 287 694 99
Edge 287 852 76
Edge 287 895 92
Edge 287 986 54
Edge 287 1007 70
Edge 287 1050 70
Edge 287 1112 89
Edge 287 1130 76
Edge 287 1131 59
Edge 287 1702 96
Edge 287 1839 90
Edge 287 1958 89
Edge 287 2191 93
Edge 287 2323 73
Edge 287 2670 75
Edge 287 3287 88
Edge 287 3457 68
Edge 288 334 55
Edge 288 462 87
Edge 288 545 69
Edge 288 648 53
Edge 288 676 57
Edge 288 738 85
Edge 288 1089 84
Edge 288 1177 97
Edge 288 1180 50
Edge 288 1441 59
Edge 288 1731 70
Edge 288 1802 81
Edge 288 1888 96
Edge 288 1968 86
Edge 288 1977 58
Edge 288 2173 92
Edge 288 2236 91
Edge 288 2249 78
Edge 288 2469 76
Edge 288 2483 50
Edge 288 2628 72
Edge 288 2740 99
Edge 288 2759 99
Edge 288 2912 71
Edge 288 3540 54
Edge 288 3614 92
Edge 289 442 60
Edge 289 536 77
Edge 289 611 68
Edge 289 743 51
Edge 289 850 57
Edge 289 861 79
Edge 289 880 68
Edge 289 1189 69
Edge 289 1511 70
Edge 289 1561 57
Edge 289 1613 96
Edge 289 1723 79
Edge 289 1804 96
Edge 289 1914 91
Edge 289 1929 69
Edge 289 2022 70
Edge 289 2098 87
Edge 289 2166 95
Edge 289 2360 63
Edge 289 2599 81
Edge 289 2924 50
Edge 289 3203 60
Edge 289 3493 60
Edge 290 335 81
Edge 290 474 51
Edge 290 548 51
Edge 290 630 80
Edge 290 700 63
Edge 290 796 96
Edge 290 1097 55
Edge 290 1190 70
Edge 290 1283 91
Edge 290 1312 61
Edge 290 1410 71
Edge 290 1589 58
Edge 290 1723 54
Edge 290 2037 81
Edge 290 2280 87
Edge 290 2451 76
Edge 290 2464 62
Edge 290 2484 76
Edge 290 2754 73
Edge 290 2994 95
Edge 290 3178 76
Edge 290 3200 75
Edge 290 3424 76
Edge 291 518 76
Edge 291 558 75
Edge 291 587 51
Edge 291 782 72
Edge 291 888 87
Edge 291 927 51
Edge 291 930 66
Edge 291 1061 56
Edge 291 1326 52
Edge 291 1546 86
Edge 291 1558 65
Edge 291 1649 75
Edge 291 1893 79
Edge 291 2113 73
Edge 291 2151 81
Edge 291 2177 83
Edge 291 2268 90
Edge 291 2349 62
Edge 291 2421 59
Edge 291 2649 95
Edge 291 2925 62
Edge 291 2951 50
Edge 291 3122 86
Edge 291 3319 78
Edge 291 3525 98
Edge 291 3657 79
Edge 292 354 58
Edge 292 429 85
Edge 292 614 60
Edge 292 727 83
Edge 292 1192 79
Edge 292 1240 82
Edge 292 1454 89
Edge 292 1479 68
Edge 292 1505 61
Edge 292 1511 75
Edge 292 1668 84
Edge 292 1683 85
Edge 292 1789 65
Edge 292 1998 52
Edge 292 2137 70
Edge 292 2290 82
Edge 292 2425 80
Edge 292 2537 76
Edge 292 2745 50
Edge 292 2840 89
Edge 292 2956 93
Edge 292 3145 91
Edge 292 3397 57
Edge 292 3424 63
Edge 292 3456 79
Edge 292 3623 92
Edge 293 513 51
Edge 293 542 71
Edge 293 655 83
Edge 293 705 57
Edge 293 744 91
Edge 293 926 75
Edge 293 1045 93
Edge 293 1074 54
Edge 293 1288 73
Edge 293 1505 86
Edge 293 1715 57
Edge 293 1727 67
Edge 293 1892 99
Edge 293 2056 81
Edge 293 2059 94
Edge 293 2403 77
Edge 293 2426 90
Edge 293 2468 77
Edge 293 2490 61
Edge 293 2540 81
Edge 293 2844 85
Edge 293 2916 62
Edge 293 2960 95
Edge 293 3070 71
Edge 293 3552 95
Edge 294 310 63
Edge 294 547 50
Edge 294 560 56
Edge 294 849 79
Edge 294 891 78
Edge 294 935 78
Edge 294 1075 99
Edge 294 1111 78
Edge 294 1112 65
Edge 294 1280 74
Edge 294 1524 92
Edge 294 1793 88
Edge 294 1890 82
Edge 294 1904 67
Edge 294 2315 88
Edge 294 2427 71
Edge 294 2494 78
Edge 294 2706 68
Edge 294 2788 69
Edge 294 3110 72
Edge 294 3151 57
Edge 294 3172 72
Edge 294 3487 70
Edge 294 3646 86
Edge 295 629 89
Edge 295 790 96
Edge 295 965 95
Edge 295 1052 93
Edge 295 1227 79
Edge 295 1459 92
Edge 295 1484 61
Edge 295 1555 69
Edge 295 1602 69
Edge 295 1692 97
Edge 295 1786 80
Edge 295 1885 98
Edge 295 1893 90
Edge 295 2112 96
Edge 295 2223 69
Edge 295 2321 89
Edge 295 2409 52
Edge 295 2506 64
Edge 295 2694 90
Edge 295 2826 53
Edge 295 2905 63
Edge 295 2935 96
Edge 295 3093 78
Edge 295 3275 55
Edge 296 340 80
Edge 296 644 88
Edge 296 657 56
Edge 296 807 70
Edge 296 981 70
Edge 296 1475 53
Edge 296 1519 61
Edge 296 1535 90
Edge 296 1714 82
Edge 296 1743 67
Edge 296 1840 90
Edge 296 1878 67
Edge 296 1951 83
Edge 296 1964 95
Edge 296 2061 58
Edge 296 2098 95
Edge 296 2305 58
Edge 296 2334 69
Edge 296 2345 74
Edge 296 2400 99
Edge 296 2411 70
Edge 296 2720 78
Edge 296 2863 80
Edge 296 2966 56
Edge 297 667 95
Edge 297 724 77
Edge 297 892 73
Edge 297 906 89
Edge 297 969 55
Edge 297 1047 99
Edge 297 1133 54
Edge 297 1457 80
Edge 297 1480 70
Edge 297 1532 89
Edge 297 1747 95
Edge 297 1896 50
Edge 297 1945 79
Edge 297 1975 58
Edge 297 2073 59
Edge 297 2184 64
Edge 297 2186 73
Edge 297 2400 59
Edge 297 2455 90
Edge 297 2594 55
Edge 297 2667 70
Edge 297 2827 60
Edge 297 2872 74
Edge 297 2964 95
Edge 298 330 75
Edge 298 384 85
Edge 298 406 59
Edge 298 592 67
Edge 298 933 80
Edge 298 997 97
Edge 298 1150 89
Edge 298 1265 98
Edge 298 1341 53
Edge 298 1483 73
Edge 298 1569 90
Edge 298 1606 80
Edge 298 2027 56
Edge 298 2162 96
Edge 298 2228 72
Edge 298 2264 82
Edge 298 2273 57
Edge 298 2322 67
Edge 298 2537 60
Edge 298 2727 65
Edge 298 2749 53
Edge 298 2798 75
Edge 298 2801 59
Edge 298 2824 66
Edge 298 2995 75
Edge 298 3034 97
Edge 298 3588 94
Edge 299 380 75
Edge 299 550 56
Edge 299 605 51
Edge 299 759 68
Edge 299 837 98
Edge 299 948 80
Edge 299 1054 60
Edge 299 1078 82
Edge 299 1170 63
Edge 299 1334 91
Edge 299 1404 64
Edge 299 1546 97
Edge 299 1677 69
Edge 299 1748 51
Edge 299 2101 74
Edge 299 2107 91
Edge 299 2282 86
Edge 299 2747 67
Edge 299 2766 83
Edge 299 2841 54
Edge 299 2861 85
Edge 299 2952 98
Edge 299 3155 66
Edge 299 3577 77
Edge 299 3610 71
Edge 300 498 99
Edge 300 607 66
Edge 300 629 80
Edge 300 753 88
Edge 300 886 81
Edge 300 902 63
Edge 300 1053 78
Edge 300 1111 71
Edge 300 1537 57
Edge 300 1555 75
Edge 300 1557 79
Edge 300 1667 88
Edge 300 1828 75
Edge 300 1923 61
Edge 300 2010 63
Edge 300 2422 65
Edge 300 2516 82
Edge 300 2936 71
Edge 300 2975 65
Edge 300 3116 57
Edge 300 3174 56
Edge 300 3492 81
Edge 300 3579 70
Edge 300 3650 65
Edge 301 523 70
Edge 301 576 62
Edge 301 660 92
Edge 301 732 62
Edge 301 773 75
Edge 301 1026 51
Edge 301 1085 55
Edge 301 1199 98
Edge 301 1212 89
Edge 301 1221 57
Edge 301 1279 95
Edge 301 1306 73
Edge 301 1474 76
Edge 301 1489 76
Edge 301 1610 58
Edge 301 1797 81
Edge 301 1900 98
Edge 301 2020 55
Edge 301 2132 66
Edge 301 2449 84
Edge 301 2498 62
Edge 301 2738 82
Edge 301 2750 74
Edge 301 3212 74
Edge 301 3297 52
Edge 301 3621 72
Edge 302 313 82
Edge 302 388 60
Edge 302 445 90
Edge 302 548 68
Edge 302 736 71
Edge 302 740 56
Edge 302 761 82
Edge 302 1013 80
Edge 302 1177 78
Edge 302 1195 56
Edge 302 1371 87
Edge 302 1434 75
Edge 302 1523 73
Edge 302 1623 78
Edge 302 1896 64
Edge 302 1961 88
Edge 302 2012 86
Edge 302 2031 93
Edge 302 2575 98
Edge 302 2586 85
Edge 302 2749 82
Edge 302 2758 77
Edge 302 3034 91
Edge 302 3528 56
Edge 302 3603 75
Edge 303 357 87
Edge 303 508 66
Edge 303 728 90
Edge 303 806 83
Edge 303 844 90
Edge 303 887 77
Edge 303 904 66
Edge 303 959 89
Edge 303 1117 94
Edge 303 1147 50
Edge 303 1455 96
Edge 303 1632 66
Edge 303 1648 63
Edge 303 1812 90
Edge 303 1819 89
Edge 303 2043 58
Edge 303 2110 94
Edge 303 2286 98
Edge 303 2433 86
Edge 303 2466 54
Edge 303 3167 99
Edge 303 3309 76
Edge 303 3403 70
Edge 304 366 90
Edge 304 506 58
Edge 304 583 52
Edge 304 717 97
Edge 304 956 58
Edge 304 1124 95
Edge 304 1191 86
Edge 304 1259 97
Edge 304 1306 75
Edge 304 1396 79
Edge 304 1685 86
Edge 304 1734 59
Edge 304 2162 56
Edge 304 2382 61
Edge 304 2584 74
Edge 304 2618 51
Edge 304 2872 93
Edge 304 2986 84
Edge 304 3172 65
Edge 304 3296 52
Edge 304 3354 77
Edge 304 3384 90
Edge 304 3605 52
Edge 305 344 61
Edge 305 396 74
Edge 305 405 74
Edge 305 446 74
Edge 305 1116 74
Edge 305 1247 92
Edge 305 1410 57
Edge 305 1423 87
Edge 305 1548 87
Edge 305 1841 62
Edge 305 2170 89
Edge 305 2198 54
Edge 305 2213 56
Edge 305 2334 53
Edge 305 2392 75
Edge 305 2407 85
Edge 305 2592 56
Edge 305 2604 87
Edge 305 2623 62
Edge 305 3234 80
Edge 305 3359 57
Edge 305 3596 85
Edge 306 435 50
Edge 306 533 84
Edge 306 540 66
Edge 306 547 86
Edge 306 597 66
Edge 306 662 88
Edge 306 750 75
Edge 306 769 68
Edge 306 1070 91
Edge 306 1234 94
Edge 306 1310 87
Edge 306 1376 75
Edge 306 1895 88
Edge 306 2077 91
Edge 306 2202 79
Edge 306 2205 95
Edge 306 2281 88
Edge 306 2638 84
Edge 306 2676 61
Edge 306 2803 75
Edge 306 3351 72
Edge 306 3381 51
Edge 306 3406 94
Edge 307 341 90
Edge 307 357 93
Edge 307 482 62
Edge 307 484 51
Edge 307 500 67
Edge 307 589 68
Edge 307 697 91
Edge 307 735 84
Edge 307 878 59
Edge 307 919 62
Edge 307 1108 50
Edge 307 1314 55
Edge 307 1361 75
Edge 307 1403 96
Edge 307 1573 59
Edge 307 1676 75
Edge 307 2009 58
Edge 307 2030 51
Edge 307 2608 72
Edge 307 2712 98
Edge 307 2898 71
Edge 308 424 53
Edge 308 443 93
Edge 308 607 69
Edge 308 702 80
Edge 308 734 94
Edge 308 777 52
Edge 308 799 85
Edge 308 838 68
Edge 308 851 73
Edge 308 893 65
Edge 308 986 63
Edge 308 1186 98
Edge 308 1339 53
Edge 308 1354 50
Edge 308 1752 77
Edge 308 1931 53
Edge 308 2131 90
Edge 308 2145 79
Edge 308 2590 69
Edge 308 2603 88
Edge 308 2944 61
Edge 308 2970 62
Edge 308 2982 59
Edge 308 3207 80
Edge 308 3285 72
Edge 309 523 96
Edge 309 544 70
Edge 309 546 85
Edge 309 664 57
Edge 309 828 90
Edge 309 834 68
Edge 309 1017 79
Edge 309 1161 59
Edge 309 1182 57
Edge 309 1252 52
Edge 309 1328 81
Edge 309 1655 50
Edge 309 1663 65
Edge 309 1759 63
Edge 309 1979 86
Edge 309 2023 64
Edge 309 2092 76
Edge 309 2098 60
Edge 309 2711 53
Edge 309 2892 83
Edge 309 3034 75
Edge 309 3181 79
Edge 309 3213 78
Edge 309 3482 59
Edge 310 316 84
Edge 310 385 54
Edge 310 506 60
Edge 310 608 72
Edge 310 615 95
Edge 310 729 59
Edge 310 893 99
Edge 310 1036 82
Edge 310 1096 81
Edge 310 1111 62
Edge 310 1200 58
Edge 310 1338 93
Edge 310 1452 81
Edge 310 1455 87
Edge 310 1483 57
Edge 310 1589 56
Edge 310 2036 97
Edge 310 2257 74
Edge 310 2580 88
Edge 310 2735 88
Edge 310 2822 98
Edge 310 3103 96
Edge 310 3312 87
Edge 311 799 54
Edge 311 883 81
Edge 311 905 72
Edge 311 969 69
Edge 311 1008 58
Edge 311 1309 58
Edge 311 1359 91
Edge 311 1509 79
Edge 311 1648 99
Edge 311 1685 72
Edge 311 1789 100
Edge 311 1867 50
Edge 311 2018 63
Edge 311 2103 92
Edge 311 2216 55
Edge 311 2448 52
Edge 311 2682 90
Edge 311 2861 88
Edge 311 2881 63
Edge 311 2998 53
Edge 311 3113 70
Edge 311 3133 77
Edge 311 3293 65
Edge 311 3476 81
Edge 312 331 73
Edge 312 508 68
Edge 312 562 60
Edge 312 597 73
Edge 312 609 74
Edge 312 656 97
Edge 312 721 98
Edge 312 736 80
Edge 312 829 77
Edge 312 1422 72
Edge 312 1697 65
Edge 312 1765 73
Edge 312 1805 83
Edge 312 1846 78
Edge 312 2016 60
Edge 312 2029 51
Edge 312 2426 66
Edge 312 2964 83
Edge 312 2980 74
Edge 312 3028 57
Edge 312 3077 59
Edge 312 3427 85
Edge 312 3480 90
Edge 313 423 68
Edge 313 569 64
Edge 313 572 75
Edge 313 640 61
Edge 313 664 72
Edge 313 727 73
Edge 313 844 78
Edge 313 1117 94
Edge 313 1595 84
Edge 313 1656 55
Edge 313 1810 98
Edge 313 1843 77
Edge 313 1864 71
Edge 313 1963 59
Edge 313 2250 56
Edge 313 2277 82
Edge 313 2490 95
Edge 313 2626 76
Edge 313 2729 85
Edge 313 3003 52
Edge 313 3162 69
Edge 313 3254 60
Edge 313 3482 58
Edge 314 338 81
Edge 314 360 78
Edge 314 373 68
Edge 314 429 63
Edge 314 594 87
Edge 314 680 62
Edge 314 932 52
Edge 314 1656 54
Edge 314 1727 83
Edge 314 1743 82
Edge 314 1870 57
Edge 314 1884 77
Edge 314 1980 51
Edge 314 2002 60
Edge 314 2039 57
Edge 314 2041 87
Edge 314 2079 66
Edge 314 2346 86
Edge 314 2890 72
Edge 314 3127 71
Edge 314 3431 75
Edge 314 3599 92
Edge 314 3606 54
Edge 315 325 88
Edge 315 347 79
Edge 315 381 65
Edge 315 639 97
Edge 315 770 71
Edge 315 845 91
Edge 315 1074 80
Edge 315 1124 91
Edge 315 1409 99
Edge 315 1495 63
Edge 315 1505 80
Edge 315 1734 84
Edge 315 1798 82
Edge 315 2175 71
Edge 315 2307 87
Edge 315 2526 72
Edge 315 2544 82
Edge 315 2589 95
Edge 315 2621 80
Edge 315 2769 95
Edge 315 2821 98
Edge 315 2840 82
Edge 315 3195 66
Edge 315 3358 66
Edge 316 332 88
Edge 316 357 95
Edge 316 483 57
Edge 316 517 54
Edge 316 647 98
Edge 316 691 61
Edge 316 786 88
Edge 316 824 69
Edge 316 838 71
Edge 316 900 63
Edge 316 1019 80
Edge 316 1133 65
Edge 316 1165 56
Edge 316 1307 56
Edge 316 1429 96
Edge 316 2061 53
Edge 316 2074 95
Edge 316 2447 66
Edge 316 2461 62
Edge 316 2973 57
Edge 316 3191 57
Edge 316 3237 93
Edge 316 3312 69
Edge 317 329 94
Edge 317 466 89
Edge 317 564 60
Edge 317 969 59
Edge 317 1168 91
Edge 317 1296 69
Edge 317 1465 50
Edge 317 1579 75
Edge 317 1610 55
Edge 317 1688 54
Edge 317 1794 95
Edge 317 2033 79
Edge 317 2050 50
Edge 317 2072 99
Edge 317 2119 79
Edge 317 2136 89
Edge 317 2554 85
Edge 317 2574 80
Edge 317 2658 92
Edge 317 2844 77
Edge 317 2918 86
Edge 317 2981 60
Edge 318 372 62
Edge 318 396 74
Edge 318 709 68
Edge 318 735 91
Edge 318 956 70
Edge 318 1302 67
Edge 318 1758 84
Edge 318 1879 51
Edge 318 1899 72
Edge 318 1955 70
Edge 318 1998 70
Edge 318 2047 97
Edge 318 2128 60
Edge 318 2161 92
Edge 318 2289 82
Edge 318 2348 56
Edge 318 2492 63
Edge 318 2648 75
Edge 318 3085 89
Edge 318 3258 62
Edge 318 3281 97
Edge 318 3487 87
Edge 318 3636 99
Edge 319 413 85
Edge 319 481 51
Edge 319 485 81
Edge 319 560 58
Edge 319 743 63
Edge 319 764 84
Edge 319 767 92
Edge 319 844 81
Edge 319 1029 94
Edge 319 1122 57
Edge 319 1475 87
Edge 319 1826 89
Edge 319 1907 54
Edge 319 2054 76
Edge 319 2067 67
Edge 319 2149 61
Edge 319 2240 67
Edge 319 2243 71
Edge 319 2266 71
Edge 319 2406 98
Edge 319 2600 85
Edge 319 2656 60
Edge 319 2736 72
Edge 320 508 70
Edge 320 557 93
Edge 320 565 91
Edge 320 649 77
Edge 320 655 51
Edge 320 676 55
Edge 320 751 59
Edge 320 835 69
Edge 320 933 66
Edge 320 1071 72
Edge 320 1241 83
Edge 320 1295 64
Edge 320 1371 61
Edge 320 1495 55
Edge 320 1565 92
Edge 320 2064 52
Edge 320 2176 98
Edge 320 2211 70
Edge 320 2489 51
Edge 320 2644 77
Edge 320 2836 53
Edge 320 3111 86
Edge 320 3383 73
Edge 321 339 65
Edge 321 353 65
Edge 321 496 78
Edge 321 520 77
Edge 321 572 65
Edge 321 573 83
Edge 321 592 59
Edge 321 884 88
Edge 321 1011 92
Edge 321 1080 64
Edge 321 1259 68
Edge 321 1336 67
Edge 321 1420 57
Edge 321 1645 88
Edge 321 1933 80
Edge 321 2133 59
Edge 321 2588 73
Edge 321 2933 99
Edge 321 2961 96
Edge 321 2976 56
Edge 321 3166 76
Edge 321 3531 88
Edge 321 3532 50
Edge 322 405 68
Edge 322 694 88
Edge 322 753 83
Edge 322 758 79
Edge 322 1199 82
Edge 322 1446 98
Edge 322 1487 98
Edge 322 1508 89
Edge 322 1580 62
Edge 322 1659 59
Edge 322 1661 80
Edge 322 2078 64
Edge 322 2205 90
Edge 322 2312 61
Edge 322 2465 51
Edge 322 2585 54
Edge 322 2669 93
Edge 322 3020 98
Edge 322 3119 51
Edge 322 3180 55
Edge 322 3276 74
Edge 322 3354 62
Edge 323 348 79
Edge 323 402 81
Edge 323 415 80
Edge 323 717 97
Edge 323 809 88
Edge 323 841 81
Edge 323 1062 68
Edge 323 1074 66
Edge 323 1098 79
Edge 323 1205 69
Edge 323 1377 74
Edge 323 1698 78
Edge 323 1726 50
Edge 323 1861 60
Edge 323 1897 90
Edge 323 2263 91
Edge 323 2270 59
Edge 323 2503 71
Edge 323 2551 64
Edge 323 2877 78
Edge 323 3201 80
Edge 323 3266 67
Edge 323 3533 81
Edge 324 372 65
Edge 324 600 59
Edge 324 647 62
Edge 324 709 79
Edge 324 713 88
Edge 324 837 68
Edge 324 874 99
Edge 324 1024 74
Edge 324 1166 88
Edge 324 1200 58
Edge 324 1214 98
Edge 324 1735 81
Edge 324 1872 53
Edge 324 2159 99
Edge 324 2179 61
Edge 324 2211 66
Edge 324 2383 78
Edge 324 2521 91
Edge 324 2558 69
Edge 324 2572 50
Edge 324 2651 84
Edge 324 2883 73
Edge 324 3193 65
Edge 324 3410 53
Edge 325 361 66
Edge 325 432 77
Edge 325 467 95
Edge 325 540 74
Edge 325 557 67
Edge 325 678 79
Edge 325 864 72
Edge 325 981 74
Edge 325 1161 81
Edge 325 1593 81
Edge 325 1615 98
Edge 325 1872 52
Edge 325 2018 71
Edge 325 2195 67
Edge 325 2206 91
Edge 325 2444 95
Edge 325 2866 66
Edge 325 2882 95
Edge 325 2999 57
Edge 325 3211 82
Edge 325 3273 64
Edge 325 3545 56
Edge 326 411 63
Edge 326 691 74
Edge 326 1029 72
Edge 326 1137 77
Edge 326 1425 97
Edge 326 1769 87
Edge 326 1773 70
Edge 326 1855 78
Edge 326 1945 69
Edge 326 1994 97
Edge 326 2139 53
Edge 326 2193 96
Edge 326 2442 88
Edge 326 2541 68
Edge 326 2583 54
Edge 326 2901 63
Edge 326 2960 75
Edge 326 3029 96
Edge 326 3245 59
Edge 326 3315 83
Edge 326 3478 57
Edge 327 345 59
Edge 327 590 96
Edge 327 1032 96
Edge 327 1368 94
Edge 327 1425 77
Edge 327 1515 91
Edge 327 1589 76
Edge 327 1620 91
Edge 327 1660 86
Edge 327 1693 82
Edge 327 1815 89
Edge 327 1987 57
Edge 327 1992 60
Edge 327 2074 65
Edge 327 2168 96
Edge 327 2185 88
Edge 327 2244 95
Edge 327 2281 62
Edge 327 2371 95
Edge 327 2467 61
Edge 327 3039 69
Edge 327 3499 66
Edge 328 343 61
Edge 328 651 63
Edge 328 781 60
Edge 328 857 52
Edge 328 1074 80
Edge 328 1090 65
Edge 328 1135 62
Edge 328 1142 94
Edge 328 1394 93
Edge 328 1495 64
Edge 328 1618 50
Edge 328 1755 59
Edge 328 2425 96
Edge 328 2616 71
Edge 328 2686 54
Edge 328 2944 89
Edge 328 3007 66
Edge 328 3040 64
Edge 328 3101 65
Edge 328 3141 78
Edge 328 3361 64
Edge 328 3385 50
Edge 329 475 55
Edge 329 611 74
Edge 329 795 97
Edge 329 829 57
Edge 329 995 73
Edge 329 1030 77
Edge 329 1033 67
Edge 329 1057 69
Edge 329 1166 90
Edge 329 1214 62
Edge 329 1408 58
Edge 329 1481 92
Edge 329 1494 55
Edge 329 1586 95
Edge 329 2272 80
Edge 329 2465 57
Edge 329 2566 50
Edge 329 2603 83
Edge 329 2657 95
Edge 329 2686 66
Edge 329 2694 72
Edge 329 2929 59
Edge 329 2992 98
Edge 329 3260 96
Edge 329 3518 88
Edge 330 416 89
Edge 330 505 54
Edge 330 548 60
Edge 330 588 87
Edge 330 670 71
Edge 330 739 87
Edge 330 920 86
Edge 330 976 89
Edge 330 1148 88
Edge 330 1314 66
Edge 330 1341 69
Edge 330 1416 61
Edge 330 1640 79
Edge 330 1643 88
Edge 330 1780 96
Edge 330 1836 89
Edge 330 2374 62
Edge 330 2526 70
Edge 330 2695 59
Edge 330 2720 62
Edge 330 2757 91
Edge 330 3584 65
Edge 331 398 98
Edge 331 434 53
Edge 331 444 69
Edge 331 533 59
Edge 331 611 64
Edge 331 764 51
Edge 331 887 89
Edge 331 1466 99
Edge 331 1507 97
Edge 331 1631 87
Edge 331 1750 81
Edge 331 1800 61
Edge 331 2313 63
Edge 331 2409 81
Edge 331 2494 65
Edge 331 2851 91
Edge 331 2977 69
Edge 331 3009 83
Edge 331 3332 56
Edge 331 3549 87
Edge 332 429 78
Edge 332 763 79
Edge 332 767 81
Edge 332 879 86
Edge 332 1330 70
Edge 332 1362 78
Edge 332 1367 96
Edge 332 1439 87
Edge 332 1511 83
Edge 332 1515 57
Edge 332 1660 82
Edge 332 1731 65
Edge 332 2015 77
Edge 332 2046 52
Edge 332 2118 78
Edge 332 2385 76
Edge 332 2486 97
Edge 332 3152 72
Edge 332 3375 86
Edge 332 3422 98
Edge 332 3464 61
Edge 333 456 77
Edge 333 502 99
Edge 333 525 64
Edge 333 540 56
Edge 333 577 65
Edge 333 593 93
Edge 333 619 50
Edge 333 643 76
Edge 333 672 67
Edge 333 822 62
Edge 333 880 85
Edge 333 1004 97
Edge 333 1200 95
Edge 333 1411 50
Edge 333 1522 83
Edge 333 1560 73
Edge 333 1635 82
Edge 333 1915 65
Edge 333 1979 87
Edge 333 2048 73
Edge 333 3134 63
Edge 333 3334 78
Edge 333 3587 63
Edge 334 345 77
Edge 334 352 52
Edge 334 517 88
Edge 334 530 76
Edge 334 802 66
Edge 334 1008 90
Edge 334 1013 93
Edge 334 1393 80
Edge 334 1477 62
Edge 334 1618 50
Edge 334 1689 94
Edge 334 1724 58
Edge 334 1859 99
Edge 334 1878 60
Edge 334 2044 53
Edge 334 2071 56
Edge 334 2343 50
Edge 334 2506 96
Edge 334 2538 57
Edge 334 2597 91
Edge 334 2669 76
Edge 334 2753 99
Edge 334 3226 73
Edge 334 3306 74
Edge 335 397 54
Edge 335 432 51
Edge 335 513 77
Edge 335 846 58
Edge 335 939 55
Edge 335 1136 62
Edge 335 1170 96
Edge 335 1213 86
Edge 335 1287 93
Edge 335 1418 67
Edge 335 1619 57
Edge 335 1635 55
Edge 335 2173 71
Edge 335 2175 71
Edge 335 2241 71
Edge 335 2331 63
Edge 335 2455 86
Edge 335 2690 71
Edge 335 2810 59
Edge 335 2817 81
Edge 336 391 89
Edge 336 410 94
Edge 336 974 65
Edge 336 1280 64
Edge 336 1307 87
Edge 336 1344 67
Edge 336 1368 51
Edge 336 1470 93
Edge 336 1496 60
Edge 336 1566 53
Edge 336 1567 76
Edge 336 1751 96
Edge 336 1791 58
Edge 336 1926 87
Edge 336 1999 99
Edge 336 2172 78
Edge 336 2279 72
Edge 336 2284 82
Edge 336 2531 80
Edge 336 2685 52
Edge 336 3024 99
Edge 336 3190 83
Edge 336 3641 71
Edge 337 442 57
Edge 337 539 53
Edge 337 685 65
Edge 337 755 67
Edge 337 854 74
Edge 337 908 80
Edge 337 1153 80
Edge 337 1168 75
Edge 337 1195 98
Edge 337 1232 50
Edge 337 1499 66
Edge 337 1818 67
Edge 337 1850 51
Edge 337 1984 57
Edge 337 2052 76
Edge 337 2171 50
Edge 337 2212 70
Edge 337 2469 81
Edge 337 2643 66
Edge 337 2690 72
Edge 337 3072 64
Edge 337 3208 50
Edge 338 547 85
Edge 338 638 91
Edge 338 876 63
Edge 338 883 65
Edge 338 919 61
Edge 338 1319 80
Edge 338 1566 88
Edge 338 1598 59
Edge 338 1788 68
Edge 338 1796 82
Edge 338 1845 68
Edge 338 2093 80
Edge 338 2120 82
Edge 338 2141 78
Edge 338 2425 71
Edge 338 2704 80
Edge 338 2751 96
Edge 338 3019 78
Edge 338 3548 74
Edge 338 3602 66
Edge 339 383 79
Edge 339 692 61
Edge 339 857 82
Edge 339 955 79
Edge 339 1011 78
Edge 339 1139 94
Edge 339 1245 68
Edge 339 1318 67
Edge 339 1407 68
Edge 339 1461 77
Edge 339 1476 90
Edge 339 1622 96
Edge 339 1955 54
Edge 339 2178 50
Edge 339 2239 70
Edge 339 2335 68
Edge 339 2344 50
Edge 339 2621 57
Edge 339 2864 63
Edge 339 2916 93
Edge 339 2919 50
Edge 339 2996 64
Edge 339 3109 73
Edge 339 3207 64
Edge 339 3472 90
Edge 340 493 54
Edge 340 672 60
Edge 340 943 50
Edge 340 1054 81
Edge 340 1474 74
Edge 340 1721 74
Edge 340 1813 86
Edge 340 1980 63
Edge 340 2008 98
Edge 340 2251 66
Edge 340 2253 58
Edge 340 2289 50
Edge 340 2359 92
Edge 340 2505 77
Edge 340 2661 83
Edge 340 2730 94
Edge 340 2918 80
Edge 340 3079 52
Edge 340 3100 54
Edge 340 3111 91
Edge 340 3391 61
Edge 341 365 81
Edge 341 375 99
Edge 341 415 79
Edge 341 600 92
Edge 341 854 85
Edge 341 898 76
Edge 341 931 53
Edge 341 961 68
Edge 341 1255 94
Edge 341 1285 87
Edge 341 1503 77
Edge 341 1558 68
Edge 341 1626 70
Edge 341 1672 96
Edge 341 1844 83
Edge 341 1936 98
Edge 341 1968 98
Edge 341 1978 80
Edge 341 3181 84
Edge 341 3293 75
Edge 341 3471 71
Edge 341 3584 68
Edge 342 409 63
Edge 342 522 54
Edge 342 671 78
Edge 342 756 78
Edge 342 889 63
Edge 342 891 89
Edge 342 1016 96
Edge 342 1029 58
Edge 342 1303 55
Edge 342 1394 95
Edge 342 1434 75
Edge 342 1684 51
Edge 342 1870 69
Edge 342 2029 68
Edge 342 2097 68
Edge 342 2111 56
Edge 342 2157 60
Edge 342 2440 70
Edge 342 2597 63
Edge 342 2712 97
Edge 342 2912 79
Edge 342 3302 65
Edge 342 3465 87
Edge 342 3530 65
Edge 343 505 73
Edge 343 572 75
Edge 343 766 50
Edge 343 968 95
Edge 343 1155 63
Edge 343 1218 50
Edge 343 1271 83
Edge 343 1291 58
Edge 343 1369 68
Edge 343 1590 99
Edge 343 1618 53
Edge 343 1636 91
Edge 343 1665 75
Edge 343 1780 55
Edge 343 2346 96
Edge 343 2392 65
Edge 343 2497 78
Edge 343 2770 61
Edge 343 2979 95
Edge 343 3007 50
Edge 343 3137 89
Edge 343 3500 79
Edge 344 385 96
Edge 344 538 74
Edge 344 778 55
Edge 344 1218 78
Edge 344 1480 63
Edge 344 1783 58
Edge 344 2058 66
Edge 344 2061 99
Edge 344 2078 70
Edge 344 2166 50
Edge 344 2182 60
Edge 344 2358 80
Edge 344 2421 63
Edge 344 2622 90
Edge 344 2648 95
Edge 344 2680 89
Edge 344 2875 68
Edge 344 3243 81
Edge 344 3284 99
Edge 344 3394 91
Edge 344 3532 68
Edge 344 3635 65
Edge 345 366 55
Edge 345 523 76
Edge 345 747 82
Edge 345 772 98
Edge 345 800 96
Edge 345 888 51
Edge 345 1101 66
Edge 345 1164 53
Edge 345 1202 74
Edge 345 1241 50
Edge 345 1284 77
Edge 345 1291 93
Edge 345 1432 81
Edge 345 1547 63
Edge 345 1698 63
Edge 345 1741 93
Edge 345 1788 88
Edge 345 1978 50
Edge 345 2228 81
Edge 345 2512 93
Edge 345 2672 87
Edge 345 2853 71
Edge 345 3021 77
Edge 346 348 94
Edge 346 424 59
Edge 346 466 92
Edge 346 577 83
Edge 346 902 82
Edge 346 1000 67
Edge 346 1092 70
Edge 346 1231 76
Edge 346 1332 92
Edge 346 1621 55
Edge 346 1646 93
Edge 346 1761 73
Edge 346 1806 89
Edge 346 2020 75
Edge 346 2277 67
Edge 346 2452 92
Edge 346 2464 66
Edge 346 2621 61
Edge 346 2889 72
Edge 346 3017 71
Edge 346 3291 99
Edge 347 432 54
Edge 347 706 51
Edge 347 721 91
Edge 347 746 94
Edge 347 782 68
Edge 347 928 57
Edge 347 1002 81
Edge 347 1003 56
Edge 347 1026 70
Edge 347 1150 81
Edge 347 1156 89
Edge 347 1241 97
Edge 347 1272 69
Edge 347 1339 80
Edge 347 1369 82
Edge 347 1552 69
Edge 347 1729 100
Edge 347 1760 90
Edge 347 1835 80
Edge 347 2511 85
Edge 347 2747 72
Edge 347 3164 74
Edge 347 3301 76
Edge 348 423 81
Edge 348 640 90
Edge 348 697 99
Edge 348 723 74
Edge 348 851 69
Edge 348 913 62
Edge 348 1066 57
Edge 348 1175 74
Edge 348 1460 85
Edge 348 1722 53
Edge 348 1761 98
Edge 348 1827 65
Edge 348 1862 63
Edge 348 2257 66
Edge 348 2515 74
Edge 348 2675 55
Edge 348 2803 76
Edge 348 3646 60
Edge 349 486 62
Edge 349 548 58
Edge 349 607 79
Edge 349 682 78
Edge 349 955 61
Edge 349 1000 89
Edge 349 1068 84
Edge 349 1138 75
Edge 349 1207 66
Edge 349 1237 95
Edge 349 1369 51
Edge 349 1376 69
Edge 349 1380 92
Edge 349 1781 65
Edge 349 1788 72
Edge 349 2120 52
Edge 349 2176 95
Edge 349 3091 51
Edge 349 3443 61
Edge 349 3506 55
Edge 349 3543 60
Edge 349 3580 75
Edge 349 3583 58
Edge 350 387 55
Edge 350 870 90
Edge 350 902 89
Edge 350 1086 98
Edge 350 1214 52
Edge 350 1230 52
Edge 350 1238 51
Edge 350 1253 64
Edge 350 1289 56
Edge 350 1332 78
Edge 350 1347 91
Edge 350 1418 76
Edge 350 1881 58
Edge 350 1936 83
Edge 350 1957 94
Edge 350 2098 78
Edge 350 2234 81
Edge 350 2297 98
Edge 350 2470 59
Edge 350 2752 57
Edge 350 2779 80
Edge 350 2901 75
Edge 350 2985 87
Edge 350 3566 85
Edge 350 3655 71
Edge 351 389 75
Edge 351 395 79
Edge 351 782 61
Edge 351 1077 77
Edge 351 1114 61
Edge 351 1203 86
Edge 351 1367 86
Edge 351 1715 94
Edge 351 1736 52
Edge 351 1739 69
Edge 351 2045 51
Edge 351 2124 53
Edge 351 2192 73
Edge 351 2232 63
Edge 351 2531 75
Edge 351 2635 70
Edge 351 2645 88
Edge 351 2763 66
Edge 351 3110 84
Edge 351 3130 99
Edge 351 3272 56
Edge 351 3391 90
Edge 352 628 76
Edge 352 640 60
Edge 352 646 74
Edge 352 671 80
Edge 352 764 89
Edge 352 959 90
Edge 352 985 87
Edge 352 998 58
Edge 352 1024 50
Edge 352 1048 77
Edge 352 1282 83
Edge 352 1479 60
Edge 352 1536 76
Edge 352 1714 54
Edge 352 1842 62
Edge 352 1967 92
Edge 352 2161 95
Edge 352 2306 63
Edge 352 2802 76
Edge 352 2947 96
Edge 352 3105 95
Edge 352 3376 54
Edge 352 3527 88
Edge 352 3545 51
Edge 353 1015 88
Edge 353 1054 79
Edge 353 1214 51
Edge 353 1306 61
Edge 353 1371 77
Edge 353 1619 84
Edge 353 1635 85
Edge 353 1868 60
Edge 353 1892 77
Edge 353 1938 71
Edge 353 2027 79
Edge 353 2323 66
Edge 353 2356 93
Edge 353 2530 68
Edge 353 2562 99
Edge 353 2766 72
Edge 353 2770 81
Edge 353 2824 95
Edge 353 3034 94
Edge 353 3050 94
Edge 353 3229 66
Edge 353 3230 57
Edge 353 3425 58
Edge 353 3543 66
Edge 354 567 95
Edge 354 709 85
Edge 354 713 55
Edge 354 757 91
Edge 354 828 53
Edge 354 830 67
Edge 354 948 88
Edge 354 973 83
Edge 354 1001 79
Edge 354 1179 95
Edge 354 1203 62
Edge 354 1454 75
Edge 354 1634 50
Edge 354 1834 82
Edge 354 1928 56
Edge 354 1973 79
Edge 354 2168 81
Edge 354 2575 93
Edge 354 2676 94
Edge 354 2957 53
Edge 354 3287 94
Edge 355 773 99
Edge 355 782 62
Edge 355 928 51
Edge 355 942 95
Edge 355 1019 81
Edge 355 1156 57
Edge 355 1179 75
Edge 355 1458 68
Edge 355 1498 52
Edge 355 1593 90
Edge 355 1852 86
Edge 355 1911 82
Edge 355 1984 88
Edge 355 2304 83
Edge 355 2513 55
Edge 355 2557 95
Edge 355 2611 63
Edge 355 2663 65
Edge 355 2672 81
Edge 355 2749 72
Edge 355 2750 97
Edge 355 3311 59
Edge 355 3540 87
Edge 356 538 81
Edge 356 673 92
Edge 356 835 83
Edge 356 860 77
Edge 356 900 69
Edge 356 1148 63
Edge 356 1362 63
Edge 356 1412 59
Edge 356 1543 85
Edge 356 1595 76
Edge 356 1620 62
Edge 356 1813 77
Edge 356 1878 55
Edge 356 2184 96
Edge 356 2440 73
Edge 356 2718 90
Edge 356 2779 71
Edge 356 2909 89
Edge 356 3206 80
Edge 356 3361 86
Edge 356 3368 84
Edge 356 3459 75
Edge 357 717 89
Edge 357 981 92
Edge 357 989 80
Edge 357 1084 75
Edge 357 1216 93
Edge 357 1388 97
Edge 357 1391 93
Edge 357 1418 90
Edge 357 1507 92
Edge 357 1780 76
Edge 357 1809 54
Edge 357 2066 71
Edge 357 2070 62
Edge 357 2166 89
Edge 357 2350 97
Edge 357 3075 96
Edge 357 3076 61
Edge 357 3217 71
Edge 357 3409 78
Edge 357 3487 78
Edge 358 521 62
Edge 358 537 91
Edge 358 739 80
Edge 358 1144 87
Edge 358 1185 54
Edge 358 1186 97
Edge 358 1204 87
Edge 358 1279 63
Edge 358 1336 80
Edge 358 1654 91
Edge 358 1781 82
Edge 358 1973 61
Edge 358 2021 84
Edge 358 2203 83
Edge 358 2311 93
Edge 358 2364 63
Edge 358 2403 64
Edge 358 2527 54
Edge 358 2653 71
Edge 358 2922 75
Edge 358 3097 100
Edge 358 3222 64
Edge 358 3226 65
Edge 358 3327 73
Edge 358 3537 57
Edge 359 379 69
Edge 359 602 52
Edge 359 646 68
Edge 359 662 86
Edge 359 714 62
Edge 359 1178 54
Edge 359 1234 73
Edge 359 1322 63
Edge 359 1671 98
Edge 359 1713 93
Edge 359 1855 76
Edge 359 1895 93
Edge 359 1915 67
Edge 359 2064 84
Edge 359 2243 68
Edge 359 2286 66
Edge 359 2299 86
Edge 359 2642 83
Edge 359 2713 84
Edge 359 3341 63
Edge 359 3386 95
Edge 359 3586 53
Edge 360 520 65
Edge 360 534 77
Edge 360 584 99
Edge 360 685 84
Edge 360 1026 78
Edge 360 1044 52
Edge 360 1074 84
Edge 360 1105 88
Edge 360 1168 86
Edge 360 1552 59
Edge 360 1974 95
Edge 360 2100 86
Edge 360 2114 73
Edge 360 2272 92
Edge 360 2304 84
Edge 360 2349 58
Edge 360 2473 83
Edge 360 2641 83
Edge 360 2685 79
Edge 360 2812 63
Edge 360 2859 99
Edge 360 3167 72
Edge 360 3330 99
Edge 360 3335 82
Edge 361 777 71
Edge 361 789 63
Edge 361 1297 50
Edge 361 1386 96
Edge 361 1397 97
Edge 361 1414 54
Edge 361 1466 50
Edge 361 1533 84
Edge 361 1540 93
Edge 361 1724 72
Edge 361 1964 91
Edge 361 2211 71
Edge 361 2392 63
Edge 361 2479 81
Edge 361 2952 68
Edge 361 2958 92
Edge 361 3123 88
Edge 361 3218 95
Edge 361 3319 54
Edge 362 561 51
Edge 362 574 58
Edge 362 578 71
Edge 362 729 94
Edge 362 780 70
Edge 362 973 83
Edge 362 1026 67
Edge 362 1088 86
Edge 362 1373 91
Edge 362 1813 98
Edge 362 1866 90
Edge 362 1874 59
Edge 362 2053 89
Edge 362 2075 93
Edge 362 2388 85
Edge 362 2455 76
Edge 362 2708 84
Edge 362 2782 61
Edge 362 2865 50
Edge 362 3239 54
Edge 362 3252 62
Edge 362 3518 79
Edge 362 3520 95
Edge 362 3556 51
Edge 363 502 93
Edge 363 598 83
Edge 363 718 77
Edge 363 733 72
Edge 363 873 76
Edge 363 877 81
Edge 363 972 62
Edge 363 997 52
Edge 363 1084 68
Edge 363 1487 95
Edge 363 1638 93
Edge 363 1649 83
Edge 363 1798 77
Edge 363 1892 52
Edge 363 1924 66
Edge 363 2049 86
Edge 363 2312 93
Edge 363 2457 77
Edge 363 2547 81
Edge 363 2684 69
Edge 363 2740 67
Edge 363 3058 71
Edge 363 3363 68
Edge 363 3500 84
Edge 364 458 67
Edge 364 711 87
Edge 364 754 76
Edge 364 863 99
Edge 364 882 76
Edge 364 945 77
Edge 364 1023 68
Edge 364 1056 58
Edge 364 1159 51
Edge 364 1260 68
Edge 364 1293 93
Edge 364 1338 63
Edge 364 1415 77
Edge 364 1491 98
Edge 364 1994 75
Edge 364 2087 50
Edge 364 2327 96
Edge 364 2504 98
Edge 364 2568 99
Edge 364 2580 63
Edge 364 2651 92
Edge 364 2750 81
Edge 364 3472 96
Edge 364 3600 83
Edge 365 433 86
Edge 365 506 86
Edge 365 601 80
Edge 365 709 89
Edge 365 773 54
Edge 365 784 70
Edge 365 851 75
Edge 365 909 63
Edge 365 970 72
Edge 365 1154 61
Edge 365 1358 78
Edge 365 1421 72
Edge 365 1548 97
Edge 365 1873 62
Edge 365 2103 90
Edge 365 2259 90
Edge 365 2660 73
Edge 365 2742 70
Edge 365 2812 83
Edge 365 3584 82
Edge 366 472 87
Edge 366 588 66
Edge 366 666 60
Edge 366 707 89
Edge 366 848 67
Edge 366 899 61
Edge 366 922 81
Edge 366 965 68
Edge 366 1020 50
Edge 366 1103 92
Edge 366 1341 80
Edge 366 1412 88
Edge 366 1482 85
Edge 366 1532 63
Edge 366 1584 96
Edge 366 1777 81
Edge 366 1795 78
Edge 366 2179 52
Edge 366 2353 78
Edge 366 2627 71
Edge 366 2805 50
Edge 366 2929 86
Edge 367 572 54
Edge 367 654 52
Edge 367 748 90
Edge 367 807 88
Edge 367 998 96
Edge 367 1060 69
Edge 367 1071 91
Edge 367 1205 66
Edge 367 1355 96
Edge 367 1473 73
Edge 367 1841 81
Edge 367 1849 79
Edge 367 2176 76
Edge 367 2220 64
Edge 367 2231 77
Edge 367 2257 91
Edge 367 2406 71
Edge 367 2609 94
Edge 367 3210 73
Edge 367 3230 91
Edge 367 3315 91
Edge 367 3542 59
Edge 367 3551 89
Edge 368 424 83
Edge 368 552 50
Edge 368 729 90
Edge 368 940 85
Edge 368 1164 92
Edge 368 1241 51
Edge 368 1422 87
Edge 368 1599 91
Edge 368 1600 51
Edge 368 1639 93
Edge 368 1926 55
Edge 368 2066 88
Edge 368 2104 58
Edge 368 2313 52
Edge 368 2588 50
Edge 368 2624 86
Edge 368 2691 51
Edge 368 2862 60
Edge 368 2876 97
Edge 368 2877 53
Edge 368 2884 60
Edge 368 3245 94
Edge 368 3527 78
Edge 369 394 70
Edge 369 395 85
Edge 369 534 84
Edge 369 545 85
Edge 369 600 77
Edge 369 1282 91
Edge 369 1302 78
Edge 369 1406 86
Edge 369 1731 72
Edge 369 1862 93
Edge 369 1922 69
Edge 369 2046 88
Edge 369 2052 83
Edge 369 2091 96
Edge 369 2392 70
Edge 369 2452 85
Edge 369 2471 69
Edge 369 2477 60
Edge 369 2703 99
Edge 369 2889 82
Edge 370 556 64
Edge 370 653 55
Edge 370 782 83
Edge 370 955 95
Edge 370 1019 52
Edge 370 1070 72
Edge 370 1105 62
Edge 370 1446 85
Edge 370 1586 86
Edge 370 1699 93
Edge 370 1782 94
Edge 370 1783 56
Edge 370 2141 81
Edge 370 2225 63
Edge 370 2283 94
Edge 370 2387 94
Edge 370 2472 51
Edge 370 2739 51
Edge 370 2744 90
Edge 370 3260 84
Edge 370 3286 59
Edge 370 3340 68
Edge 370 3434 58
Edge 371 475 89
Edge 371 609 91
Edge 371 727 72
Edge 371 787 99
Edge 371 1070 50
Edge 371 1115 80
Edge 371 1379 95
Edge 371 1429 76
Edge 371 1459 82
Edge 371 1760 54
Edge 371 1786 70
Edge 371 1953 71
Edge 371 1965 66
Edge 371 2056 82
Edge 371 2098 81
Edge 371 2299 88
Edge 371 2388 59
Edge 371 2427 60
Edge 371 2465 98
Edge 371 2691 79
Edge 371 2721 83
Edge 371 2731 60
Edge 371 2832 83
Edge 371 3058 92
Edge 371 3149 58
Edge 371 3221 71
Edge 372 446 71
Edge 372 453 75
Edge 372 475 73
Edge 372 579 53
Edge 372 716 74
Edge 372 928 52
Edge 372 1229 64
Edge 372 1239 94
Edge 372 1349 85
Edge 372 1524 64
Edge 372 1550 83
Edge 372 1558 63
Edge 372 1806 65
Edge 372 1836 80
Edge 372 1919 80
Edge 372 2146 72
Edge 372 2479 81
Edge 372 2654 63
Edge 372 2702 67
Edge 372 2943 68
Edge 372 3349 76
Edge 372 3360 88
Edge 373 393 90
Edge 373 445 91
Edge 373 454 94
Edge 373 558 52
Edge 373 597 63
Edge 373 740 50
Edge 373 856 65
Edge 373 866 92
Edge 373 1316 51
Edge 373 1343 88
Edge 373 1345 80
Edge 373 1635 90
Edge 373 1787 65
Edge 373 1912 51
Edge 373 1917 76
Edge 373 1942 51
Edge 373 2173 60
Edge 373 2242 85
Edge 373 2340 80
Edge 373 2458 99
Edge 373 2743 71
Edge 373 2811 57
Edge 373 3320 95
Edge 373 3484 78
Edge 374 470 85
Edge 374 522 92
Edge 374 534 72
Edge 374 632 64
Edge 374 679 93
Edge 374 793 84
Edge 374 1000 53
Edge 374 1017 83
Edge 374 1309 96
Edge 374 1328 50
Edge 374 1645 67
Edge 374 1852 99
Edge 374 2052 89
Edge 374 2199 95
Edge 374 2263 50
Edge 374 2299 98
Edge 374 2321 93
Edge 374 2426 85
Edge 374 2455 64
Edge 374 2548 59
Edge 374 2772 61
Edge 374 3007 50
Edge 374 3361 51
Edge 374 3429 67
Edge 375 511 93
Edge 375 601 99
Edge 375 703 59
Edge 375 901 84
Edge 375 1024 51
Edge 375 1164 70
Edge 375 1187 96
Edge 375 1265 93
Edge 375 1820 90
Edge 375 1927 63
Edge 375 1950 75
Edge 375 2015 74
Edge 375 2135 78
Edge 375 2152 55
Edge 375 2155 64
Edge 375 2272 53
Edge 375 2437 50
Edge 375 2595 89
Edge 375 2624 78
Edge 375 2776 53
Edge 375 2847 86
Edge 375 2985 96
Edge 375 3397 60
Edge 375 3420 85
Edge 376 437 52
Edge 376 452 79
Edge 376 472 94
Edge 376 511 72
Edge 376 606 91
Edge 376 736 95
Edge 376 890 65
Edge 376 1003 78
Edge 376 1136 90
Edge 376 1235 78
Edge 376 1360 82
Edge 376 1438 94
Edge 376 1439 76
Edge 376 1808 54
Edge 376 2038 82
Edge 376 2247 51
Edge 376 2435 52
Edge 376 2668 99
Edge 376 3079 97
Edge 376 3279 50
Edge 376 3280 91
Edge 376 3377 57
Edge 376 3443 90
Edge 376 3588 72
Edge 377 408 68
Edge 377 418 55
Edge 377 451 93
Edge 377 475 62
Edge 377 602 79
Edge 377 617 85
Edge 377 978 95
Edge 377 1264 84
Edge 377 1407 50
Edge 377 1514 54
Edge 377 1525 50
Edge 377 1610 59
Edge 377 1695 51
Edge 377 1699 79
Edge 377 1745 66
Edge 377 1859 56
Edge 377 1910 83
Edge 377 2049 100
Edge 377 2089 70
Edge 377 2187 71
Edge 377 2557 98
Edge 377 2651 75
Edge 377 2697 63
Edge 377 2909 87
Edge 377 2947 76
Edge 378 475 70
Edge 378 590 58
Edge 378 672 67
Edge 378 808 57
Edge 378 850 83
Edge 378 905 83
Edge 378 916 96
Edge 378 1098 61
Edge 378 1106 81
Edge 378 1115 62
Edge 378 1284 70
Edge 378 1316 51
Edge 378 1327 64
Edge 378 1383 91
Edge 378 1752 94
Edge 378 1996 71
Edge 378 2216 58
Edge 378 2354 51
Edge 378 2405 73
Edge 378 2410 56
Edge 378 2595 57
Edge 378 2643 51
Edge 378 2649 54
Edge 378 3037 69
Edge 378 3643 96
Edge 379 392 63
Edge 379 497 79
Edge 379 517 98
Edge 379 608 97
Edge 379 673 52
Edge 379 744 87
Edge 379 767 95
Edge 379 775 63
Edge 379 802 64
Edge 379 929 58
Edge 379 1084 62
Edge 379 1250 85
Edge 379 1286 62
Edge 379 1292 76
Edge 379 1316 82
Edge 379 1351 65
Edge 379 1530 70
Edge 379 1538 79
Edge 379 1928 93
Edge 379 2792 66
Edge 379 2918 86
Edge 379 3065 92
Edge 379 3293 55
Edge 379 3497 61
Edge 380 455 61
Edge 380 521 51
Edge 380 527 58
Edge 380 829 92
Edge 380 922 52
Edge 380 923 70
Edge 380 974 51
Edge 380 1001 68
Edge 380 1156 81
Edge 380 1287 52
Edge 380 1682 57
Edge 380 1764 79
Edge 380 1832 77
Edge 380 1937 65
Edge 380 2355 55
Edge 380 2767 79
Edge 380 2874 62
Edge 380 2877 91
Edge 380 3058 87
Edge 380 3127 65
Edge 380 3207 55
Edge 380 3329 88
Edge 380 3350 50
Edge 380 3464 64
Edge 381 396 65
Edge 381 594 54
Edge 381 623 66
Edge 381 805 65
Edge 381 837 66
Edge 381 840 72
Edge 381 1075 54
Edge 381 1221 82
Edge 381 1231 55
Edge 381 1352 98
Edge 381 1597 66
Edge 381 1671 79
Edge 381 1957 88
Edge 381 2011 71
Edge 381 2170 71
Edge 381 2226 61
Edge 381 2481 79
Edge 381 2618 75
Edge 381 2657 69
Edge 381 3078 80
Edge 381 3417 87
Edge 381 3467 59
Edge 382 437 56
Edge 382 459 64
Edge 382 674 65
Edge 382 727 87
Edge 382 810 59
Edge 382 1032 88
Edge 382 1293 87
Edge 382 1344 66
Edge 382 1464 58
Edge 382 2043 63
Edge 382 2126 68
Edge 382 2150 95
Edge 382 2286 97
Edge 382 2346 56
Edge 382 2480 93
Edge 382 2694 53
Edge 382 2785 68
Edge 382 2791 60
Edge 382 3030 52
Edge 382 3268 83
Edge 382 3276 65
Edge 382 3336 52
Edge 382 3643 89
Edge 383 433 80
Edge 383 451 91
Edge 383 475 98
Edge 383 990 80
Edge 383 1062 88
Edge 383 1179 84
Edge 383 1276 74
Edge 383 1435 59
Edge 383 1436 53
Edge 383 1741 58
Edge 383 1870 87
Edge 383 1895 92
Edge 383 2056 78
Edge 383 2596 82
Edge 383 2654 69
Edge 383 2868 68
Edge 383 3441 51
Edge 383 3551 75
Edge 383 3610 62
Edge 384 394 84
Edge 384 559 99
Edge 384 576 82
Edge 384 662 95
Edge 384 713 89
Edge 384 876 90
Edge 384 1317 92
Edge 384 1534 99
Edge 384 1707 57
Edge 384 1729 79
Edge 384 1751 62
Edge 384 1934 59
Edge 384 2004 81
Edge 384 2162 71
Edge 384 2209 51
Edge 384 2307 80
Edge 384 2643 74
Edge 384 2828 67
Edge 384 2899 62
Edge 384 2958 58
Edge 384 3260 87
Edge 384 3274 90
Edge 384 3452 95
Edge 385 432 80
Edge 385 474 71
Edge 385 900 86
Edge 385 903 71
Edge 385 906 99
Edge 385 1092 80
Edge 385 1144 74
Edge 385 1238 67
Edge 385 1550 89
Edge 385 1596 59
Edge 385 1683 74
Edge 385 1833 56
Edge 385 2078 87
Edge 385 2238 63
Edge 385 2353 51
Edge 385 2398 55
Edge 385 2449 66
Edge 385 2479 96
Edge 385 2609 60
Edge 385 3408 70
Edge 385 3528 80
Edge 386 399 79
Edge 386 1020 93
Edge 386 1137 80
Edge 386 1273 87
Edge 386 1350 89
Edge 386 1420 64
Edge 386 1556 92
Edge 386 1661 79
Edge 386 1798 80
Edge 386 1803 55
Edge 386 1988 64
Edge 386 2014 52
Edge 386 2195 81
Edge 386 2201 72
Edge 386 2209 58
Edge 386 2222 85
Edge 386 2339 89
Edge 386 2373 89
Edge 386 2803 60
Edge 386 3182 55
Edge 386 3290 89
Edge 386 3370 77
Edge 386 3383 70
Edge 386 3587 70
Edge 387 397 68
Edge 387 398 58
Edge 387 403 100
Edge 387 726 59
Edge 387 841 52
Edge 387 1070 67
Edge 387 1118 87
Edge 387 1251 75
Edge 387 1308 68
Edge 387 1410 98
Edge 387 1607 73
Edge 387 1612 65
Edge 387 1678 84
Edge 387 1882 71
Edge 387 1892 70
Edge 387 1899 83
Edge 387 2115 95
Edge 387 2337 58
Edge 387 2630 78
Edge 387 2839 80
Edge 387 3444 70
Edge 388 444 76
Edge 388 505 90
Edge 388 646 92
Edge 388 695 83
Edge 388 881 75
Edge 388 953 83
Edge 388 1044 95
Edge 388 1137 97
Edge 388 1294 62
Edge 388 1367 96
Edge 388 1453 59
Edge 388 1626 94
Edge 388 1663 91
Edge 388 1753 66
Edge 388 1775 97
Edge 388 1783 57
Edge 388 1911 73
Edge 388 2058 80
Edge 388 2389 89
Edge 388 2642 57
Edge 388 2702 50
Edge 388 3374 83
Edge 388 3485 50
Edge 388 3658 87
Edge 389 456 59
Edge 389 522 64
Edge 389 627 73
Edge 389 740 85
Edge 389 746 57
Edge 389 825 66
Edge 389 849 65
Edge 389 907 99
Edge 389 989 93
Edge 389 1017 95
Edge 389 1065 87
Edge 389 1080 63
Edge 389 1246 73
Edge 389 1697 69
Edge 389 1780 62
Edge 389 1843 78
Edge 389 1882 70
Edge 389 1892 89
Edge 389 2383 76
Edge 389 2787 65
Edge 389 2855 68
Edge 389 3042 85
Edge 389 3334 64
Edge 389 3651 57
Edge 390 466 80
Edge 390 574 50
Edge 390 596 68
Edge 390 684 59
Edge 390 1088 92
Edge 390 1105 60
Edge 390 1176 82
Edge 390 1354 74
Edge 390 1405 86
Edge 390 1445 89
Edge 390 1919 97
Edge 390 1941 90
Edge 390 2087 55
Edge 390 2161 73
Edge 390 2213 71
Edge 390 2275 51
Edge 390 2335 91
Edge 390 2750 89
Edge 390 2886 82
Edge 390 2989 92
Edge 390 3030 99
Edge 390 3185 55
Edge 390 3290 51
Edge 391 422 68
Edge 391 578 69
Edge 391 704 76
Edge 391 738 98
Edge 391 787 55
Edge 391 914 54
Edge 391 1263 58
Edge 391 1274 67
Edge 391 1319 57
Edge 391 1339 95
Edge 391 1407 74
Edge 391 1581 76
Edge 391 1778 72
Edge 391 1839 54
Edge 391 2168 64
Edge 391 2172 72
Edge 391 2190 53
Edge 391 2233 77
Edge 391 2502 94
Edge 391 2841 53
Edge 391 2876 98
Edge 391 3176 99
Edge 391 3398 55
Edge 391 3412 94
Edge 392 393 76
Edge 392 514 91
Edge 392 780 60
Edge 392 822 53
Edge 392 972 66
Edge 392 1069 74
Edge 392 1330 75
Edge 392 1466 73
Edge 392 1498 88
Edge 392 1669 96
Edge 392 2020 51
Edge 392 2040 62
Edge 392 2055 88
Edge 392 2452 62
Edge 392 2515 85
Edge 392 2564 62
Edge 392 2588 66
Edge 392 2770 86
Edge 392 2847 94
Edge 393 397 55
Edge 393 526 89
Edge 393 672 65
Edge 393 951 64
Edge 393 986 75
Edge 393 1016 62
Edge 393 1034 53
Edge 393 1214 74
Edge 393 1305 70
Edge 393 1564 99
Edge 393 1649 67
Edge 393 1820 72
Edge 393 1930 68
Edge 393 2155 56
Edge 393 2386 92
Edge 393 2465 93
Edge 393 2529 57
Edge 393 2612 87
Edge 393 2720 87
Edge 393 2779 83
Edge 393 2852 61
Edge 393 2937 98
Edge 394 438 59
Edge 394 498 97
Edge 394 756 69
Edge 394 909 63
Edge 394 937 54
Edge 394 1177 66
Edge 394 1524 67
Edge 394 1603 63
Edge 394 1774 87
Edge 394 1871 67
Edge 394 1925 89
Edge 394 1967 95
Edge 394 1980 71
Edge 394 2365 56
Edge 394 2920 97
Edge 394 2949 75
Edge 394 3009 89
Edge 394 3033 57
Edge 394 3283 50
Edge 394 3608 88
Edge 395 714 89
Edge 395 777 99
Edge 395 807 77
Edge 395 808 87
Edge 395 825 79
Edge 395 892 60
Edge 395 1085 63
Edge 395 1429 92
Edge 395 1508 83
Edge 395 1638 69
Edge 395 1680 79
Edge 395 1744 69
Edge 395 1788 62
Edge 395 1901 92
Edge 395 2181 51
Edge 395 2727 59
Edge 395 2748 68
Edge 395 3161 69
Edge 395 3199 84
Edge 395 3210 70
Edge 395 3429 57
Edge 396 406 81
Edge 396 452 61
Edge 396 863 59
Edge 396 888 80
Edge 396 890 61
Edge 396 1108 83
Edge 396 1227 73
Edge 396 1997 55
Edge 396 2430 93
Edge 396 2502 67
Edge 396 2557 90
Edge 396 2591 87
Edge 396 2665 77
Edge 396 2959 72
Edge 396 3122 85
Edge 396 3164 94
Edge 396 3184 64
Edge 396 3320 94
Edge 396 3361 89
Edge 397 443 80
Edge 397 653 65
Edge 397 733 95
Edge 397 994 60
Edge 397 1161 95
Edge 397 1174 57
Edge 397 1334 75
Edge 397 1486 67
Edge 397 1494 71
Edge 397 1513 82
Edge 397 1597 53
Edge 397 1803 78
Edge 397 2075 81
Edge 397 2452 59
Edge 397 2910 77
Edge 397 2979 92
Edge 397 2985 89
Edge 397 3041 88
Edge 397 3157 54
Edge 397 3209 91
Edge 397 3633 74
Edge 398 437 85
Edge 398 544 86
Edge 398 759 52
Edge 398 762 77
Edge 398 1115 58
Edge 398 1286 90
Edge 398 1290 73
Edge 398 1338 87
Edge 398 1345 97
Edge 398 1526 50
Edge 398 1833 55
Edge 398 2379 53
Edge 398 2435 77
Edge 398 2440 53
Edge 398 2549 94
Edge 398 2569 68
Edge 398 2583 93
Edge 398 2670 58
Edge 398 2704 60
Edge 398 3027 84
Edge 398 3287 88
Edge 399 489 67
Edge 399 504 82
Edge 399 585 79
Edge 399 809 95
Edge 399 821 60
Edge 399 860 54
Edge 399 1220 75
Edge 399 1286 98
Edge 399 1326 81
Edge 399 1332 80
Edge 399 1404 96
Edge 399 1494 65
Edge 399 1540 50
Edge 399 1758 59
Edge 399 1913 86
Edge 399 1994 62
Edge 399 2108 95
Edge 399 2354 83
Edge 399 3011 57
Edge 399 3084 91
Edge 399 3199 83
Edge 399 3493 54
Edge 400 501 90
Edge 400 571 52
Edge 400 880 61
Edge 400 1006 76
Edge 400 1080 95
Edge 400 1145 71
Edge 400 1163 68
Edge 400 1258 85
Edge 400 1350 67
Edge 400 1370 95
Edge 400 1417 66
Edge 400 1426 89
Edge 400 1488 64
Edge 400 1682 59
Edge 400 1730 80
Edge 400 1863 73
Edge 400 1959 73
Edge 400 1963 85
Edge 400 2115 57
Edge 400 2472 90
Edge 400 2591 55
Edge 400 2823 50
Edge 400 2845 53
Edge 400 3205 73
Edge 401 444 71
Edge 401 502 98
Edge 401 561 70
Edge 401 665 70
Edge 401 730 68
Edge 401 752 66
Edge 401 892 73
Edge 401 1038 51
Edge 401 1104 97
Edge 401 1132 89
Edge 401 1142 80
Edge 401 1257 90
Edge 401 1379 81
Edge 401 1413 64
Edge 401 1700 78
Edge 401 1799 50
Edge 401 2086 50
Edge 401 2216 97
Edge 401 2452 82
Edge 401 2475 69
Edge 401 2747 72
Edge 401 3427 96
Edge 402 466 78
Edge 402 482 74
Edge 402 580 79
Edge 402 1031 95
Edge 402 1054 96
Edge 402 1323 80
Edge 402 1447 52
Edge 402 1456 55
Edge 402 1539 88
Edge 402 1545 62
Edge 402 1766 71
Edge 402 1781 66
Edge 402 1821 79
Edge 402 2161 81
Edge 402 2171 89
Edge 402 2197 92
Edge 402 2227 83
Edge 402 2680 62
Edge 402 2844 74
Edge 402 2992 53
Edge 402 3198 69
Edge 402 3290 84
Edge 402 3420 64
Edge 403 421 63
Edge 403 595 73
Edge 403 692 96
Edge 403 891 72
Edge 403 945 97
Edge 403 1128 66
Edge 403 1162 56
Edge 403 1318 77
Edge 403 1442 98
Edge 403 1555 59
Edge 403 1703 64
Edge 403 1841 51
Edge 403 2194 67
Edge 403 2201 69
Edge 403 2230 74
Edge 403 2235 81
Edge 403 2550 81
Edge 403 2562 88
Edge 403 2601 93
Edge 403 2913 77
Edge 403 3365 99
Edge 403 3642 55
Edge 404 419 52
Edge 404 474 98
Edge 404 525 58
Edge 404 541 66
Edge 404 604 78
Edge 404 802 77
Edge 404 848 92
Edge 404 915 75
Edge 404 1205 97
Edge 404 1427 82
Edge 404 1439 81
Edge 404 1547 76
Edge 404 1821 80
Edge 404 1838 72
Edge 404 1931 71
Edge 404 2152 55
Edge 404 2165 82
Edge 404 2412 87
Edge 404 2571 68
Edge 404 2659 61
Edge 404 2866 74
Edge 404 3362 78
Edge 404 3374 63
Edge 405 505 71
Edge 405 631 53
Edge 405 690 70
Edge 405 1294 67
Edge 405 1503 78
Edge 405 1522 72
Edge 405 1874 88
Edge 405 2034 84
Edge 405 2088 66
Edge 405 2425 74
Edge 405 2488 90
Edge 405 2574 52
Edge 405 2611 54
Edge 405 2674 92
Edge 405 2847 71
Edge 405 3224 61
Edge 405 3233 75
Edge 405 3236 70
Edge 405 3304 92
Edge 405 3504 59
Edge 405 3520 67
Edge 406 422 57
Edge 406 507 97
Edge 406 888 66
Edge 406 1035 66
Edge 406 1173 80
Edge 406 1275 75
Edge 406 1370 57
Edge 406 1406 85
Edge 406 1630 63
Edge 406 1650 62
Edge 406 1774 72
Edge 406 1986 74
Edge 406 2050 62
Edge 406 2181 83
Edge 406 2309 99
Edge 406 2351 61
Edge 406 2382 70
Edge 406 2607 69
Edge 406 2739 59
Edge 406 2758 82
Edge 406 2830 68
Edge 406 2831 56
Edge 406 3472 76
Edge 407 700 87
Edge 407 705 79
Edge 407 903 70
Edge 407 932 69
Edge 407 1402 51
Edge 407 1470 94
Edge 407 1648 89
Edge 407 1849 61
Edge 407 1965 55
Edge 407 2388 55
Edge 407 2392 64
Edge 407 2472 63
Edge 407 2665 73
Edge 407 2822 63
Edge 407 2892 98
Edge 407 2898 71
Edge 407 3082 94
Edge 407 3171 88
Edge 407 3216 67
Edge 407 3318 58
Edge 407 3387 72
Edge 407 3443 60
Edge 408 512 96
Edge 408 518 71
Edge 408 582 59
Edge 408 693 83
Edge 408 717 94
Edge 408 781 83
Edge 408 915 83
Edge 408 1029 83
Edge 408 1319 76
Edge 408 1341 77
Edge 408 1707 57
Edge 408 2071 64
Edge 408 2140 93
Edge 408 2212 89
Edge 408 2273 74
Edge 408 2498 72
Edge 408 2639 50
Edge 408 2920 76
Edge 408 2926 94
Edge 408 3270 62
Edge 408 3451 88
Edge 409 432 96
Edge 409 707 62
Edge 409 813 98
Edge 409 859 79
Edge 409 1028 55
Edge 409 1040 72
Edge 409 1224 90
Edge 409 1394 86
Edge 409 1418 65
Edge 409 1562 88
Edge 409 1619 65
Edge 409 1796 82
Edge 409 1963 99
Edge 409 2255 64
Edge 409 2461 84
Edge 409 2614 92
Edge 409 2821 87
Edge 409 2848 89
Edge 409 2922 82
Edge 409 3089 78
Edge 409 3104 87
Edge 409 3165 93
Edge 409 3438 62
Edge 410 414 92
Edge 410 479 56
Edge 410 481 63
Edge 410 549 78
Edge 410 598 62
Edge 410 728 83
Edge 410 881 81
Edge 410 1118 80
Edge 410 1243 78
Edge 410 1492 60
Edge 410 1619 51
Edge 410 1922 52
Edge 410 2052 96
Edge 410 2394 75
Edge 410 2571 98
Edge 410 2619 60
Edge 410 2979 74
Edge 410 3343 86
Edge 410 3549 58
Edge 410 3567 58
Edge 410 3624 56
Edge 411 416 91
Edge 411 468 98
Edge 411 578 99
Edge 411 806 70
Edge 411 999 98
Edge 411 1076 77
Edge 411 1185 77
Edge 411 1297 94
Edge 411 1321 70
Edge 411 1388 80
Edge 411 1414 55
Edge 411 1613 52
Edge 411 1818 86
Edge 411 1906 60
Edge 411 1975 78
Edge 411 2436 51
Edge 411 2626 98
Edge 411 2725 85
Edge 411 2930 58
Edge 411 3110 97
Edge 411 3339 53
Edge 411 3372 58
Edge 412 481 66
Edge 412 573 90
Edge 412 732 88
Edge 412 733 61
Edge 412 1358 70
Edge 412 1424 82
Edge 412 1544 53
Edge 412 1663 63
Edge 412 1677 99
Edge 412 1812 53
Edge 412 1842 66
Edge 412 2014 81
Edge 412 2101 90
Edge 412 2110 71
Edge 412 2182 58
Edge 412 2564 73
Edge 412 2633 77
Edge 412 2645 97
Edge 412 2662 63
Edge 412 2706 99
Edge 412 2709 83
Edge 412 2722 78
Edge 412 3611 54
Edge 412 3665 61
Edge 413 689 53
Edge 413 690 50
Edge 413 779 54
Edge 413 808 79
Edge 413 838 99
Edge 413 1087 61
Edge 413 1441 51
Edge 413 1503 75
Edge 413 1700 84
Edge 413 1774 64
Edge 413 1837 82
Edge 413 1926 81
Edge 413 2113 98
Edge 413 2243 77
Edge 413 2329 52
Edge 413 2373 87
Edge 413 2383 71
Edge 413 2669 76
Edge 413 2942 52
Edge 413 3239 61
Edge 413 3295 97
Edge 413 3416 70
Edge 413 3566 97
Edge 413 3652 58
Edge 414 485 62
Edge 414 644 75
Edge 414 922 76
Edge 414 1012 59
Edge 414 1105 58
Edge 414 1145 79
Edge 414 1208 56
Edge 414 1259 70
Edge 414 1474 87
Edge 414 1485 71
Edge 414 1705 65
Edge 414 1909 68
Edge 414 1957 83
Edge 414 2125 91
Edge 414 2139 71
Edge 414 2187 60
Edge 414 2255 77
Edge 414 2272 77
Edge 414 2552 85
Edge 414 2636 83
Edge 414 3019 60
Edge 414 3122 97
Edge 414 3158 62
Edge 415 490 91
Edge 415 493 84
Edge 415 543 59
Edge 415 803 91
Edge 415 821 67
Edge 415 876 58
Edge 415 1237 90
Edge 415 1326 96
Edge 415 1370 71
Edge 415 1490 79
Edge 415 1526 67
Edge 415 1920 84
Edge 415 2012 54
Edge 415 2148 64
Edge 415 2150 74
Edge 415 2217 54
Edge 415 2646 76
Edge 415 2871 72
Edge 415 2978 59
Edge 415 2989 51
Edge 415 3133 90
Edge 415 3278 81
Edge 415 3491 58
Edge 416 538 91
Edge 416 555 84
Edge 416 781 89
Edge 416 859 98
Edge 416 886 79
Edge 416 957 62
Edge 416 1001 54
Edge 416 1201 65
Edge 416 1211 74
Edge 416 1713 85
Edge 416 1854 82
Edge 416 1936 84
Edge 416 2003 60
Edge 416 2114 85
Edge 416 2226 79
Edge 416 2524 76
Edge 416 2576 84
Edge 416 2702 69
Edge 416 2915 95
Edge 416 3107 87
Edge 417 518 92
Edge 417 636 85
Edge 417 686 78
Edge 417 787 71
Edge 417 825 55
Edge 417 850 81
Edge 417 905 92
Edge 417 912 84
Edge 417 1057 56
Edge 417 1154 89
Edge 417 1402 76
Edge 417 1434 97
Edge 417 1590 77
Edge 417 1710 56
Edge 417 1723 56
Edge 417 1836 85
Edge 417 1900 97
Edge 417 2079 58
Edge 417 2185 72
Edge 417 2304 75
Edge 417 2497 63
Edge 417 3241 91
Edge 417 3362 94
Edge 417 3397 78
Edge 417 3436 75
Edge 418 452 95
Edge 418 528 75
Edge 418 569 98
Edge 418 586 61
Edge 418 638 78
Edge 418 707 56
Edge 418 761 81
Edge 418 904 94
Edge 418 1126 82
Edge 418 1308 77
Edge 418 1440 77
Edge 418 1563 76
Edge 418 1671 61
Edge 418 1764 79
Edge 418 2013 63
Edge 418 2379 57
Edge 418 2380 92
Edge 418 2388 97
Edge 418 2419 54
Edge 418 2499 57
Edge 418 2617 92
Edge 418 3038 95
Edge 418 3351 84
Edge 419 789 66
Edge 419 845 70
Edge 419 913 94
Edge 419 970 69
Edge 419 1027 81
Edge 419 1113 71
Edge 419 1431 77
Edge 419 1563 84
Edge 419 1663 90
Edge 419 1674 96
Edge 419 1749 92
Edge 419 1750 97
Edge 419 1757 67
Edge 419 1921 71
Edge 419 2153 99
Edge 419 2363 54
Edge 419 2380 89
Edge 419 2408 70
Edge 419 2517 78
Edge 419 2631 84
Edge 419 2683 63
Edge 419 3039 83
Edge 419 3056 87
Edge 419 3413 94
Edge 420 511 88
Edge 420 585 56
Edge 420 595 80
Edge 420 719 92
Edge 420 797 89
Edge 420 832 82
Edge 420 863 58
Edge 420 1143 72
Edge 420 1180 98
Edge 420 1261 50
Edge 420 1401 77
Edge 420 1494 97
Edge 420 1504 97
Edge 420 1553 63
Edge 420 1584 82
Edge 420 1844 92
Edge 420 2053 73
Edge 420 2196 87
Edge 420 2207 77
Edge 420 2251 99
Edge 420 2474 77
Edge 420 2578 93
Edge 420 3480 97
Edge 421 487 86
Edge 421 970 85
Edge 421 1088 57
Edge 421 1105 88
Edge 421 1159 77
Edge 421 1213 66
Edge 421 1220 88
Edge 421 1322 52
Edge 421 1325 58
Edge 421 1764 89
Edge 421 1791 87
Edge 421 1795 66
Edge 421 1858 70
Edge 421 1932 56
Edge 421 1933 89
Edge 421 2391 58
Edge 421 2678 66
Edge 421 2798 77
Edge 421 2933 67
Edge 421 3117 51
Edge 421 3321 72
Edge 421 3419 91
Edge 421 3501 81
Edge 421 3630 52
Edge 422 571 98
Edge 422 618 92
Edge 422 654 73
Edge 422 696 63
Edge 422 842 71
Edge 422 918 56
Edge 422 1050 75
Edge 422 1588 76
Edge 422 1646 97
Edge 422 1980 52
Edge 422 2022 58
Edge 422 2030 61
Edge 422 2216 69
Edge 422 2500 71
Edge 422 2609 97
Edge 422 2756 88
Edge 422 2887 59
Edge 422 2916 72
Edge 422 2989 77
Edge 422 3039 76
Edge 422 3539 74
Edge 422 3591 74
Edge 423 644 71
Edge 423 841 74
Edge 423 898 93
Edge 423 909 52
Edge 423 1217 55
Edge 423 1253 67
Edge 423 1550 77
Edge 423 1702 59
Edge 423 1935 56
Edge 423 2058 50
Edge 423 2061 59
Edge 423 2135 98
Edge 423 2146 59
Edge 423 2305 95
Edge 423 2462 92
Edge 423 2526 92
Edge 423 2806 92
Edge 423 2813 84
Edge 423 3288 72
Edge 423 3411 87
Edge 424 637 53
Edge 424 707 51
Edge 424 762 73
Edge 424 773 71
Edge 424 775 80
Edge 424 781 63
Edge 424 821 52
Edge 424 837 95
Edge 424 909 66
Edge 424 939 91
Edge 424 1302 67
Edge 424 1725 93
Edge 424 1748 68
Edge 424 2200 54
Edge 424 2217 56
Edge 424 2343 97
Edge 424 2708 57
Edge 424 2911 94
Edge 424 2929 91
Edge 424 3227 80
Edge 424 3261 82
Edge 425 427 80
Edge 425 474 75
Edge 425 486 99
Edge 425 530 57
Edge 425 561 68
Edge 425 579 82
Edge 425 658 57
Edge 425 711 77
Edge 425 877 99
Edge 425 935 95
Edge 425 969 90
Edge 425 1028 87
Edge 425 1185 66
Edge 425 1340 50
Edge 425 1415 84
Edge 425 1577 54
Edge 425 1900 81
Edge 425 1912 76
Edge 425 2175 85
Edge 425 2455 81
Edge 425 2473 70
Edge 425 2720 80
Edge 425 2787 88
Edge 425 2834 58
Edge 425 3389 79
Edge 425 3534 94
Edge 426 567 72
Edge 426 687 72
Edge 426 701 72
Edge 426 1080 80
Edge 426 1139 65
Edge 426 1353 74
Edge 426 1453 89
Edge 426 1486 87
Edge 426 1722 64
Edge 426 2032 53
Edge 426 2037 75
Edge 426 2216 57
Edge 426 2229 51
Edge 426 2681 77
Edge 426 2695 72
Edge 426 2897 69
Edge 426 2987 65
Edge 426 3016 90
Edge 426 3034 76
Edge 426 3081 91
Edge 426 3154 94
Edge 426 3390 54
Edge 426 3588 70
Edge 427 463 88
Edge 427 486 65
Edge 427 931 76
Edge 427 1118 61
Edge 427 1119 98
Edge 427 1166 85
Edge 427 1360 78
Edge 427 1455 68
Edge 427 1502 68
Edge 427 1725 59
Edge 427 1739 65
Edge 427 1747 79
Edge 427 1788 61
Edge 427 1931 93
Edge 427 1939 75
Edge 427 1963 73
Edge 427 2080 61
Edge 427 2422 90
Edge 427 2945 69
Edge 427 3395 56
Edge 427 3400 55
Edge 427 3527 99
Edge 428 457 68
Edge 428 489 52
Edge 428 914 73
Edge 428 1023 74
Edge 428 1069 59
Edge 428 1083 77
Edge 428 1292 97
Edge 428 1557 85
Edge 428 1589 91
Edge 428 1841 63
Edge 428 1873 68
Edge 428 1897 51
Edge 428 2012 76
Edge 428 2046 51
Edge 428 2122 75
Edge 428 2186 68
Edge 428 2389 68
Edge 428 3125 76
Edge 428 3299 64
Edge 428 3302 68
Edge 429 455 96
Edge 429 937 67
Edge 429 960 96
Edge 429 1103 69
Edge 429 1271 64
Edge 429 1307 79
Edge 429 1507 91
Edge 429 1553 76
Edge 429 1562 74
Edge 429 1637 80
Edge 429 1715 96
Edge 429 1754 51
Edge 429 1777 59
Edge 429 1913 71
Edge 429 2018 54
Edge 429 2060 77
Edge 429 2417 86
Edge 429 2447 97
Edge 429 2820 92
Edge 429 3294 82
Edge 430 452 52
Edge 430 539 88
Edge 430 556 62
Edge 430 676 54
Edge 430 850 82
Edge 430 892 54
Edge 430 1080 64
Edge 430 1088 54
Edge 430 1104 89
Edge 430 1278 78
Edge 430 1283 77
Edge 430 1371 70
Edge 430 1736 97
Edge 430 1836 87
Edge 430 1935 67
Edge 430 2028 54
Edge 430 2073 82
Edge 430 2245 73
Edge 430 2279 90
Edge 430 2530 81
Edge 430 3073 53
Edge 430 3379 82
Edge 431 477 72
Edge 431 500 62
Edge 431 626 66
Edge 431 739 57
Edge 431 790 98
Edge 431 814 85
Edge 431 821 93
Edge 431 1340 58
Edge 431 1393 51
Edge 431 1718 95
Edge 431 1791 67
Edge 431 1998 75
Edge 431 2143 55
Edge 431 2263 76
Edge 431 2356 99
Edge 431 2559 89
Edge 431 2560 78
Edge 431 2573 67
Edge 431 2733 66
Edge 431 2762 61
Edge 431 2843 93
Edge 431 2987 92
Edge 431 3026 65
Edge 431 3047 59
Edge 431 3413 88
Edge 432 645 93
Edge 432 719 76
Edge 432 922 59
Edge 432 1287 84
Edge 432 1304 87
Edge 432 1474 94
Edge 432 1493 91
Edge 432 2130 60
Edge 432 2493 98
Edge 432 2636 65
Edge 432 2683 70
Edge 432 2791 89
Edge 432 2835 62
Edge 432 2901 69
Edge 432 2902 79
Edge 432 3224 80
Edge 432 3574 61
Edge 433 496 99
Edge 433 504 75
Edge 433 580 97
Edge 433 680 65
Edge 433 813 98
Edge 433 876 54
Edge 433 916 94
Edge 433 978 98
Edge 433 982 63
Edge 433 1531 79
Edge 433 1584 82
Edge 433 1586 85
Edge 433 1721 62
Edge 433 2039 87
Edge 433 2151 60
Edge 433 2631 64
Edge 433 2772 59
Edge 433 2961 61
Edge 433 2967 75
Edge 433 3254 91
Edge 433 3532 55
Edge 433 3635 92
Edge 434 500 99
Edge 434 513 92
Edge 434 732 64
Edge 434 734 75
Edge 434 796 88
Edge 434 970 75
Edge 434 1023 54
Edge 434 1049 93
Edge 434 1118 70
Edge 434 1433 87
Edge 434 1874 70
Edge 434 1940 74
Edge 434 1993 52
Edge 434 2257 57
Edge 434 2301 67
Edge 434 2314 61
Edge 434 2572 87
Edge 434 2800 98
Edge 434 2830 89
Edge 434 2904 62
Edge 434 3188 67
Edge 434 3533 55
Edge 435 436 72
Edge 435 718 57
Edge 435 909 56
Edge 435 1319 84
Edge 435 1329 64
Edge 435 1359 89
Edge 435 1411 66
Edge 435 1450 79
Edge 435 1648 55
Edge 435 1838 66
Edge 435 2093 62
Edge 435 2391 75
Edge 435 2394 58
Edge 435 2805 62
Edge 435 2814 68
Edge 435 3016 85
Edge 435 3160 72
Edge 435 3638 81
Edge 436 493 57
Edge 436 742 74
Edge 436 764 81
Edge 436 926 52
Edge 436 927 79
Edge 436 934 70
Edge 436 935 63
Edge 436 991 75
Edge 436 1153 57
Edge 436 1233 78
Edge 436 1266 72
Edge 436 1283 88
Edge 436 1385 90
Edge 436 1878 63
Edge 436 2211 66
Edge 436 2379 55
Edge 436 2716 88
Edge 436 2773 89
Edge 436 2882 59
Edge 436 2934 50
Edge 436 3175 79
Edge 436 3367 61
Edge 436 3576 91
Edge 437 443 77
Edge 437 462 60
Edge 437 909 95
Edge 437 1003 59
Edge 437 1037 81
Edge 437 1173 57
Edge 437 1226 95
Edge 437 1372 98
Edge 437 1421 95
Edge 437 1610 94
Edge 437 1839 83
Edge 437 2180 51
Edge 437 2458 79
Edge 437 2689 62
Edge 437 2698 58
Edge 437 2789 66
Edge 437 2903 59
Edge 437 3177 70
Edge 437 3328 87
Edge 437 3457 99
Edge 438 529 75
Edge 438 571 73
Edge 438 942 97
Edge 438 1213 50
Edge 438 1383 86
Edge 438 1898 56
Edge 438 2188 61
Edge 438 2230 82
Edge 438 2441 72
Edge 438 2479 66
Edge 438 2511 71
Edge 438 2580 74
Edge 438 2600 53
Edge 438 2635 72
Edge 438 2920 64
Edge 438 3232 64
Edge 438 3244 93
Edge 438 3446 60
Edge 439 445 70
Edge 439 455 59
Edge 439 604 85
Edge 439 668 82
Edge 439 889 56
Edge 439 915 69
Edge 439 1409 82
Edge 439 1432 59
Edge 439 1438 68
Edge 439 1529 65
Edge 439 1590 60
Edge 439 1869 57
Edge 439 1935 86
Edge 439 2157 57
Edge 439 2359 58
Edge 439 2588 87
Edge 439 2656 57
Edge 439 3109 80
Edge 439 3249 76
Edge 439 3430 96
Edge 439 3432 72
Edge 439 3439 57
Edge 439 3454 91
Edge 439 3490 83
Edge 440 565 50
Edge 440 829 69
Edge 440 873 80
Edge 440 910 67
Edge 440 917 71
Edge 440 933 69
Edge 440 1020 90
Edge 440 1378 90
Edge 440 1391 81
Edge 440 1599 54
Edge 440 1678 70
Edge 440 2095 94
Edge 440 2096 60
Edge 440 2199 95
Edge 440 2294 62
Edge 440 2310 61
Edge 440 2451 81
Edge 440 2659 81
Edge 440 2795 91
Edge 440 2842 52
Edge 440 3319 95
Edge 440 3398 85
Edge 440 3534 68
Edge 441 476 100
Edge 441 520 60
Edge 441 951 98
Edge 441 1172 78
Edge 441 1198 85
Edge 441 1399 62
Edge 441 1577 60
Edge 441 1612 85
Edge 441 1626 67
Edge 441 1716 75
Edge 441 1767 69
Edge 441 1989 59
Edge 441 2097 54
Edge 441 2117 55
Edge 441 2181 53
Edge 441 2321 86
Edge 441 2374 87
Edge 441 2532 56
Edge 441 2673 81
Edge 441 2798 52
Edge 441 2892 82
Edge 441 3177 98
Edge 441 3338 83
Edge 441 3431 74
Edge 442 490 52
Edge 442 506 66
Edge 442 585 59
Edge 442 612 95
Edge 442 720 63
Edge 442 827 91
Edge 442 873 82
Edge 442 910 76
Edge 442 1145 74
Edge 442 1314 87
Edge 442 1534 67
Edge 442 1649 77
Edge 442 1782 90
Edge 442 1789 71
Edge 442 1910 59
Edge 442 2009 62
Edge 442 2112 93
Edge 442 2500 99
Edge 442 2775 84
Edge 442 2900 66
Edge 443 490 87
Edge 443 502 77
Edge 443 531 50
Edge 443 696 89
Edge 443 848 54
Edge 443 1042 52
Edge 443 1058 85
Edge 443 1064 70
Edge 443 1893 64
Edge 443 1965 55
Edge 443 2073 83
Edge 443 2254 59
Edge 443 2785 93
Edge 443 2790 96
Edge 443 2830 73
Edge 443 2838 94
Edge 443 3149 79
Edge 443 3170 93
Edge 443 3275 89
Edge 443 3369 52
Edge 444 635 50
Edge 444 687 95
Edge 444 1014 95
Edge 444 1114 76
Edge 444 1242 57
Edge 444 1328 76
Edge 444 1495 51
Edge 444 2026 67
Edge 444 2141 88
Edge 444 2181 96
Edge 444 2206 54
Edge 444 2254 65
Edge 444 2299 90
Edge 444 2329 66
Edge 444 2966 75
Edge 444 3090 99
Edge 444 3095 88
Edge 444 3593 83
Edge 445 497 58
Edge 445 589 89
Edge 445 725 66
Edge 445 830 99
Edge 445 940 72
Edge 445 1525 65
Edge 445 1718 91
Edge 445 1742 95
Edge 445 1866 97
Edge 445 2179 64
Edge 445 2274 54
Edge 445 2283 69
Edge 445 2780 54
Edge 445 2968 67
Edge 445 2987 62
Edge 445 3031 94
Edge 445 3151 76
Edge 445 3344 96
Edge 445 3354 91
Edge 445 3384 89
Edge 446 471 56
Edge 446 686 93
Edge 446 927 86
Edge 446 990 61
Edge 446 1022 74
Edge 446 1037 77
Edge 446 1076 86
Edge 446 1114 64
Edge 446 1325 54
Edge 446 1494 79
Edge 446 1687 60
Edge 446 1696 66
Edge 446 1907 73
Edge 446 1967 91
Edge 446 2032 66
Edge 446 2036 97
Edge 446 2121 85
Edge 446 2316 96
Edge 446 2450 50
Edge 446 3612 89
Edge 447 464 97
Edge 447 510 70
Edge 447 551 70
Edge 447 563 97
Edge 447 605 87
Edge 447 622 63
Edge 447 640 81
Edge 447 863 94
Edge 447 1048 68
Edge 447 1121 67
Edge 447 1583 55
Edge 447 1650 96
Edge 447 1715 71
Edge 447 1845 54
Edge 447 1865 61
Edge 447 1880 68
Edge 447 1889 63
Edge 447 1937 52
Edge 447 2482 52
Edge 447 2700 60
Edge 447 2749 53
Edge 447 3164 81
Edge 447 3318 63
Edge 447 3338 91
Edge 447 3362 71
Edge 448 568 60
Edge 448 571 70
Edge 448 587 80
Edge 448 960 79
Edge 448 1363 96
Edge 448 1377 63
Edge 448 1395 77
Edge 448 1511 51
Edge 448 1565 55
Edge 448 1566 71
Edge 448 1646 91
Edge 448 1666 88
Edge 448 1683 73
Edge 448 1932 87
Edge 448 1942 95
Edge 448 1996 65
Edge 448 2003 80
Edge 448 2105 60
Edge 448 2632 67
Edge 448 3132 51
Edge 449 530 84
Edge 449 653 59
Edge 449 789 51
Edge 449 1099 51
Edge 449 1293 85
Edge 449 1299 88
Edge 449 1347 80
Edge 449 1611 73
Edge 449 1647 56
Edge 449 1690 85
Edge 449 1752 72
Edge 449 1762 70
Edge 449 1771 65
Edge 449 1882 52
Edge 449 1947 70
Edge 449 1952 81
Edge 449 2193 64
Edge 449 2287 91
Edge 449 2653 64
Edge 449 3279 91
Edge 449 3370 78
Edge 449 3589 65
Edge 450 542 88
Edge 450 649 62
Edge 450 723 58
Edge 450 835 72
Edge 450 868 98
Edge 450 881 54
Edge 450 1016 93
Edge 450 1386 96
Edge 450 1399 77
Edge 450 1443 63
Edge 450 1716 97
Edge 450 1803 91
Edge 450 1904 58
Edge 450 1908 56
Edge 450 2230 79
Edge 450 2307 68
Edge 450 2340 98
Edge 450 2404 97
Edge 450 2769 82
Edge 450 3271 60
Edge 450 3403 87
Edge 451 560 51
Edge 451 631 79
Edge 451 690 75
Edge 451 693 80
Edge 451 702 74
Edge 451 857 54
Edge 451 872 61
Edge 451 1012 90
Edge 451 1290 57
Edge 451 1485 52
Edge 451 1597 78
Edge 451 1892 57
Edge 451 1970 65
Edge 451 2179 81
Edge 451 2223 81
Edge 451 2416 77
Edge 451 2567 96
Edge 451 2667 85
Edge 451 2808 51
Edge 451 2975 69
Edge 451 3359 61
Edge 451 3528 77
Edge 452 578 94
Edge 452 716 84
Edge 452 923 72
Edge 452 1323 98
Edge 452 1496 90
Edge 452 1678 53
Edge 452 1805 84
Edge 452 1944 64
Edge 452 2079 68
Edge 452 2132 63
Edge 452 2256 96
Edge 452 2467 55
Edge 452 3047 86
Edge 452 3110 56
Edge 452 3253 53
Edge 452 3658 71
Edge 453 604 79
Edge 453 657 92
Edge 453 1064 53
Edge 453 1177 58
Edge 453 1779 66
Edge 453 1940 80
Edge 453 2079 66
Edge 453 2303 62
Edge 453 2328 77
Edge 453 2366 64
Edge 453 2556 86
Edge 453 2577 88
Edge 453 2652 61
Edge 453 2914 60
Edge 453 3259 77
Edge 453 3281 79
Edge 453 3287 98
Edge 453 3402 99
Edge 453 3446 65
Edge 453 3589 50
Edge 453 3642 62
Edge 454 909 90
Edge 454 939 57
Edge 454 1188 77
Edge 454 1313 74
Edge 454 1427 53
Edge 454 1533 58
Edge 454 1557 83
Edge 454 1630 86
Edge 454 1964 59
Edge 454 2069 84
Edge 454 2138 60
Edge 454 2530 98
Edge 454 2704 82
Edge 454 2733 53
Edge 454 2966 65
Edge 454 3061 85
Edge 454 3275 56
Edge 454 3345 77
Edge 454 3384 75
Edge 454 3395 60
Edge 454 3571 79
Edge 455 464 97
Edge 455 553 58
Edge 455 813 70
Edge 455 942 57
Edge 455 996 54
Edge 455 1319 61
Edge 455 1333 57
Edge 455 1369 56
Edge 455 1436 54
Edge 455 1563 96
Edge 455 2031 66
Edge 455 2104 87
Edge 455 2193 88
Edge 455 2761 83
Edge 455 2998 70
Edge 455 3304 78
Edge 455 3402 56
Edge 455 3498 67
Edge 455 3648 72
Edge 456 491 67
Edge 456 505 75
Edge 456 571 55
Edge 456 639 95
Edge 456 726 55
Edge 456 869 63
Edge 456 908 67
Edge 456 1097 77
Edge 456 1108 55
Edge 456 1398 99
Edge 456 1650 80
Edge 456 1743 51
Edge 456 1816 68
Edge 456 1852 68
Edge 456 1950 93
Edge 456 1998 52
Edge 456 2684 97
Edge 456 2698 94
Edge 456 2940 81
Edge 456 3141 78
Edge 457 491 94
Edge 457 540 84
Edge 457 579 51
Edge 457 606 57
Edge 457 918 78
Edge 457 1079 71
Edge 457 1354 79
Edge 457 1657 59
Edge 457 1679 57
Edge 457 1791 97
Edge 457 2143 57
Edge 457 2213 61
Edge 457 2741 56
Edge 457 2758 90
Edge 457 2889 91
Edge 457 2951 60
Edge 457 3062 54
Edge 457 3114 63
Edge 457 3265 88
Edge 458 604 74
Edge 458 697 56
Edge 458 935 85
Edge 458 964 93
Edge 458 1005 65
Edge 458 1212 64
Edge 458 1232 74
Edge 458 1235 76
Edge 458 1362 83
Edge 458 1410 59
Edge 458 1439 57
Edge 458 1579 72
Edge 458 1960 77
Edge 458 2130 84
Edge 458 2221 53
Edge 458 2460 98
Edge 458 2635 95
Edge 458 3100 51
Edge 458 3105 88
Edge 458 3444 65
Edge 458 3446 59
Edge 459 464 62
Edge 459 613 67
Edge 459 656 84
Edge 459 678 70
Edge 459 725 58
Edge 459 780 50
Edge 459 926 82
Edge 459 961 73
Edge 459 1065 90
Edge 459 1356 73
Edge 459 1512 94
Edge 459 1741 87
Edge 459 1743 59
Edge 459 1802 88
Edge 459 2475 78
Edge 459 2490 78
Edge 459 2779 70
Edge 459 2960 99
Edge 459 3081 80
Edge 459 3155 88
Edge 459 3431 77
Edge 459 3665 81
Edge 460 506 64
Edge 460 658 66
Edge 460 836 70
Edge 460 889 86
Edge 460 1096 58
Edge 460 1604 93
Edge 460 1701 62
Edge 460 1739 54
Edge 460 2023 58
Edge 460 2050 82
Edge 460 2145 89
Edge 460 2188 89
Edge 460 2271 52
Edge 460 2564 65
Edge 460 2845 58
Edge 460 2924 51
Edge 460 2956 89
Edge 460 2971 60
Edge 460 3186 80
Edge 460 3267 61
Edge 460 3540 56
Edge 461 666 92
Edge 461 732 88
Edge 461 784 79
Edge 461 1122 69
Edge 461 1342 89
Edge 461 1401 80
Edge 461 1415 86
Edge 461 1492 59
Edge 461 1740 90
Edge 461 1746 84
Edge 461 1801 70
Edge 461 1876 93
Edge 461 1894 94
Edge 461 2139 86
Edge 461 2231 65
Edge 461 2364 93
Edge 461 2617 88
Edge 461 2758 95
Edge 461 2855 57
Edge 461 2886 58
Edge 461 3050 91
Edge 461 3059 80
Edge 461 3418 63
Edge 462 572 61
Edge 462 583 78
Edge 462 780 58
Edge 462 814 77
Edge 462 996 94
Edge 462 1017 92
Edge 462 1290 78
Edge 462 1328 85
Edge 462 1390 89
Edge 462 1459 50
Edge 462 1548 67
Edge 462 1584 57
Edge 462 1802 87
Edge 462 1958 75
Edge 462 2131 80
Edge 462 2259 85
Edge 462 2307 50
Edge 462 2569 97
Edge 462 2935 67
Edge 462 2940 60
Edge 462 3667 88
Edge 463 496 100
Edge 463 682 68
Edge 463 738 88
Edge 463 1208 64
Edge 463 1234 67
Edge 463 1406 92
Edge 463 1707 93
Edge 463 1738 60
Edge 463 1750 67
Edge 463 1751 64
Edge 463 1884 93
Edge 463 2021 50
Edge 463 2075 99
Edge 463 2209 94
Edge 463 2697 73
Edge 463 2738 63
Edge 463 2797 70
Edge 463 2965 78
Edge 463 3246 96
Edge 463 3398 63
Edge 463 3598 58
Edge 464 482 72
Edge 464 591 80
Edge 464 607 67
Edge 464 703 60
Edge 464 1077 50
Edge 464 1236 80
Edge 464 1251 53
Edge 464 1498 54
Edge 464 1630 61
Edge 464 1791 76
Edge 464 1901 87
Edge 464 2043 83
Edge 464 2076 81
Edge 464 2144 55
Edge 464 2429 94
Edge 464 2531 64
Edge 464 3044 80
Edge 464 3388 87
Edge 464 3561 70
Edge 465 527 92
Edge 465 687 60
Edge 465 746 73
Edge 465 801 94
Edge 465 1408 95
Edge 465 1469 50
Edge 465 1646 57
Edge 465 1866 53
Edge 465 1933 98
Edge 465 1969 76
Edge 465 1992 66
Edge 465 2286 84
Edge 465 2372 66
Edge 465 2441 65
Edge 465 2624 72
Edge 465 2641 52
Edge 465 2699 80
Edge 465 2722 50
Edge 465 2787 78
Edge 465 2928 50
Edge 465 3000 98
Edge 465 3250 93
Edge 465 3269 75
Edge 466 471 52
Edge 466 472 61
Edge 466 648 84
Edge 466 895 88
Edge 466 922 98
Edge 466 970 89
Edge 466 1078 90
Edge 466 1131 68
Edge 466 1335 86
Edge 466 1461 92
Edge 466 1519 54
Edge 466 1626 92
Edge 466 1819 74
Edge 466 2061 88
Edge 466 2135 56
Edge 466 2235 81
Edge 466 2244 84
Edge 466 2282 51
Edge 466 3634 71
Edge 467 621 87
Edge 467 749 69
Edge 467 889 59
Edge 467 1147 99
Edge 467 1267 54
Edge 467 1437 98
Edge 467 1476 56
Edge 467 1511 67
Edge 467 1573 52
Edge 467 1604 82
Edge 467 1729 82
Edge 467 1804 65
Edge 467 1992 93
Edge 467 2313 72
Edge 467 2354 57
Edge 467 2394 88
Edge 467 2736 82
Edge 467 2761 61
Edge 467 2890 84
Edge 467 2924 95
Edge 467 2983 60
Edge 467 3451 66
Edge 467 3583 83
Edge 468 614 57
Edge 468 996 86
Edge 468 1062 83
Edge 468 1146 96
Edge 468 1370 82
Edge 468 1396 82
Edge 468 1530 70
Edge 468 1576 83
Edge 468 1650 65
Edge 468 1682 96
Edge 468 1860 78
Edge 468 2067 67
Edge 468 2094 61
Edge 468 2513 99
Edge 468 2543 88
Edge 468 2572 55
Edge 468 2591 65
Edge 468 2599 79
Edge 468 2763 82
Edge 468 3279 56
Edge 468 3535 53
Edge 468 3611 91
Edge 469 955 53
Edge 469 965 60
Edge 469 1007 66
Edge 469 1105 92
Edge 469 1121 91
Edge 469 1159 53
Edge 469 1348 52
Edge 469 1444 76
Edge 469 1493 70
Edge 469 1756 92
Edge 469 1799 69
Edge 469 2030 55
Edge 469 2120 56
Edge 469 2738 84
Edge 469 2774 52
Edge 469 2819 72
Edge 469 2836 78
Edge 469 2921 85
Edge 470 595 60
Edge 470 772 88
Edge 470 823 93
Edge 470 1024 67
Edge 470 1168 54
Edge 470 1187 99
Edge 470 1307 51
Edge 470 1489 97
Edge 470 1499 60
Edge 470 1541 78
Edge 470 1607 52
Edge 470 2037 88
Edge 470 2175 80
Edge 470 2332 54
Edge 470 2757 79
Edge 470 2804 53
Edge 470 3063 72
Edge 470 3403 83
Edge 470 3644 98
Edge 471 533 88
Edge 471 609 76
Edge 471 690 77
Edge 471 797 93
Edge 471 832 96
Edge 471 1204 56
Edge 471 1572 92
Edge 471 1616 75
Edge 471 1678 93
Edge 471 1828 52
Edge 471 1875 90
Edge 471 1881 66
Edge 471 2151 57
Edge 471 2227 94
Edge 471 2458 79
Edge 471 2594 90
Edge 471 2726 81
Edge 471 3200 56
Edge 471 3211 56
Edge 472 481 80
Edge 472 741 56
Edge 472 755 77
Edge 472 810 86
Edge 472 1272 57
Edge 472 1430 83
Edge 472 1501 60
Edge 472 1533 66
Edge 472 2354 83
Edge 472 2369 68
Edge 472 2458 65
Edge 472 2567 75
Edge 472 2594 87
Edge 472 3341 93
Edge 472 3441 77
Edge 472 3514 61
Edge 473 531 67
Edge 473 615 51
Edge 473 623 58
Edge 473 867 72
Edge 473 997 96
Edge 473 1050 93
Edge 473 1128 89
Edge 473 1244 78
Edge 473 1301 64
Edge 473 1328 77
Edge 473 1538 77
Edge 473 2039 80
Edge 473 2099 98
Edge 473 2101 97
Edge 473 2143 82
Edge 473 2254 84
Edge 473 2255 68
Edge 473 2288 55
Edge 473 2352 88
Edge 473 2371 83
Edge 473 2798 99
Edge 473 3401 93
Edge 473 3616 89
Edge 474 532 54
Edge 474 624 87
Edge 474 627 67
Edge 474 635 52
Edge 474 687 94
Edge 474 959 65
Edge 474 1052 92
Edge 474 1084 71
Edge 474 1195 64
Edge 474 1518 86
Edge 474 1632 94
Edge 474 1798 51
Edge 474 1944 55
Edge 474 2067 82
Edge 474 2300 98
Edge 474 2592 62
Edge 474 2673 64
Edge 474 2741 99
Edge 474 2758 86
Edge 474 3060 84
Edge 475 745 80
Edge 475 828 60
Edge 475 923 93
Edge 475 1025 92
Edge 475 1180 58
Edge 475 1199 93
Edge 475 1530 96
Edge 475 1826 85
Edge 475 2156 96
Edge 475 2320 54
Edge 475 2323 67
Edge 475 2354 86
Edge 475 2372 59
Edge 475 2639 58
Edge 475 2683 59
Edge 475 3341 62
Edge 475 3532 99
Edge 475 3561 59
Edge 476 503 70
Edge 476 789 84
Edge 476 800 70
Edge 476 1182 56
Edge 476 1248 83
Edge 476 1255 86
Edge 476 1429 54
Edge 476 1550 85
Edge 476 1583 81
Edge 476 1619 50
Edge 476 1786 91
Edge 476 1835 51
Edge 476 1952 70
Edge 476 1998 89
Edge 476 2114 55
Edge 476 2419 80
Edge 476 2510 62
Edge 476 2689 55
Edge 476 2765 81
Edge 476 3178 56
Edge 476 3625 50
Edge 477 545 96
Edge 477 633 78
Edge 477 658 73
Edge 477 742 82
Edge 477 781 78
Edge 477 909 99
Edge 477 1059 83
Edge 477 1184 77
Edge 477 1504 93
Edge 477 1533 75
Edge 477 1721 96
Edge 477 1736 93
Edge 477 1828 80
Edge 477 2043 64
Edge 477 2189 89
Edge 477 2371 78
Edge 477 2484 56
Edge 477 2608 87
Edge 477 2712 71
Edge 477 3160 50
Edge 477 3429 77
Edge 477 3668 75
Edge 478 524 64
Edge 478 559 72
Edge 478 726 89
Edge 478 794 67
Edge 478 804 89
Edge 478 827 77
Edge 478 1035 96
Edge 478 1305 67
Edge 478 1458 89
Edge 478 1486 79
Edge 478 1497 79
Edge 478 1501 92
Edge 478 1604 55
Edge 478 1642 53
Edge 478 1721 91
Edge 478 2059 99
Edge 478 2300 86
Edge 478 2399 89
Edge 478 2476 97
Edge 478 2597 50
Edge 478 2881 59
Edge 478 3168 78
Edge 478 3595 96
Edge 479 829 56
Edge 479 924 59
Edge 479 929 60
Edge 479 946 61
Edge 479 1217 74
Edge 479 1247 66
Edge 479 1486 50
Edge 479 1613 63
Edge 479 1667 50
Edge 479 1847 81
Edge 479 2293 86
Edge 479 2332 82
Edge 479 2413 91
Edge 479 2469 64
Edge 479 2525 73
Edge 479 2733 89
Edge 479 2937 90
Edge 479 3227 80
Edge 479 3305 54
Edge 479 3395 73
Edge 479 3491 91
Edge 480 653 92
Edge 480 668 59
Edge 480 1306 50
Edge 480 1381 98
Edge 480 1418 76
Edge 480 1533 72
Edge 480 1644 66
Edge 480 1968 71
Edge 480 2007 70
Edge 480 2065 78
Edge 480 2185 66
Edge 480 2288 67
Edge 480 2302 98
Edge 480 2339 75
Edge 480 2391 59
Edge 480 2554 57
Edge 480 2855 84
Edge 480 2860 94
Edge 480 2903 77
Edge 480 3175 84
Edge 480 3196 60
Edge 480 3564 54
Edge 480 3615 68
Edge 481 788 71
Edge 481 807 76
Edge 481 1239 82
Edge 481 1276 78
Edge 481 1355 62
Edge 481 1372 54
Edge 481 1395 60
Edge 481 1470 83
Edge 481 1676 70
Edge 481 1748 82
Edge 481 2146 84
Edge 481 2176 68
Edge 481 2204 50
Edge 481 2788 67
Edge 481 3038 77
Edge 481 3218 74
Edge 481 3587 51
Edge 482 529 57
Edge 482 534 63
Edge 482 577 80
Edge 482 589 68
Edge 482 632 62
Edge 482 908 92
Edge 482 947 73
Edge 482 1028 76
Edge 482 1092 70
Edge 482 1300 86
Edge 482 1491 62
Edge 482 1820 73
Edge 482 1840 99
Edge 482 2070 60
Edge 482 2139 97
Edge 482 2142 74
Edge 482 3048 55
Edge 482 3384 55
Edge 482 3420 75
Edge 482 3456 72
Edge 482 3475 58
Edge 483 769 61
Edge 483 849 86
Edge 483 864 67
Edge 483 1221 71
Edge 483 1243 90
Edge 483 1335 93
Edge 483 1740 93
Edge 483 1887 71
Edge 483 1896 59
Edge 483 1916 50
Edge 483 1941 53
Edge 483 1943 51
Edge 483 2041 62
Edge 483 2100 75
Edge 483 2111 62
Edge 483 2634 94
Edge 483 2862 95
Edge 483 2887 58
Edge 483 3250 70
Edge 483 3271 82
Edge 483 3624 84
Edge 484 725 93
Edge 484 854 77
Edge 484 866 95
Edge 484 929 63
Edge 484 1302 71
Edge 484 1447 96
Edge 484 1753 72
Edge 484 2347 76
Edge 484 2373 97
Edge 484 2458 76
Edge 484 2469 52
Edge 484 2556 55
Edge 484 2631 83
Edge 484 2705 51
Edge 484 3002 77
Edge 484 3283 75
Edge 484 3451 61
Edge 484 3594 86
Edge 485 534 70
Edge 485 547 67
Edge 485 656 86
Edge 485 665 80
Edge 485 753 76
Edge 485 1528 69
Edge 485 1636 92
Edge 485 1843 89
Edge 485 1853 99
Edge 485 1924 60
Edge 485 1961 56
Edge 485 2184 77
Edge 485 2201 72
Edge 485 2483 75
Edge 485 2639 85
Edge 485 2734 89
Edge 485 3006 94
Edge 485 3164 54
Edge 485 3168 58
Edge 485 3600 99
Edge 486 539 83
Edge 486 576 53
Edge 486 595 61
Edge 486 698 81
Edge 486 1014 76
Edge 486 1299 56
Edge 486 1785 52
Edge 486 1836 74
Edge 486 1839 87
Edge 486 1923 71
Edge 486 1934 72
Edge 486 2023 60
Edge 486 2187 61
Edge 486 2274 95
Edge 486 2420 61
Edge 486 2547 97
Edge 486 2632 70
Edge 486 2901 76
Edge 486 3364 82
Edge 487 511 87
Edge 487 545 52
Edge 487 671 51
Edge 487 686 58
Edge 487 764 68
Edge 487 874 61
Edge 487 1275 75
Edge 487 1498 69
Edge 487 1556 85
Edge 487 1654 93
Edge 487 2024 79
Edge 487 2057 65
Edge 487 2058 51
Edge 487 2202 50
Edge 487 2309 98
Edge 487 2376 51
Edge 487 2723 92
Edge 487 2931 97
Edge 487 3104 61
Edge 487 3395 79
Edge 488 558 91
Edge 488 596 92
Edge 488 628 59
Edge 488 655 52
Edge 488 809 100
Edge 488 1464 99
Edge 488 1528 82
Edge 488 1652 91
Edge 488 1914 92
Edge 488 1962 70
Edge 488 2098 99
Edge 488 2317 74
Edge 488 2394 98
Edge 488 2439 72
Edge 488 2799 70
Edge 488 2907 79
Edge 488 2965 72
Edge 488 2978 95
Edge 488 3051 83
Edge 488 3341 80
Edge 488 3415 76
Edge 489 632 76
Edge 489 642 59
Edge 489 710 80
Edge 489 891 72
Edge 489 911 96
Edge 489 972 82
Edge 489 980 91
Edge 489 1035 90
Edge 489 1148 85
Edge 489 1183 99
Edge 489 1260 74
Edge 489 1720 98
Edge 489 1741 69
Edge 489 1768 50
Edge 489 2326 68
Edge 489 2472 61
Edge 489 2914 91
Edge 489 3184 50
Edge 489 3402 82
Edge 490 504 55
Edge 490 776 50
Edge 490 864 50
Edge 490 1027 92
Edge 490 1336 64
Edge 490 1416 54
Edge 490 1541 96
Edge 490 1786 59
Edge 490 1926 51
Edge 490 2195 83
Edge 490 2261 96
Edge 490 2390 82
Edge 490 2926 70
Edge 490 2940 78
Edge 490 3109 97
Edge 490 3274 52
Edge 490 3339 88
Edge 490 3363 94
Edge 490 3526 68
Edge 490 3596 60
Edge 491 570 86
Edge 491 744 54
Edge 491 1126 87
Edge 491 1256 92
Edge 491 1429 63
Edge 491 1491 60
Edge 491 1551 78
Edge 491 1619 98
Edge 491 1890 99
Edge 491 1927 58
Edge 491 2127 91
Edge 491 2293 92
Edge 491 2464 86
Edge 491 2488 90
Edge 491 2597 74
Edge 491 2724 92
Edge 491 2775 54
Edge 491 2880 95
Edge 491 3215 61
Edge 491 3310 95
Edge 491 3434 83
Edge 491 3451 94
Edge 492 556 53
Edge 492 629 92
Edge 492 656 78
Edge 492 698 74
Edge 492 817 81
Edge 492 867 82
Edge 492 1187 51
Edge 492 1243 59
Edge 492 1775 80
Edge 492 2193 62
Edge 492 2338 79
Edge 492 2896 60
Edge 492 2900 88
Edge 492 2903 61
Edge 492 2942 94
Edge 492 3061 50
Edge 492 3075 86
Edge 492 3195 77
Edge 492 3338 55
Edge 492 3589 53
Edge 493 573 53
Edge 493 574 56
Edge 493 627 66
Edge 493 695 69
Edge 493 775 92
Edge 493 858 65
Edge 493 980 86
Edge 493 1052 53
Edge 493 1316 70
Edge 493 1375 79
Edge 493 1912 85
Edge 493 1949 75
Edge 493 2017 77
Edge 493 2554 50
Edge 493 2703 54
Edge 493 2828 77
Edge 493 3021 91
Edge 493 3085 85
Edge 493 3250 66
Edge 493 3253 99
Edge 494 561 78
Edge 494 702 59
Edge 494 805 83
Edge 494 897 76
Edge 494 974 99
Edge 494 987 88
Edge 494 1206 72
Edge 494 1381 86
Edge 494 1400 54
Edge 494 1490 68
Edge 494 1711 98
Edge 494 2026 57
Edge 494 2054 63
Edge 494 2260 76
Edge 494 2336 82
Edge 494 2338 91
Edge 494 2478 98
Edge 494 2617 81
Edge 494 2900 74
Edge 494 3076 68
Edge 494 3212 58
Edge 494 3260 92
Edge 494 3658 52
Edge 495 731 81
Edge 495 751 97
Edge 495 765 76
Edge 495 925 70
Edge 495 988 95
Edge 495 1056 87
Edge 495 1202 54
Edge 495 1217 77
Edge 495 1345 51
Edge 495 1367 62
Edge 495 1385 54
Edge 495 1420 93
Edge 495 1670 60
Edge 495 1682 86
Edge 495 1878 67
Edge 495 1961 51
Edge 495 2026 80
Edge 495 2092 70
Edge 495 2257 69
Edge 495 2285 63
Edge 495 2444 56
Edge 495 2578 69
Edge 495 2619 97
Edge 495 2748 79
Edge 496 513 51
Edge 496 620 62
Edge 496 642 69
Edge 496 827 59
Edge 496 1072 70
Edge 496 1088 53
Edge 496 1109 71
Edge 496 1117 58
Edge 496 1255 88
Edge 496 1344 77
Edge 496 1351 99
Edge 496 1448 88
Edge 496 1705 83
Edge 496 1841 96
Edge 496 1950 51
Edge 496 2123 92
Edge 496 2175 52
Edge 496 2264 73
Edge 496 3163 95
Edge 496 3166 74
Edge 496 3380 85
Edge 497 589 64
Edge 497 875 82
Edge 497 909 61
Edge 497 1028 52
Edge 497 1166 88
Edge 497 1422 74
Edge 497 1765 64
Edge 497 2121 55
Edge 497 2171 68
Edge 497 2183 86
Edge 497 2397 51
Edge 497 2548 60
Edge 497 2587 65
Edge 497 2692 98
Edge 497 2804 65
Edge 497 2851 94
Edge 497 2987 81
Edge 497 3032 60
Edge 497 3083 82
Edge 497 3374 77
Edge 497 3599 61
Edge 498 511 80
Edge 498 553 93
Edge 498 606 92
Edge 498 686 86
Edge 498 736 50
Edge 498 772 69
Edge 498 1022 89
Edge 498 1119 86
Edge 498 1133 88
Edge 498 1159 88
Edge 498 1434 72
Edge 498 1792 86
Edge 498 2007 82
Edge 498 2056 93
Edge 498 2231 83
Edge 498 2264 81
Edge 498 2305 92
Edge 498 2448 81
Edge 498 2454 79
Edge 498 2668 51
Edge 498 2844 53
Edge 498 3654 84
Edge 499 606 60
Edge 499 753 69
Edge 499 754 91
Edge 499 770 91
Edge 499 785 90
Edge 499 876 81
Edge 499 900 58
Edge 499 1012 66
Edge 499 1013 61
Edge 499 1163 71
Edge 499 1164 57
Edge 499 1589 83
Edge 499 1596 57
Edge 499 1625 95
Edge 499 1629 80
Edge 499 2337 73
Edge 499 2826 92
Edge 499 2855 62
Edge 499 3151 95
Edge 499 3240 69
Edge 499 3326 88
Edge 499 3395 83
Edge 499 3624 78
Edge 500 570 53
Edge 500 667 86
Edge 500 895 93
Edge 500 940 68
Edge 500 1044 79
Edge 500 1296 93
Edge 500 1551 98
Edge 500 1701 63
Edge 500 2298 80
Edge 500 2617 84
Edge 500 2680 58
Edge 500 2757 63
Edge 500 2767 70
Edge 500 2880 55
Edge 500 3034 59
Edge 500 3099 79
Edge 500 3244 67
Edge 500 3279 74
Edge 500 3413 94
Edge 500 3549 93
Edge 501 508 96
Edge 501 724 94
Edge 501 1078 56
Edge 501 1180 63
Edge 501 1202 56
Edge 501 1218 74
Edge 501 1357 70
Edge 501 1367 72
Edge 501 1418 93
Edge 501 1552 65
Edge 501 1742 69
Edge 501 1805 68
Edge 501 1830 52
Edge 501 1902 85
Edge 501 2088 69
Edge 501 2199 96
Edge 501 2412 55
Edge 501 2649 87
Edge 501 2728 78
Edge 501 2808 51
Edge 501 2913 60
Edge 501 3613 82
Edge 502 608 80
Edge 502 685 73
Edge 502 694 64
Edge 502 717 69
Edge 502 780 98
Edge 502 865 55
Edge 502 923 85
Edge 502 1403 72
Edge 502 1726 53
Edge 502 2196 58
Edge 502 2360 100
Edge 502 2695 92
Edge 502 2731 55
Edge 502 2812 82
Edge 502 3035 98
Edge 502 3188 90
Edge 502 3297 80
Edge 502 3464 93
Edge 503 545 79
Edge 503 602 58
Edge 503 875 74
Edge 503 1179 90
Edge 503 1447 99
Edge 503 1519 52
Edge 503 1568 77
Edge 503 1670 76
Edge 503 1833 87
Edge 503 1853 58
Edge 503 1962 73
Edge 503 2143 92
Edge 503 2185 99
Edge 503 2187 62
Edge 503 2239 65
Edge 503 2696 84
Edge 503 2730 74
Edge 503 2752 99
Edge 503 2759 67
Edge 503 2898 92
Edge 503 3258 78
Edge 503 3570 78
Edge 504 539 75
Edge 504 664 62
Edge 504 671 86
Edge 504 684 64
Edge 504 904 76
Edge 504 934 70
Edge 504 967 67
Edge 504 1234 51
Edge 504 1304 95
Edge 504 1440 91
Edge 504 1535 66
Edge 504 1637 95
Edge 504 1903 50
Edge 504 2016 60
Edge 504 2063 96
Edge 504 2154 59
Edge 504 2243 70
Edge 504 2392 99
Edge 504 2551 98
Edge 504 3551 78
Edge 505 854 77
Edge 505 1007 84
Edge 505 1095 51
Edge 505 1220 65
Edge 505 1442 66
Edge 505 1458 77
Edge 505 1525 70
Edge 505 1901 63
Edge 505 2050 66
Edge 505 2103 82
Edge 505 2105 71
Edge 505 2578 53
Edge 505 2781 65
Edge 505 2792 72
Edge 505 2811 85
Edge 505 2816 83
Edge 505 2869 65
Edge 505 2988 93
Edge 505 3334 72
Edge 506 679 67
Edge 506 703 55
Edge 506 867 66
Edge 506 1064 78
Edge 506 1224 99
Edge 506 1291 50
Edge 506 1479 96
Edge 506 1544 90
Edge 506 1697 75
Edge 506 1796 87
Edge 506 1844 61
Edge 506 1965 72
Edge 506 2092 89
Edge 506 2329 57
Edge 506 2474 88
Edge 506 2676 92
Edge 506 2907 53
Edge 506 3550 75
Edge 507 788 58
Edge 507 948 62
Edge 507 970 75
Edge 507 1023 70
Edge 507 1218 59
Edge 507 1221 50
Edge 507 1733 95
Edge 507 1783 60
Edge 507 1849 56
Edge 507 1890 53
Edge 507 1933 71
Edge 507 2242 90
Edge 507 2316 68
Edge 507 2362 69
Edge 507 2604 80
Edge 507 2694 96
Edge 507 2830 53
Edge 507 3018 63
Edge 507 3487 74
Edge 507 3519 94
Edge 508 554 98
Edge 508 570 57
Edge 508 807 63
Edge 508 874 69
Edge 508 1281 99
Edge 508 1317 59
Edge 508 1373 82
Edge 508 1553 88
Edge 508 1625 62
Edge 508 1739 59
Edge 508 1784 82
Edge 508 1795 94
Edge 508 2201 57
Edge 508 2255 63
Edge 508 2629 59
Edge 508 2900 70
Edge 508 3035 50
Edge 508 3145 61
Edge 508 3228 55
Edge 508 3235 69
Edge 508 3309 92
Edge 509 535 75
Edge 509 1128 94
Edge 509 1330 83
Edge 509 1537 72
Edge 509 1571 67
Edge 509 1693 98
Edge 509 1852 90
Edge 509 1965 75
Edge 509 1984 80
Edge 509 2358 89
Edge 509 2782 84
Edge 509 3046 71
Edge 509 3075 53
Edge 509 3182 64
Edge 509 3241 84
Edge 509 3406 76
Edge 510 534 77
Edge 510 607 87
Edge 510 810 51
Edge 510 1041 94
Edge 510 1043 54
Edge 510 1097 98
Edge 510 1131 68
Edge 510 1179 50
Edge 510 1183 84
Edge 510 1262 97
Edge 510 1305 85
Edge 510 1474 81
Edge 510 1489 82
Edge 510 1520 90
Edge 510 1647 51
Edge 510 2381 77
Edge 510 2397 65
Edge 510 2555 80
Edge 510 2631 86
Edge 510 2879 97
Edge 510 3301 86
Edge 510 3555 64
Edge 511 671 91
Edge 511 695 58
Edge 511 894 79
Edge 511 999 81
Edge 511 1406 87
Edge 511 1443 81
Edge 511 1504 94
Edge 511 1714 68
Edge 511 1794 81
Edge 511 2057 54
Edge 511 2364 89
Edge 511 2574 70
Edge 511 2787 84
Edge 511 2874 57
Edge 511 2901 84
Edge 511 3335 55
Edge 511 3541 63
Edge 512 535 80
Edge 512 858 85
Edge 512 1305 54
Edge 512 1566 74
Edge 512 1680 69
Edge 512 1740 57
Edge 512 1765 75
Edge 512 1866 62
Edge 512 2074 62
Edge 512 2102 88
Edge 512 2117 86
Edge 512 2127 65
Edge 512 2330 58
Edge 512 2349 79
Edge 512 2644 99
Edge 512 2868 92
Edge 512 2997 57
Edge 512 3191 92
Edge 512 3231 68
Edge 513 535 89
Edge 513 738 89
Edge 513 754 76
Edge 513 770 86
Edge 513 812 60
Edge 513 997 78
Edge 513 1058 81
Edge 513 1385 60
Edge 513 1436 93
Edge 513 1441 71
Edge 513 1640 57
Edge 513 2087 78
Edge 513 2160 63
Edge 513 2198 63
Edge 513 2502 91
Edge 513 2532 70
Edge 513 3044 99
Edge 513 3601 96
Edge 514 637 71
Edge 514 795 89
Edge 514 831 94
Edge 514 1341 76
Edge 514 1618 64
Edge 514 1777 57
Edge 514 1948 69
Edge 514 1988 97
Edge 514 2044 86
Edge 514 2082 81
Edge 514 2099 72
Edge 514 2149 94
Edge 514 2259 50
Edge 514 2499 70
Edge 514 2531 96
Edge 514 2688 98
Edge 514 3054 53
Edge 514 3070 86
Edge 514 3214 75
Edge 514 3338 50
Edge 514 3484 61
Edge 514 3521 86
Edge 515 642 59
Edge 515 1047 86
Edge 515 1137 91
Edge 515 1231 83
Edge 515 1421 70
Edge 515 1423 64
Edge 515 1560 91
Edge 515 2447 81
Edge 515 2559 92
Edge 515 2615 80
Edge 515 2809 94
Edge 515 2824 61
Edge 515 2856 97
Edge 515 2873 72
Edge 515 2902 90
Edge 515 2928 84
Edge 515 3198 72
Edge 515 3205 53
Edge 515 3294 75
Edge 515 3568 64
Edge 516 565 91
Edge 516 614 74
Edge 516 651 52
Edge 516 670 99
Edge 516 731 58
Edge 516 931 54
Edge 516 985 50
Edge 516 1078 82
Edge 516 1110 71
Edge 516 1233 89
Edge 516 1323 73
Edge 516 1422 74
Edge 516 1454 58
Edge 516 1707 54
Edge 516 1975 87
Edge 516 2243 68
Edge 516 2852 80
Edge 516 2904 95
Edge 516 3001 89
Edge 516 3009 59
Edge 516 3212 99
Edge 516 3223 76
Edge 516 3406 87
Edge 517 615 72
Edge 517 635 84
Edge 517 640 51
Edge 517 1296 91
Edge 517 1476 51
Edge 517 1689 90
Edge 517 1781 50
Edge 517 1883 74
Edge 517 1888 60
Edge 517 1997 65
Edge 517 2337 63
Edge 517 2371 51
Edge 517 2460 76
Edge 517 2511 99
Edge 517 2591 92
Edge 517 2875 64
Edge 517 3021 78
Edge 517 3387 55
Edge 517 3629 99
Edge 518 575 93
Edge 518 748 81
Edge 518 917 89
Edge 518 1169 72
Edge 518 1194 65
Edge 518 1219 50
Edge 518 1264 55
Edge 518 1354 76
Edge 518 1389 81
Edge 518 1407 92
Edge 518 1425 52
Edge 518 1686 70
Edge 518 1832 84
Edge 518 1851 66
Edge 518 1982 87
Edge 518 2021 88
Edge 518 2131 91
Edge 518 2629 83
Edge 518 2742 93
Edge 518 3007 59
Edge 518 3358 65
Edge 519 551 84
Edge 519 562 73
Edge 519 736 77
Edge 519 986 75
Edge 519 1091 90
Edge 519 1312 60
Edge 519 1363 94
Edge 519 1887 81
Edge 519 1967 81
Edge 519 2065 53
Edge 519 2199 52
Edge 519 2220 75
Edge 519 2500 63
Edge 519 2612 58
Edge 519 2630 85
Edge 519 2888 87
Edge 519 3159 85
Edge 519 3311 54
Edge 519 3342 55
Edge 519 3367 64
Edge 519 3391 85
Edge 520 540 50
Edge 520 710 84
Edge 520 927 77
Edge 520 957 75
Edge 520 980 80
Edge 520 1075 97
Edge 520 1178 80
Edge 520 1383 61
Edge 520 1426 91
Edge 520 1492 54
Edge 520 1616 71
Edge 520 1619 80
Edge 520 1977 93
Edge 520 1985 98
Edge 520 2110 63
Edge 520 2483 67
Edge 520 3180 61
Edge 521 765 54
Edge 521 908 98
Edge 521 1132 72
Edge 521 1261 74
Edge 521 1271 81
Edge 521 1319 82
Edge 521 1371 63
Edge 521 1553 60
Edge 521 1572 79
Edge 521 1807 69
Edge 521 1834 57
Edge 521 1936 95
Edge 521 2051 50
Edge 521 2151 80
Edge 521 2314 70
Edge 521 2453 89
Edge 521 2609 88
Edge 521 2688 74
Edge 521 2925 57
Edge 521 3107 54
Edge 522 576 50
Edge 522 930 80
Edge 522 1114 55
Edge 522 1232 61
Edge 522 1528 56
Edge 522 1533 54
Edge 522 1639 72
Edge 522 1943 97
Edge 522 2025 87
Edge 522 2140 57
Edge 522 2233 84
Edge 522 2356 68
Edge 522 2529 80
Edge 522 2575 88
Edge 522 2734 58
Edge 522 3110 77
Edge 522 3126 60
Edge 522 3150 69
Edge 522 3185 64
Edge 522 3510 71
Edge 523 689 91
Edge 523 697 96
Edge 523 733 64
Edge 523 763 92
Edge 523 982 97
Edge 523 986 75
Edge 523 1211 90
Edge 523 1377 54
Edge 523 1469 51
Edge 523 1486 81
Edge 523 1520 63
Edge 523 1601 82
Edge 523 1709 97
Edge 523 1755 92
Edge 523 1915 75
Edge 523 2396 82
Edge 523 2695 56
Edge 523 2754 90
Edge 523 3185 87
Edge 523 3608 70
Edge 524 583 75
Edge 524 620 53
Edge 524 643 70
Edge 524 652 79
Edge 524 742 96
Edge 524 768 58
Edge 524 831 94
Edge 524 1050 94
Edge 524 1058 56
Edge 524 1122 63
Edge 524 1823 76
Edge 524 2060 83
Edge 524 2089 60
Edge 524 2092 51
Edge 524 2166 76
Edge 524 2170 60
Edge 524 2557 85
Edge 524 2749 96
Edge 524 3016 69
Edge 524 3475 78
Edge 525 551 53
Edge 525 756 55
Edge 525 918 77
Edge 525 1131 50
Edge 525 1400 71
Edge 525 1542 80
Edge 525 1567 51
Edge 525 1746 90
Edge 525 1975 92
Edge 525 2066 61
Edge 525 2230 82
Edge 525 2599 78
Edge 525 2625 75
Edge 525 2719 86
Edge 525 2725 76
Edge 525 2726 84
Edge 525 2776 63
Edge 525 2805 59
Edge 525 2825 92
Edge 525 2923 98
Edge 525 3300 57
Edge 526 531 69
Edge 526 536 73
Edge 526 554 59
Edge 526 587 52
Edge 526 751 75
Edge 526 1435 56
Edge 526 1579 82
Edge 526 1716 69
Edge 526 1962 90
Edge 526 2137 66
Edge 526 2319 56
Edge 526 2327 61
Edge 526 2548 81
Edge 526 2635 97
Edge 526 2766 56
Edge 526 2935 69
Edge 526 3337 61
Edge 526 3452 95
Edge 526 3616 59
Edge 527 667 63
Edge 527 687 90
Edge 527 706 98
Edge 527 784 97
Edge 527 828 81
Edge 527 936 82
Edge 527 1151 52
Edge 527 1311 50
Edge 527 1316 61
Edge 527 1392 66
Edge 527 1567 97
Edge 527 1690 71
Edge 527 1778 82
Edge 527 1866 51
Edge 527 2289 72
Edge 527 2386 93
Edge 527 2705 79
Edge 527 3013 69
Edge 527 3447 91
Edge 527 3664 66
Edge 528 532 60
Edge 528 554 68
Edge 528 648 57
Edge 528 688 98
Edge 528 821 79
Edge 528 1080 85
Edge 528 1200 62
Edge 528 1482 76
Edge 528 1606 60
Edge 528 1707 52
Edge 528 2520 55
Edge 528 2619 89
Edge 528 2794 92
Edge 528 2839 99
Edge 528 2916 55
Edge 528 2942 50
Edge 528 3071 56
Edge 528 3134 55
Edge 528 3294 88
Edge 528 3403 50
Edge 528 3526 93
Edge 528 3573 60
Edge 529 589 69
Edge 529 925 90
Edge 529 940 81
Edge 529 1329 79
Edge 529 1356 69
Edge 529 1411 53
Edge 529 1626 74
Edge 529 1664 76
Edge 529 1696 55
Edge 529 1887 56
Edge 529 1966 92
Edge 529 2093 72
Edge 529 2299 59
Edge 529 2341 55
Edge 529 2466 92
Edge 529 2541 95
Edge 529 2644 84
Edge 529 2817 91
Edge 529 3076 99
Edge 529 3408 66
Edge 530 558 77
Edge 530 762 50
Edge 530 777 98
Edge 530 977 72
Edge 530 1273 92
Edge 530 1355 92
Edge 530 1393 55
Edge 530 1499 68
Edge 530 1514 51
Edge 530 1850 59
Edge 530 1954 80
Edge 530 2106 56
Edge 530 2345 73
Edge 530 2522 85
Edge 530 2905 66
Edge 530 2960 87
Edge 530 2988 68
Edge 530 3084 82
Edge 530 3595 87
Edge 531 632 77
Edge 531 638 61
Edge 531 723 66
Edge 531 756 82
Edge 531 803 92
Edge 531 1472 57
Edge 531 1584 59
Edge 531 1679 54
Edge 531 1761 58
Edge 531 1842 97
Edge 531 1989 67
Edge 531 2559 77
Edge 531 2679 67
Edge 531 2950 56
Edge 531 2952 92
Edge 531 3104 50
Edge 531 3283 53
Edge 531 3467 69
Edge 532 568 95
Edge 532 1003 67
Edge 532 1273 70
Edge 532 1337 81
Edge 532 1380 63
Edge 532 1383 90
Edge 532 1856 72
Edge 532 1861 54
Edge 532 1865 69
Edge 532 1972 86
Edge 532 2079 64
Edge 532 2193 56
Edge 532 2197 63
Edge 532 2851 74
Edge 532 3099 51
Edge 532 3318 96
Edge 532 3325 57
Edge 532 3471 76
Edge 532 3498 75
Edge 532 3627 95
Edge 533 575 76
Edge 533 627 88
Edge 533 745 84
Edge 533 787 52
Edge 533 899 89
Edge 533 959 97
Edge 533 1038 70
Edge 533 1081 98
Edge 533 1300 66
Edge 533 1382 95
Edge 533 1448 65
Edge 533 1484 53
Edge 533 1586 73
Edge 533 1608 52
Edge 533 1916 58
Edge 533 2281 81
Edge 533 2405 94
Edge 533 2938 87
Edge 533 3302 64
Edge 534 641 50
Edge 534 956 78
Edge 534 1079 55
Edge 534 1117 77
Edge 534 1138 79
Edge 534 1321 60
Edge 534 1531 70
Edge 534 1610 56
Edge 534 1728 91
Edge 534 1791 93
Edge 534 1845 76
Edge 534 1884 73
Edge 534 2152 51
Edge 534 2182 58
Edge 534 2593 73
Edge 534 2715 93
Edge 534 3253 87
Edge 534 3328 92
Edge 534 3460 68
Edge 535 878 57
Edge 535 914 57
Edge 535 1009 67
Edge 535 1190 52
Edge 535 1564 96
Edge 535 1621 63
Edge 535 1711 64
Edge 535 1952 63
Edge 535 2133 93
Edge 535 2579 54
Edge 535 2628 59
Edge 535 2636 76
Edge 535 2644 74
Edge 535 2784 99
Edge 535 2848 97
Edge 535 2993 58
Edge 535 3312 54
Edge 535 3447 57
Edge 535 3483 67
Edge 536 558 98
Edge 536 1000 80
Edge 536 1166 82
Edge 536 1196 95
Edge 536 1488 77
Edge 536 1544 91
Edge 536 1608 93
Edge 536 1675 79
Edge 536 1702 97
Edge 536 1828 68
Edge 536 1895 92
Edge 536 1910 74
Edge 536 2108 52
Edge 536 2326 62
Edge 536 2527 83
Edge 536 2615 94
Edge 536 2735 78
Edge 536 2863 75
Edge 536 2967 79
Edge 536 3552 54
Edge 537 792 73
Edge 537 1109 51
Edge 537 1189 92
Edge 537 1220 65
Edge 537 1333 73
Edge 537 1442 57
Edge 537 1443 92
Edge 537 1503 74
Edge 537 1560 95
Edge 537 1639 56
Edge 537 1776 57
Edge 537 2349 65
Edge 537 2714 77
Edge 537 2792 69
Edge 537 2911 50
Edge 537 3086 99
Edge 537 3136 74
Edge 537 3392 84
Edge 537 3533 65
Edge 538 593 74
Edge 538 816 67
Edge 538 1057 52
Edge 538 1135 99
Edge 538 1142 97
Edge 538 1307 51
Edge 538 1375 98
Edge 538 1557 91
Edge 538 1712 54
Edge 538 1969 71
Edge 538 2484 86
Edge 538 2720 65
Edge 538 2867 81
Edge 538 2972 86
Edge 538 3101 67
Edge 538 3109 50
Edge 538 3215 84
Edge 538 3224 53
Edge 538 3412 50
Edge 538 3415 77
Edge 538 3560 72
Edge 539 601 81
Edge 539 936 62
Edge 539 1080 98
Edge 539 1291 92
Edge 539 1318 89
Edge 539 1350 76
Edge 539 1576 60
Edge 539 1579 79
Edge 539 1826 69
Edge 539 1866 74
Edge 539 2040 60
Edge 539 2113 69
Edge 539 2337 93
Edge 539 2387 84
Edge 539 2436 87
Edge 539 3338 73
Edge 539 3448 89
Edge 539 3482 91
Edge 539 3526 99
Edge 540 599 98
Edge 540 669 55
Edge 540 877 94
Edge 540 917 79
Edge 540 1008 56
Edge 540 1359 68
Edge 540 1670 95
Edge 540 2033 90
Edge 540 2119 99
Edge 540 2137 58
Edge 540 2170 66
Edge 540 2240 53
Edge 540 2375 86
Edge 540 2557 87
Edge 540 2638 78
Edge 540 2957 90
Edge 540 3489 54
Edge 541 609 96
Edge 541 640 92
Edge 541 942 97
Edge 541 1076 66
Edge 541 1331 72
Edge 541 1555 63
Edge 541 1755 96
Edge 541 1831 56
Edge 541 2214 65
Edge 541 2452 61
Edge 541 2616 90
Edge 541 2648 73
Edge 541 2691 83
Edge 541 2897 52
Edge 541 3055 64
Edge 541 3253 65
Edge 541 3296 56
Edge 541 3511 79
Edge 541 3581 79
Edge 542 569 70
Edge 542 582 85
Edge 542 595 85
Edge 542 642 53
Edge 542 680 54
Edge 542 845 97
Edge 542 857 83
Edge 542 1102 61
Edge 542 1324 83
Edge 542 1381 97
Edge 542 1491 74
Edge 542 1977 79
Edge 542 2051 67
Edge 542 2774 95
Edge 542 3024 66
Edge 542 3041 96
Edge 542 3115 93
Edge 542 3119 94
Edge 542 3241 83
Edge 542 3499 91
Edge 542 3613 75
Edge 543 555 55
Edge 543 665 65
Edge 543 1153 98
Edge 543 1176 61
Edge 543 1233 71
Edge 543 1365 56
Edge 543 1366 81
Edge 543 1389 92
Edge 543 1879 71
Edge 543 1909 51
Edge 543 2102 85
Edge 543 2217 94
Edge 543 2458 53
Edge 543 2558 77
Edge 543 2571 84
Edge 543 2738 86
Edge 543 2761 70
Edge 543 2927 66
Edge 543 3036 61
Edge 543 3094 76
Edge 543 3293 57
Edge 543 3531 64
Edge 544 612 91
Edge 544 707 91
Edge 544 952 88
Edge 544 1006 81
Edge 544 1238 70
Edge 544 1287 75
Edge 544 1295 83
Edge 544 1438 75
Edge 544 1495 67
Edge 544 1572 76
Edge 544 1577 79
Edge 544 1671 79
Edge 544 1705 68
Edge 544 2001 100
Edge 544 2273 78
Edge 544 2317 82
Edge 544 2520 70
Edge 544 2690 74
Edge 544 2746 93
Edge 544 3251 53
Edge 544 3284 62
Edge 544 3554 62
Edge 545 692 59
Edge 545 739 72
Edge 545 759 75
Edge 545 812 68
Edge 545 1573 65
Edge 545 1694 51
Edge 545 1787 64
Edge 545 2221 74
Edge 545 2268 82
Edge 545 2283 74
Edge 545 2458 52
Edge 545 2814 98
Edge 545 2823 92
Edge 545 2830 55
Edge 545 2989 60
Edge 545 3612 90
Edge 546 793 73
Edge 546 948 94
Edge 546 957 83
Edge 546 1085 61
Edge 546 1388 67
Edge 546 1459 91
Edge 546 1656 87
Edge 546 1806 86
Edge 546 1899 84
Edge 546 1948 82
Edge 546 2006 97
Edge 546 2507 52
Edge 546 2524 96
Edge 546 2593 55
Edge 546 2683 54
Edge 546 2949 56
Edge 546 3351 87
Edge 547 595 76
Edge 547 654 92
Edge 547 1017 84
Edge 547 1183 91
Edge 547 1229 59
Edge 547 1639 55
Edge 547 1736 60
Edge 547 1801 65
Edge 547 2172 51
Edge 547 2436 83
Edge 547 2462 77
Edge 547 2551 96
Edge 547 2554 71
Edge 547 2565 76
Edge 547 2677 92
Edge 547 3083 70
Edge 547 3233 94
Edge 548 680 54
Edge 548 841 79
Edge 548 1097 77
Edge 548 1474 57
Edge 548 1491 70
Edge 548 1662 82
Edge 548 1692 56
Edge 548 1711 78
Edge 548 1731 91
Edge 548 1816 99
Edge 548 1865 87
Edge 548 1924 81
Edge 548 2216 91
Edge 548 2316 69
Edge 548 2365 98
Edge 548 2695 89
Edge 548 2816 75
Edge 548 3088 76
Edge 548 3604 99
Edge 549 645 59
Edge 549 785 88
Edge 549 809 73
Edge 549 970 73
Edge 549 979 54
Edge 549 991 98
Edge 549 1049 55
Edge 549 1072 52
Edge 549 1220 55
Edge 549 1447 89
Edge 549 1608 60
Edge 549 1880 99
Edge 549 1888 89
Edge 549 2034 85
Edge 549 2138 51
Edge 549 2200 78
Edge 549 2277 90
Edge 549 2359 60
Edge 549 2507 56
Edge 549 3022 71
Edge 549 3342 58
Edge 549 3651 58
Edge 550 559 69
Edge 550 574 73
Edge 550 584 91
Edge 550 669 95
Edge 550 689 91
Edge 550 931 52
Edge 550 1041 96
Edge 550 1609 82
Edge 550 2138 61
Edge 550 2275 89
Edge 550 2336 83
Edge 550 2362 62
Edge 550 2505 59
Edge 550 2510 92
Edge 550 2585 65
Edge 550 2754 72
Edge 550 3038 74
Edge 550 3109 82
Edge 550 3361 56
Edge 550 3577 93
Edge 551 659 58
Edge 551 665 80
Edge 551 702 65
Edge 551 712 95
Edge 551 734 92
Edge 551 738 68
Edge 551 743 71
Edge 551 1009 93
Edge 551 1336 78
Edge 551 1678 57
Edge 551 1765 95
Edge 551 1811 96
Edge 551 1838 58
Edge 551 1941 60
Edge 551 2273 79
Edge 551 2419 74
Edge 551 2867 83
Edge 551 2916 86
Edge 551 2984 77
Edge 551 2986 95
Edge 552 580 74
Edge 552 670 84
Edge 552 784 72
Edge 552 906 88
Edge 552 1098 56
Edge 552 1303 98
Edge 552 1663 95
Edge 552 1672 73
Edge 552 1914 97
Edge 552 2008 61
Edge 552 2239 62
Edge 552 2275 68
Edge 552 2341 53
Edge 552 2353 82
Edge 552 2518 70
Edge 552 2561 77
Edge 552 2759 85
Edge 552 2927 90
Edge 552 3125 92
Edge 552 3308 52
Edge 552 3386 89
Edge 553 732 94
Edge 553 788 50
Edge 553 847 56
Edge 553 893 72
Edge 553 895 99
Edge 553 954 80
Edge 553 1062 81
Edge 553 1147 52
Edge 553 1311 97
Edge 553 1665 72
Edge 553 1940 87
Edge 553 2034 67
Edge 553 2043 77
Edge 553 2346 93
Edge 553 2442 81
Edge 553 2533 50
Edge 553 2736 64
Edge 553 2891 96
Edge 553 3109 70
Edge 553 3170 56
Edge 553 3557 94
Edge 554 679 69
Edge 554 818 88
Edge 554 822 99
Edge 554 904 59
Edge 554 1167 94
Edge 554 1205 58
Edge 554 1237 91
Edge 554 1273 97
Edge 554 1677 78
Edge 554 1686 50
Edge 554 1929 71
Edge 554 2128 73
Edge 554 2207 77
Edge 554 2577 57
Edge 554 2639 97
Edge 554 2715 99
Edge 554 3164 91
Edge 554 3252 79
Edge 554 3259 85
Edge 555 776 52
Edge 555 940 99
Edge 555 1256 60
Edge 555 1366 83
Edge 555 1507 70
Edge 555 1656 71
Edge 555 1896 74
Edge 555 2035 77
Edge 555 2187 62
Edge 555 2210 90
Edge 555 2219 89
Edge 555 2289 80
Edge 555 2544 78
Edge 555 2924 89
Edge 555 2968 86
Edge 555 3226 87
Edge 555 3266 82
Edge 555 3498 58
Edge 555 3538 91
Edge 555 3663 50
Edge 556 838 87
Edge 556 1089 78
Edge 556 1215 79
Edge 556 1477 56
Edge 556 2009 67
Edge 556 2063 63
Edge 556 2238 99
Edge 556 2496 78
Edge 556 2715 96
Edge 556 2803 80
Edge 556 2815 89
Edge 556 2827 95
Edge 556 2853 56
Edge 556 3134 85
Edge 556 3197 62
Edge 556 3237 65
Edge 556 3401 84
Edge 556 3429 60
Edge 556 3432 81
Edge 556 3560 62
Edge 557 649 84
Edge 557 658 89
Edge 557 708 50
Edge 557 901 92
Edge 557 914 50
Edge 557 1046 85
Edge 557 1486 64
Edge 557 1625 60
Edge 557 1745 76
Edge 557 1770 59
Edge 557 1932 85
Edge 557 2010 91
Edge 557 2023 91
Edge 557 2176 85
Edge 557 2253 85
Edge 557 2574 61
Edge 557 2625 68
Edge 557 2814 69
Edge 557 2860 62
Edge 557 3315 87
Edge 558 646 64
Edge 558 653 84
Edge 558 704 92
Edge 558 850 87
Edge 558 1219 68
Edge 558 1350 51
Edge 558 1460 57
Edge 558 1508 67
Edge 558 1624 93
Edge 558 2072 93
Edge 558 2519 93
Edge 558 2916 53
Edge 558 3006 77
Edge 558 3283 70
Edge 558 3331 52
Edge 558 3393 81
Edge 558 3436 58
Edge 558 3617 96
Edge 559 828 55
Edge 559 1027 63
Edge 559 1171 52
Edge 559 1177 79
Edge 559 1210 60
Edge 559 1288 75
Edge 559 1393 58
Edge 559 1585 73
Edge 559 1653 99
Edge 559 1759 74
Edge 559 1897 90
Edge 559 1926 87
Edge 559 1969 59
Edge 559 2001 77
Edge 559 2259 56
Edge 559 2339 87
Edge 559 2504 98
Edge 559 2849 84
Edge 559 2865 56
Edge 559 3404 88
Edge 559 3620 50
Edge 560 612 87
Edge 560 753 96
Edge 560 781 70
Edge 560 1034 77
Edge 560 1172 87
Edge 560 1179 91
Edge 560 1299 76
Edge 560 1692 63
Edge 560 1840 70
Edge 560 2385 52
Edge 560 2483 77
Edge 560 2649 63
Edge 560 2762 53
Edge 560 2840 91
Edge 560 2870 84
Edge 560 3116 75
Edge 560 3270 62
Edge 560 3479 58
Edge 561 563 50
Edge 561 810 74
Edge 561 884 57
Edge 561 905 73
Edge 561 916 55
Edge 561 999 86
Edge 561 1033 73
Edge 561 1055 55
Edge 561 1132 87
Edge 561 1187 89
Edge 561 1323 54
Edge 561 1811 83
Edge 561 1891 51
Edge 561 1938 95
Edge 561 1947 57
Edge 561 2019 82
Edge 561 2026 66
Edge 561 2382 55
Edge 561 2838 79
Edge 561 3131 89
Edge 562 702 95
Edge 562 746 65
Edge 562 796 83
Edge 562 1018 64
Edge 562 1027 60
Edge 562 1083 83
Edge 562 1157 92
Edge 562 1234 57
Edge 562 1341 71
Edge 562 1405 93
Edge 562 1627 54
Edge 562 1666 97
Edge 562 1687 59
Edge 562 1823 79
Edge 562 1864 71
Edge 562 1871 58
Edge 562 2004 76
Edge 562 2092 59
Edge 562 2096 74
Edge 562 2488 76
Edge 562 3031 56
Edge 562 3069 98
Edge 563 589 58
Edge 563 602 82
Edge 563 807 61
Edge 563 1035 51
Edge 563 1478 80
Edge 563 1628 93
Edge 563 1695 64
Edge 563 1714 61
Edge 563 1906 92
Edge 563 1937 91
Edge 563 2075 92
Edge 563 2149 100
Edge 563 2667 53
Edge 563 2777 63
Edge 563 2800 62
Edge 563 2860 77
Edge 563 2922 61
Edge 563 3106 81
Edge 563 3202 84
Edge 563 3334 64
Edge 563 3352 55
Edge 564 602 73
Edge 564 639 57
Edge 564 758 69
Edge 564 886 57
Edge 564 953 61
Edge 564 969 51
Edge 564 1042 80
Edge 564 1406 92
Edge 564 1615 67
Edge 564 1698 83
Edge 564 1710 99
Edge 564 1846 95
Edge 564 1945 90
Edge 564 1977 56
Edge 564 2254 65
Edge 564 2574 84
Edge 564 2598 83
Edge 564 2637 74
Edge 564 2869 62
Edge 564 3192 93
Edge 564 3347 98
Edge 565 579 50
Edge 565 819 52
Edge 565 1105 57
Edge 565 1162 54
Edge 565 1255 54
Edge 565 1380 90
Edge 565 1458 59
Edge 565 1498 89
Edge 565 1708 55
Edge 565 1718 96
Edge 565 1831 83
Edge 565 1865 63
Edge 565 2027 51
Edge 565 2546 70
Edge 565 2638 94
Edge 565 2810 71
Edge 565 2868 99
Edge 565 3040 91
Edge 565 3051 99
Edge 565 3494 91
Edge 566 661 69
Edge 566 859 96
Edge 566 896 64
Edge 566 957 71
Edge 566 963 54
Edge 566 1134 93
Edge 566 1181 62
Edge 566 1224 62
Edge 566 1240 67
Edge 566 1358 64
Edge 566 1396 52
Edge 566 1580 71
Edge 566 1643 81
Edge 566 1749 53
Edge 566 1942 69
Edge 566 1961 64
Edge 566 2786 51
Edge 566 2971 96
Edge 566 3142 98
Edge 566 3427 70
Edge 566 3541 63
Edge 567 584 83
Edge 567 626 52
Edge 567 701 54
Edge 567 785 70
Edge 567 936 63
Edge 567 986 98
Edge 567 1103 85
Edge 567 1192 93
Edge 567 1223 69
Edge 567 1455 91
Edge 567 1962 83
Edge 567 1972 59
Edge 567 1998 91
Edge 567 2106 79
Edge 567 2205 89
Edge 567 2292 55
Edge 567 2348 90
Edge 567 2414 78
Edge 567 2521 96
Edge 567 3185 68
Edge 567 3225 56
Edge 567 3543 75
Edge 568 595 97
Edge 568 646 77
Edge 568 742 63
Edge 568 872 81
Edge 568 877 51
Edge 568 888 92
Edge 568 996 86
Edge 568 1081 74
Edge 568 1154 90
Edge 568 1172 80
Edge 568 1377 99
Edge 568 1417 69
Edge 568 1459 85
Edge 568 2172 62
Edge 568 2604 68
Edge 568 3166 85
Edge 569 634 80
Edge 569 804 80
Edge 569 949 96
Edge 569 985 80
Edge 569 1237 61
Edge 569 1769 61
Edge 569 1955 79
Edge 569 2075 83
Edge 569 2131 54
Edge 569 2140 63
Edge 569 2186 94
Edge 569 2322 68
Edge 569 2347 51
Edge 569 2458 54
Edge 569 2667 85
Edge 569 2881 58
Edge 569 2990 78
Edge 569 3136 50
Edge 569 3277 76
Edge 570 682 77
Edge 570 874 60
Edge 570 962 89
Edge 570 1168 52
Edge 570 1240 56
Edge 570 1421 89
Edge 570 1666 90
Edge 570 1686 59
Edge 570 1720 85
Edge 570 1739 80
Edge 570 2325 88
Edge 570 2672 84
Edge 570 2673 93
Edge 570 2758 86
Edge 570 2831 51
Edge 570 2968 55
Edge 570 3001 91
Edge 570 3060 59
Edge 570 3289 52
Edge 571 584 87
Edge 571 1079 99
Edge 571 1087 80
Edge 571 1108 50
Edge 571 1127 83
Edge 571 1148 76
Edge 571 1207 98
Edge 571 1452 77
Edge 571 1637 62
Edge 571 1640 50
Edge 571 1915 52
Edge 571 2117 64
Edge 571 2220 86
Edge 571 2443 96
Edge 571 2604 59
Edge 571 2619 88
Edge 571 2787 93
Edge 571 2908 54
Edge 572 591 80
Edge 572 664 84
Edge 572 824 85
Edge 572 908 70
Edge 572 1223 64
Edge 572 1266 70
Edge 572 1431 98
Edge 572 1457 55
Edge 572 1553 84
Edge 572 1687 59
Edge 572 2196 89
Edge 572 2535 70
Edge 572 2545 65
Edge 572 2557 87
Edge 572 2663 60
Edge 572 3093 83
Edge 572 3309 51
Edge 572 3510 88
Edge 573 574 77
Edge 573 600 87
Edge 573 633 81
Edge 573 953 62
Edge 573 1369 64
Edge 573 1474 88
Edge 573 1782 72
Edge 573 1912 90
Edge 573 1987 92
Edge 573 2011 95
Edge 573 2222 77
Edge 573 2423 65
Edge 573 2424 67
Edge 573 2661 86
Edge 573 2712 84
Edge 573 2789 85
Edge 573 2879 51
Edge 573 2896 98
Edge 573 3223 97
Edge 574 996 92
Edge 574 1058 75
Edge 574 1072 81
Edge 574 1314 70
Edge 574 1338 72
Edge 574 1357 91
Edge 574 1599 88
Edge 574 1907 95
Edge 574 2070 95
Edge 574 2111 80
Edge 574 2202 57
Edge 574 2319 69
Edge 574 2326 71
Edge 574 2917 69
Edge 574 3053 99
Edge 574 3260 63
Edge 574 3559 74
Edge 575 929 52
Edge 575 1136 93
Edge 575 1141 51
Edge 575 1350 55
Edge 575 1376 57
Edge 575 1721 58
Edge 575 1889 84
Edge 575 1929 58
Edge 575 2082 50
Edge 575 2116 54
Edge 575 2297 82
Edge 575 2308 54
Edge 575 2407 53
Edge 575 2466 59
Edge 575 2526 85
Edge 575 2884 82
Edge 575 2929 83
Edge 575 3099 98
Edge 575 3304 82
Edge 575 3544 87
Edge 575 3578 98
Edge 576 585 67
Edge 576 754 86
Edge 576 843 92
Edge 576 1097 82
Edge 576 1534 97
Edge 576 1663 62
Edge 576 1837 85
Edge 576 2155 76
Edge 576 2280 71
Edge 576 2476 96
Edge 576 2712 86
Edge 576 2804 86
Edge 576 2825 95
Edge 576 3015 85
Edge 576 3251 77
Edge 576 3664 76
Edge 577 638 60
Edge 577 708 90
Edge 577 759 54
Edge 577 1568 82
Edge 577 1598 58
Edge 577 1605 87
Edge 577 1726 94
Edge 577 1907 53
Edge 577 1925 96
Edge 577 2017 78
Edge 577 2468 83
Edge 577 2505 69
Edge 577 2955 81
Edge 577 2992 89
Edge 577 3072 88
Edge 577 3123 94
Edge 577 3278 98
Edge 577 3378 66
Edge 577 3475 97
Edge 578 948 65
Edge 578 1040 73
Edge 578 1097 85
Edge 578 1208 73
Edge 578 1250 79
Edge 578 1269 86
Edge 578 1526 55
Edge 578 1531 92
Edge 578 1632 64
Edge 578 1741 53
Edge 578 2010 80
Edge 578 2217 52
Edge 578 2492 74
Edge 578 2906 76
Edge 578 3026 95
Edge 578 3086 83
Edge 578 3160 90
Edge 579 607 75
Edge 579 616 83
Edge 579 754 58
Edge 579 877 64
Edge 579 901 85
Edge 579 966 50
Edge 579 1114 90
Edge 579 1160 82
Edge 579 1212 63
Edge 579 1251 96
Edge 579 1481 86
Edge 579 1598 67
Edge 579 2321 60
Edge 579 2416 88
Edge 579 2468 61
Edge 579 2594 88
Edge 579 3337 91
Edge 579 3411 74
Edge 579 3487 66
Edge 580 638 76
Edge 580 639 82
Edge 580 710 96
Edge 580 717 67
Edge 580 897 54
Edge 580 963 72
Edge 580 1051 58
Edge 580 1095 70
Edge 580 1106 73
Edge 580 1179 73
Edge 580 1186 61
Edge 580 1505 73
Edge 580 1802 79
Edge 580 2123 83
Edge 580 2273 70
Edge 580 2296 93
Edge 580 2324 90
Edge 580 2592 81
Edge 580 3082 99
Edge 580 3477 79
Edge 580 3580 86
Edge 581 675 78
Edge 581 695 52
Edge 581 1094 89
Edge 581 1103 51
Edge 581 1158 68
Edge 581 1203 57
Edge 581 1365 70
Edge 581 1440 89
Edge 581 1451 64
Edge 581 1550 84
Edge 581 2166 50
Edge 581 2241 59
Edge 581 2246 79
Edge 581 2278 69
Edge 581 2321 71
Edge 581 2427 98
Edge 581 2674 50
Edge 581 2738 53
Edge 581 3180 61
Edge 581 3385 53
Edge 582 784 61
Edge 582 793 73
Edge 582 796 90
Edge 582 833 96
Edge 582 863 55
Edge 582 916 75
Edge 582 1155 64
Edge 582 1192 81
Edge 582 1409 85
Edge 582 1618 57
Edge 582 1784 70
Edge 582 1887 88
Edge 582 1891 61
Edge 582 2144 83
Edge 582 2708 84
Edge 582 2728 54
Edge 582 2754 99
Edge 582 2962 69
Edge 582 3007 72
Edge 582 3247 73
Edge 582 3508 93
Edge 582 3596 67
Edge 583 845 56
Edge 583 889 71
Edge 583 1069 76
Edge 583 1110 70
Edge 583 1390 65
Edge 583 1425 75
Edge 583 1589 86
Edge 583 1599 78
Edge 583 1701 80
Edge 583 1773 56
Edge 583 2110 78
Edge 583 2165 87
Edge 583 2283 84
Edge 583 2543 56
Edge 583 2555 68
Edge 583 2769 80
Edge 583 2866 81
Edge 583 3176 83
Edge 583 3621 72
Edge 583 3639 68
Edge 584 1048 96
Edge 584 1169 93
Edge 584 1219 51
Edge 584 1605 62
Edge 584 1729 82
Edge 584 1901 62
Edge 584 2103 67
Edge 584 2355 92
Edge 584 2498 62
Edge 584 2529 60
Edge 584 2586 86
Edge 584 2600 53
Edge 584 2632 59
Edge 584 2668 92
Edge 584 2669 64
Edge 584 2680 88
Edge 584 3121 67
Edge 584 3220 51
Edge 584 3617 77
Edge 585 862 51
Edge 585 900 79
Edge 585 942 73
Edge 585 1818 50
Edge 585 1946 62
Edge 585 2173 96
Edge 585 2194 65
Edge 585 2245 74
Edge 585 2325 76
Edge 585 2548 57
Edge 585 2949 60
Edge 585 3022 85
Edge 585 3333 88
Edge 585 3388 78
Edge 585 3396 86
Edge 585 3449 83
Edge 585 3601 85
Edge 586 817 56
Edge 586 824 74
Edge 586 871 84
Edge 586 1278 68
Edge 586 1291 99
Edge 586 1336 82
Edge 586 1365 79
Edge 586 1427 55
Edge 586 1516 82
Edge 586 1981 78
Edge 586 2062 61
Edge 586 2175 88
Edge 586 2274 77
Edge 586 2390 92
Edge 586 2508 62
Edge 586 2668 50
Edge 586 2862 68
Edge 586 3045 97
Edge 586 3180 50
Edge 587 811 59
Edge 587 966 58
Edge 587 1264 58
Edge 587 1266 74
Edge 587 1281 51
Edge 587 1514 57
Edge 587 1615 53
Edge 587 1765 71
Edge 587 1943 76
Edge 587 1982 97
Edge 587 2017 62
Edge 587 2385 56
Edge 587 2392 88
Edge 587 2639 84
Edge 587 2924 72
Edge 587 2975 93
Edge 587 3173 82
Edge 587 3609 73
Edge 588 645 63
Edge 588 666 94
Edge 588 797 90
Edge 588 880 52
Edge 588 886 96
Edge 588 1012 76
Edge 588 1325 55
Edge 588 1554 70
Edge 588 1914 83
Edge 588 1976 70
Edge 588 2013 57
Edge 588 2339 50
Edge 588 2429 90
Edge 588 2455 61
Edge 588 2946 55
Edge 588 3263 64
Edge 588 3368 55
Edge 588 3459 82
Edge 588 3468 63
Edge 589 695 87
Edge 589 722 83
Edge 589 804 67
Edge 589 912 58
Edge 589 954 60
Edge 589 1171 58
Edge 589 1197 70
Edge 589 1376 76
Edge 589 1634 53
Edge 589 1662 81
Edge 589 1757 98
Edge 589 1832 59
Edge 589 1909 89
Edge 589 1910 96
Edge 589 2797 55
Edge 589 3219 78
Edge 589 3276 51
Edge 590 633 99
Edge 590 855 61
Edge 590 878 90
Edge 590 934 89
Edge 590 1069 93
Edge 590 1308 89
Edge 590 1882 90
Edge 590 2157 59
Edge 590 2170 97
Edge 590 2250 83
Edge 590 2407 85
Edge 590 2622 88
Edge 590 2632 96
Edge 590 2702 58
Edge 590 2845 81
Edge 590 2979 94
Edge 590 2981 73
Edge 590 3017 53
Edge 590 3207 86
Edge 591 919 96
Edge 591 933 89
Edge 591 939 79
Edge 591 1138 85
Edge 591 1141 74
Edge 591 1223 71
Edge 591 1309 84
Edge 591 1347 74
Edge 591 1703 91
Edge 591 1863 73
Edge 591 1873 59
Edge 591 2146 94
Edge 591 2204 73
Edge 591 2450 67
Edge 591 2469 52
Edge 591 2526 58
Edge 591 2727 93
Edge 591 2786 58
Edge 591 2911 83
Edge 591 3131 78
Edge 591 3233 88
Edge 591 3404 50
Edge 591 3581 85
Edge 592 605 56
Edge 592 1012 51
Edge 592 1015 92
Edge 592 1117 93
Edge 592 1365 61
Edge 592 1683 80
Edge 592 1912 51
Edge 592 2277 88
Edge 592 2443 78
Edge 592 2725 84
Edge 592 2820 51
Edge 592 2965 55
Edge 592 2990 59
Edge 592 3034 83
Edge 592 3192 68
Edge 592 3323 52
Edge 592 3393 95
Edge 592 3499 50
Edge 592 3637 51
Edge 593 610 71
Edge 593 611 91
Edge 593 629 89
Edge 593 743 78
Edge 593 946 73
Edge 593 1137 66
Edge 593 1351 93
Edge 593 1537 58
Edge 593 1749 82
Edge 593 1848 93
Edge 593 1858 85
Edge 593 2281 77
Edge 593 2314 90
Edge 593 2384 79
Edge 593 2397 74
Edge 593 2461 87
Edge 593 2512 65
Edge 593 2838 76
Edge 593 3616 68
Edge 594 624 59
Edge 594 802 81
Edge 594 806 73
Edge 594 834 70
Edge 594 858 68
Edge 594 947 78
Edge 594 1288 51
Edge 594 1794 75
Edge 594 1861 96
Edge 594 1995 92
Edge 594 2077 74
Edge 594 2153 95
Edge 594 2593 53
Edge 594 2628 56
Edge 594 2855 78
Edge 594 3186 63
Edge 594 3472 80
Edge 595 832 93
Edge 595 867 85
Edge 595 946 92
Edge 595 1210 87
Edge 595 1284 87
Edge 595 1290 96
Edge 595 1499 97
Edge 595 1627 85
Edge 595 1699 98
Edge 595 1821 53
Edge 595 2207 98
Edge 595 2397 73
Edge 595 2612 98
Edge 595 3391 99
Edge 595 3404 92
Edge 595 3561 55
Edge 596 881 79
Edge 596 973 51
Edge 596 1032 87
Edge 596 1271 94
Edge 596 1449 77
Edge 596 1861 67
Edge 596 2339 82
Edge 596 2530 80
Edge 596 2611 73
Edge 596 2666 98
Edge 596 2871 89
Edge 596 2880 86
Edge 596 3064 70
Edge 596 3108 80
Edge 596 3322 53
Edge 596 3417 50
Edge 596 3479 79
Edge 596 3598 76
Edge 596 3622 60
Edge 597 672 53
Edge 597 818 69
Edge 597 832 53
Edge 597 882 54
Edge 597 1074 62
Edge 597 1330 69
Edge 597 1331 77
Edge 597 1567 80
Edge 597 1863 72
Edge 597 1926 70
Edge 597 1968 70
Edge 597 1989 75
Edge 597 2072 99
Edge 597 2462 50
Edge 597 2800 87
Edge 597 2914 80
Edge 597 3063 55
Edge 597 3470 83
Edge 598 747 66
Edge 598 794 76
Edge 598 874 94
Edge 598 974 62
Edge 598 1283 56
Edge 598 1296 66
Edge 598 1733 72
Edge 598 1757 69
Edge 598 1783 92
Edge 598 1900 54
Edge 598 2213 84
Edge 598 2246 64
Edge 598 2599 99
Edge 598 2681 86
Edge 598 2961 69
Edge 598 3104 82
Edge 598 3307 84
Edge 598 3356 56
Edge 598 3610 86
Edge 599 605 71
Edge 599 623 90
Edge 599 665 59
Edge 599 689 84
Edge 599 1065 61
Edge 599 1093 51
Edge 599 1794 92
Edge 599 1810 93
Edge 599 1859 55
Edge 599 1963 51
Edge 599 2115 69
Edge 599 2226 79
Edge 599 2311 56
Edge 599 2416 68
Edge 599 2495 72
Edge 599 2563 58
Edge 599 2699 84
Edge 599 3191 76
Edge 599 3379 81
Edge 599 3405 63
Edge 599 3515 63
Edge 599 3586 73
Edge 600 920 97
Edge 600 1146 52
Edge 600 1238 85
Edge 600 1451 90
Edge 600 1466 73
Edge 600 1501 53
Edge 600 1650 63
Edge 600 1774 72
Edge 600 1972 56
Edge 600 2060 61
Edge 600 2132 52
Edge 600 2142 84
Edge 600 2309 80
Edge 600 2389 66
Edge 600 2417 92
Edge 600 2520 82
Edge 600 2662 91
Edge 600 2737 90
Edge 600 3178 85
Edge 601 771 87
Edge 601 831 83
Edge 601 1181 89
Edge 601 1367 85
Edge 601 1398 61
Edge 601 1417 54
Edge 601 1768 73
Edge 601 2062 75
Edge 601 2074 60
Edge 601 2122 54
Edge 601 2265 82
Edge 601 2726 58
Edge 601 2901 67
Edge 601 3202 83
Edge 601 3333 59
Edge 601 3394 81
Edge 601 3445 67
Edge 601 3592 65
Edge 602 937 86
Edge 602 1004 88
Edge 602 1321 96
Edge 602 1458 93
Edge 602 1976 54
Edge 602 2093 88
Edge 602 2247 83
Edge 602 2439 90
Edge 602 2670 76
Edge 602 2741 55
Edge 602 2793 86
Edge 602 2884 80
Edge 602 3001 83
Edge 602 3140 54
Edge 602 3368 65
Edge 602 3529 65
Edge 602 3563 65
Edge 603 648 62
Edge 603 661 59
Edge 603 724 95
Edge 603 785 53
Edge 603 839 53
Edge 603 972 72
Edge 603 1087 69
Edge 603 1106 86
Edge 603 1189 84
Edge 603 1331 67
Edge 603 1581 77
Edge 603 2149 53
Edge 603 2188 96
Edge 603 2241 69
Edge 603 2375 56
Edge 603 2414 92
Edge 603 2795 81
Edge 603 2821 94
Edge 603 3063 99
Edge 603 3115 98
Edge 603 3182 90
Edge 604 706 85
Edge 604 726 77
Edge 604 792 57
Edge 604 858 84
Edge 604 1014 58
Edge 604 1249 94
Edge 604 1276 69
Edge 604 1402 96
Edge 604 1901 51
Edge 604 2001 60
Edge 604 2022 80
Edge 604 2037 96
Edge 604 2169 82
Edge 604 2433 59
Edge 604 2727 57
Edge 604 3065 64
Edge 605 720 57
Edge 605 722 88
Edge 605 766 85
Edge 605 801 75
Edge 605 963 85
Edge 605 1029 59
Edge 605 1071 94
Edge 605 1081 71
Edge 605 1454 93
Edge 605 1460 75
Edge 605 1519 68
Edge 605 1583 65
Edge 605 1593 88
Edge 605 2128 75
Edge 605 2936 56
Edge 605 2976 98
Edge 605 3118 51
Edge 605 3247 93
Edge 605 3556 53
Edge 606 756 99
Edge 606 795 69
Edge 606 1081 51
Edge 606 1110 65
Edge 606 1300 87
Edge 606 1331 61
Edge 606 1427 71
Edge 606 1468 95
Edge 606 1489 97
Edge 606 1600 87
Edge 606 1605 65
Edge 606 1881 55
Edge 606 2138 68
Edge 606 2389 63
Edge 606 2638 87
Edge 606 2690 94
Edge 606 2941 93
Edge 606 3124 63
Edge 606 3473 79
Edge 607 652 68
Edge 607 998 95
Edge 607 1133 96
Edge 607 1216 90
Edge 607 1281 51
Edge 607 1303 53
Edge 607 1409 72
Edge 607 1478 69
Edge 607 1508 92
Edge 607 1785 98
Edge 607 1802 56
Edge 607 2149 72
Edge 607 2328 72
Edge 607 2596 87
Edge 607 2666 78
Edge 607 2752 50
Edge 607 3319 84
Edge 608 617 55
Edge 608 642 86
Edge 608 659 87
Edge 608 880 71
Edge 608 1117 84
Edge 608 1195 99
Edge 608 1284 59
Edge 608 1757 62
Edge 608 1815 93
Edge 608 1899 78
Edge 608 2050 65
Edge 608 2357 94
Edge 608 2491 98
Edge 608 2579 86
Edge 608 2657 90
Edge 608 2803 61
Edge 608 2820 81
Edge 608 3006 93
Edge 608 3025 53
Edge 608 3032 75
Edge 609 636 72
Edge 609 1004 80
Edge 609 1055 59
Edge 609 1071 94
Edge 609 1277 86
Edge 609 1373 81
Edge 609 1405 90
Edge 609 1481 88
Edge 609 1629 68
Edge 609 2231 78
Edge 609 2256 97
Edge 609 2312 58
Edge 609 2430 78
Edge 609 2674 74
Edge 609 2848 64
Edge 609 3080 55
Edge 609 3316 62
Edge 610 619 97
Edge 610 758 63
Edge 610 822 61
Edge 610 1167 63
Edge 610 1236 77
Edge 610 1258 63
Edge 610 1310 56
Edge 610 1391 98
Edge 610 1406 59
Edge 610 1461 79
Edge 610 1482 64
Edge 610 2183 84
Edge 610 2292 67
Edge 610 2878 84
Edge 610 3098 51
Edge 610 3188 52
Edge 610 3268 87
Edge 611 628 73
Edge 611 674 53
Edge 611 735 70
Edge 611 929 53
Edge 611 974 85
Edge 611 1182 98
Edge 611 1499 97
Edge 611 1703 80
Edge 611 1776 76
Edge 611 1953 78
Edge 611 2161 96
Edge 611 2187 74
Edge 611 2313 99
Edge 611 2708 73
Edge 611 3126 82
Edge 611 3370 75
Edge 612 616 73
Edge 612 958 66
Edge 612 1513 69
Edge 612 1600 63
Edge 612 1612 67
Edge 612 1686 69
Edge 612 1834 74
Edge 612 1886 54
Edge 612 1926 80
Edge 612 1983 69
Edge 612 2073 97
Edge 612 2337 79
Edge 612 2363 55
Edge 612 2925 60
Edge 612 3099 79
Edge 612 3175 75
Edge 612 3213 63
Edge 612 3442 77
Edge 613 831 77
Edge 613 1534 74
Edge 613 1734 63
Edge 613 1798 76
Edge 613 1864 85
Edge 613 1894 73
Edge 613 2146 63
Edge 613 2224 72
Edge 613 2277 56
Edge 613 2283 97
Edge 613 2362 99
Edge 613 2424 53
Edge 613 2637 68
Edge 613 2811 64
Edge 613 3199 91
Edge 613 3301 92
Edge 613 3407 79
Edge 613 3619 76
Edge 614 787 80
Edge 614 890 61
Edge 614 910 54
Edge 614 1188 98
Edge 614 1229 79
Edge 614 1489 99
Edge 614 1524 86
Edge 614 1578 96
Edge 614 1738 61
Edge 614 2079 57
Edge 614 2261 54
Edge 614 2363 74
Edge 614 2882 94
Edge 614 3042 61
Edge 614 3410 86
Edge 614 3551 79
Edge 615 729 77
Edge 615 858 80
Edge 615 1110 55
Edge 615 1127 89
Edge 615 1351 92
Edge 615 1368 97
Edge 615 1833 57
Edge 615 1894 56
Edge 615 1922 63
Edge 615 1947 62
Edge 615 1997 54
Edge 615 2012 65
Edge 615 2299 86
Edge 615 2374 69
Edge 615 2415 83
Edge 615 2428 66
Edge 615 2549 58
Edge 615 2564 93
Edge 615 2581 69
Edge 615 2962 69
Edge 616 804 52
Edge 616 873 93
Edge 616 1180 84
Edge 616 1307 56
Edge 616 1333 84
Edge 616 1356 52
Edge 616 1420 67
Edge 616 1583 65
Edge 616 1608 65
Edge 616 1749 53
Edge 616 1863 76
Edge 616 1946 80
Edge 616 1975 68
Edge 616 2542 78
Edge 616 2628 71
Edge 616 2868 81
Edge 616 3070 78
Edge 617 633 90
Edge 617 805 97
Edge 617 1004 81
Edge 617 1162 68
Edge 617 1177 90
Edge 617 1273 91
Edge 617 1280 72
Edge 617 1419 53
Edge 617 1721 61
Edge 617 1805 78
Edge 617 2104 98
Edge 617 2117 72
Edge 617 2295 75
Edge 617 2935 83
Edge 617 2979 53
Edge 617 3066 76
Edge 617 3087 87
Edge 617 3297 58
Edge 617 3545 61
Edge 618 749 51
Edge 618 805 62
Edge 618 827 91
Edge 618 910 77
Edge 618 1109 71
Edge 618 1565 95
Edge 618 1607 77
Edge 618 1644 92
Edge 618 1844 74
Edge 618 1855 70
Edge 618 2076 52
Edge 618 2296 95
Edge 618 2405 75
Edge 618 2434 83
Edge 618 2465 63
Edge 618 2665 71
Edge 618 2686 92
Edge 618 2692 78
Edge 618 2947 74
Edge 618 2976 72
Edge 618 3183 81
Edge 618 3236 58
Edge 619 830 72
Edge 619 926 72
Edge 619 988 74
Edge 619 1423 76
Edge 619 1456 71
Edge 619 1603 93
Edge 619 1642 80
Edge 619 1760 85
Edge 619 1843 92
Edge 619 1846 51
Edge 619 1996 72
Edge 619 2090 52
Edge 619 2323 62
Edge 619 2442 95
Edge 619 2508 62
Edge 619 2563 69
Edge 619 2805 58
Edge 619 3105 65
Edge 619 3181 96
Edge 619 3621 80
Edge 620 928 72
Edge 620 958 63
Edge 620 1006 53
Edge 620 1019 57
Edge 620 1056 75
Edge 620 1482 87
Edge 620 1657 55
Edge 620 1956 81
Edge 620 1993 79
Edge 620 2317 68
Edge 620 2370 59
Edge 620 2381 69
Edge 620 2389 62
Edge 620 2495 72
Edge 620 2569 93
Edge 620 2799 92
Edge 620 2840 51
Edge 620 2964 77
Edge 620 3540 57
Edge 621 738 90
Edge 621 974 97
Edge 621 1152 65
Edge 621 1259 93
Edge 621 1264 75
Edge 621 1334 64
Edge 621 1382 54
Edge 621 1500 80
Edge 621 1740 67
Edge 621 2066 57
Edge 621 2150 88
Edge 621 2206 78
Edge 621 2391 50
Edge 621 2934 88
Edge 621 2951 98
Edge 621 2987 93
Edge 621 3258 53
Edge 621 3349 70
Edge 621 3406 97
Edge 621 3508 90
Edge 622 657 85
Edge 622 849 55
Edge 622 1502 95
Edge 622 1714 91
Edge 622 1847 90
Edge 622 2632 89
Edge 622 2746 62
Edge 622 2759 99
Edge 622 2790 90
Edge 622 2848 94
Edge 622 2989 84
Edge 622 3139 70
Edge 622 3261 79
Edge 622 3593 64
Edge 623 650 63
Edge 623 687 51
Edge 623 731 90
Edge 623 941 96
Edge 623 1039 58
Edge 623 1245 53
Edge 623 1695 90
Edge 623 1736 73
Edge 623 1776 69
Edge 623 1806 52
Edge 623 1896 92
Edge 623 2348 73
Edge 623 2371 71
Edge 623 2581 56
Edge 623 2789 98
Edge 623 2834 76
Edge 623 3153 89
Edge 624 656 77
Edge 624 682 55
Edge 624 735 58
Edge 624 879 63
Edge 624 1142 62
Edge 624 1227 67
Edge 624 1307 73
Edge 624 1358 68
Edge 624 1549 51
Edge 624 1792 83
Edge 624 1839 51
Edge 624 1861 74
Edge 624 2014 75
Edge 624 2145 96
Edge 624 2430 56
Edge 624 2565 64
Edge 624 2944 53
Edge 624 2978 85
Edge 624 2994 92
Edge 624 3407 98
Edge 624 3497 67
Edge 625 1013 74
Edge 625 1171 92
Edge 625 1179 99
Edge 625 1184 87
Edge 625 1215 57
Edge 625 1633 52
Edge 625 1660 99
Edge 625 1917 64
Edge 625 1928 54
Edge 625 1943 50
Edge 625 1986 87
Edge 625 2109 99
Edge 625 2132 58
Edge 625 2175 57
Edge 625 2278 66
Edge 625 2441 51
Edge 625 2486 56
Edge 625 2571 89
Edge 625 2581 79
Edge 626 745 52
Edge 626 749 51
Edge 626 761 91
Edge 626 768 68
Edge 626 959 52
Edge 626 1235 69
Edge 626 1321 57
Edge 626 1322 66
Edge 626 1435 83
Edge 626 1693 90
Edge 626 2188 82
Edge 626 2235 98
Edge 626 2980 92
Edge 626 3241 53
Edge 626 3411 88
Edge 627 876 62
Edge 627 1114 74
Edge 627 1177 96
Edge 627 1192 95
Edge 627 1291 89
Edge 627 1529 96
Edge 627 1641 64
Edge 627 1999 96
Edge 627 2087 73
Edge 627 2348 79
Edge 627 2451 68
Edge 627 2508 70
Edge 627 2646 86
Edge 627 2889 68
Edge 627 3218 94
Edge 627 3516 63
Edge 627 3557 63
Edge 627 3618 63
Edge 628 690 80
Edge 628 819 50
Edge 628 877 77
Edge 628 1120 53
Edge 628 1167 83
Edge 628 1289 73
Edge 628 1354 62
Edge 628 1400 59
Edge 628 1426 85
Edge 628 1480 67
Edge 628 1605 53
Edge 628 1925 70
Edge 628 2057 71
Edge 628 2618 52
Edge 628 2654 61
Edge 628 2916 54
Edge 628 3020 53
Edge 628 3480 92
Edge 628 3608 85
Edge 629 767 56
Edge 629 802 57
Edge 629 893 92
Edge 629 972 90
Edge 629 1081 96
Edge 629 1173 78
Edge 629 1324 56
Edge 629 1432 57
Edge 629 1463 58
Edge 629 1718 91
Edge 629 1908 92
Edge 629 2654 58
Edge 629 2739 66
Edge 629 3234 84
Edge 629 3381 83
Edge 629 3397 86
Edge 629 3440 90
Edge 630 709 83
Edge 630 839 57
Edge 630 1067 70
Edge 630 1381 86
Edge 630 1386 58
Edge 630 1546 78
Edge 630 1589 79
Edge 630 1720 64
Edge 630 1908 93
Edge 630 2111 54
Edge 630 2191 60
Edge 630 2429 93
Edge 630 2457 79
Edge 630 2484 91
Edge 630 2550 65
Edge 630 2749 58
Edge 630 3330 68
Edge 630 3347 67
Edge 630 3359 84
Edge 631 698 50
Edge 631 1229 52
Edge 631 1548 76
Edge 631 1569 53
Edge 631 1686 87
Edge 631 1769 60
Edge 631 1906 82
Edge 631 1917 56
Edge 631 2109 83
Edge 631 2174 75
Edge 631 2187 67
Edge 631 2293 65
Edge 631 2323 81
Edge 631 2335 62
Edge 631 2761 83
Edge 631 2951 75
Edge 631 3357 74
Edge 631 3521 71
Edge 632 694 69
Edge 632 844 62
Edge 632 1406 61
Edge 632 1426 99
Edge 632 1580 77
Edge 632 1584 66
Edge 632 1661 93
Edge 632 1956 70
Edge 632 2076 61
Edge 632 2262 77
Edge 632 2316 68
Edge 632 2845 90
Edge 632 2861 76
Edge 632 2926 68
Edge 632 3102 82
Edge 632 3149 79
Edge 632 3371 56
Edge 633 748 52
Edge 633 768 69
Edge 633 922 62
Edge 633 946 55
Edge 633 967 68
Edge 633 1152 80
Edge 633 1350 59
Edge 633 1514 72
Edge 633 1675 64
Edge 633 1802 94
Edge 633 1975 71
Edge 633 2009 72
Edge 633 2115 92
Edge 633 2508 93
Edge 633 2509 92
Edge 633 3344 64
Edge 633 3560 82
Edge 634 707 63
Edge 634 728 70
Edge 634 791 58
Edge 634 914 76
Edge 634 1242 97
Edge 634 1312 73
Edge 634 1600 72
Edge 634 1602 98
Edge 634 1821 80
Edge 634 1952 61
Edge 634 2019 66
Edge 634 2285 73
Edge 634 2505 69
Edge 634 2928 56
Edge 634 3041 76
Edge 634 3205 57
Edge 634 3490 62
Edge 634 3643 87
Edge 635 734 60
Edge 635 801 63
Edge 635 803 80
Edge 635 868 90
Edge 635 897 73
Edge 635 1122 78
Edge 635 1137 73
Edge 635 1258 59
Edge 635 1643 96
Edge 635 1734 89
Edge 635 1996 90
Edge 635 2001 78
Edge 635 2346 76
Edge 635 2392 57
Edge 635 2572 54
Edge 635 2605 72
Edge 635 3213 71
Edge 635 3364 62
Edge 635 3457 91
Edge 636 640 50
Edge 636 961 76
Edge 636 1057 89
Edge 636 1111 95
Edge 636 1113 54
Edge 636 1144 55
Edge 636 1320 91
Edge 636 1323 79
Edge 636 1464 56
Edge 636 1526 89
Edge 636 1681 55
Edge 636 1703 70
Edge 636 2145 56
Edge 636 2179 53
Edge 636 2328 90
Edge 636 2361 55
Edge 636 2651 58
Edge 636 2946 92
Edge 636 3398 77
Edge 636 3447 54
Edge 637 781 55
Edge 637 833 73
Edge 637 955 57
Edge 637 973 77
Edge 637 1068 91
Edge 637 1460 99
Edge 637 1493 67
Edge 637 1827 79
Edge 637 1885 94
Edge 637 1912 74
Edge 637 2180 63
Edge 637 2438 69
Edge 637 2441 56
Edge 637 2943 88
Edge 637 3008 51
Edge 637 3028 70
Edge 637 3453 52
Edge 637 3474 67
Edge 637 3642 83
Edge 638 793 90
Edge 638 869 85
Edge 638 1029 74
Edge 638 1160 95
Edge 638 1162 72
Edge 638 1195 95
Edge 638 1587 86
Edge 638 1716 58
Edge 638 1947 88
Edge 638 2194 75
Edge 638 2892 75
Edge 638 2971 94
Edge 638 3288 54
Edge 638 3481 94
Edge 638 3558 90
Edge 639 755 95
Edge 639 904 84
Edge 639 956 72
Edge 639 1764 63
Edge 639 1820 77
Edge 639 2105 72
Edge 639 2263 77
Edge 639 2488 88
Edge 639 2545 55
Edge 639 2552 70
Edge 639 2680 88
Edge 639 2753 73
Edge 639 2768 81
Edge 639 2935 50
Edge 639 3066 59
Edge 639 3121 80
Edge 639 3295 85
Edge 640 713 89
Edge 640 861 87
Edge 640 935 84
Edge 640 1020 99
Edge 640 1064 99
Edge 640 1465 82
Edge 640 1634 90
Edge 640 1718 65
Edge 640 1789 69
Edge 640 2444 78
Edge 640 2504 83
Edge 640 3008 90
Edge 640 3195 69
Edge 640 3205 98
Edge 640 3431 86
Edge 641 777 68
Edge 641 949 80
Edge 641 1013 91
Edge 641 1110 80
Edge 641 1148 73
Edge 641 1155 92
Edge 641 1304 81
Edge 641 1484 55
Edge 641 1628 96
Edge 641 1762 76
Edge 641 1877 81
Edge 641 1921 73
Edge 641 2399 63
Edge 641 2970 87
Edge 641 3074 61
Edge 641 3344 87
Edge 641 3359 92
Edge 641 3438 55
Edge 641 3485 86
Edge 641 3511 65
Edge 641 3640 69
Edge 642 819 51
Edge 642 973 63
Edge 642 1268 81
Edge 642 1472 54
Edge 642 1574 72
Edge 642 1676 81
Edge 642 1850 83
Edge 642 2141 97
Edge 642 2161 89
Edge 642 2410 83
Edge 642 2546 62
Edge 642 3180 67
Edge 642 3206 50
Edge 642 3340 76
Edge 642 3441 99
Edge 642 3470 69
Edge 642 3476 76
Edge 642 3507 94
Edge 643 717 56
Edge 643 748 54
Edge 643 1066 97
Edge 643 1218 64
Edge 643 1415 59
Edge 643 1475 69
Edge 643 1779 87
Edge 643 1840 52
Edge 643 1860 83
Edge 643 2162 80
Edge 643 2438 90
Edge 643 2504 99
Edge 643 2783 67
Edge 643 2785 92
Edge 643 2832 59
Edge 643 2903 70
Edge 643 2941 81
Edge 643 2971 53
Edge 643 3428 61
Edge 644 762 91
Edge 644 884 99
Edge 644 906 71
Edge 644 958 88
Edge 644 1139 61
Edge 644 1140 86
Edge 644 1193 76
Edge 644 1751 74
Edge 644 1877 79
Edge 644 2128 83
Edge 644 2210 60
Edge 644 2271 71
Edge 644 2739 57
Edge 644 2776 98
Edge 644 2786 74
Edge 644 2923 96
Edge 644 3154 72
Edge 644 3522 91
Edge 645 740 73
Edge 645 915 91
Edge 645 926 76
Edge 645 930 95
Edge 645 1067 96
Edge 645 1091 94
Edge 645 1112 50
Edge 645 1134 73
Edge 645 1240 100
Edge 645 1265 95
Edge 645 1396 55
Edge 645 1404 84
Edge 645 1445 50
Edge 645 1517 88
Edge 645 1606 63
Edge 645 1643 50
Edge 645 2041 52
Edge 645 2273 82
Edge 645 2456 79
Edge 645 2573 82
Edge 645 2820 86
Edge 646 681 98
Edge 646 694 96
Edge 646 750 96
Edge 646 980 62
Edge 646 1320 90
Edge 646 1549 62
Edge 646 1575 79
Edge 646 1756 83
Edge 646 1888 77
Edge 646 1985 76
Edge 646 2167 69
Edge 646 2551 65
Edge 646 2670 59
Edge 646 2838 80
Edge 646 2859 61
Edge 646 3112 88
Edge 646 3490 69
Edge 647 796 70
Edge 647 828 96
Edge 647 1038 78
Edge 647 1140 96
Edge 647 1494 52
Edge 647 1552 90
Edge 647 1691 81
Edge 647 2325 54
Edge 647 2332 65
Edge 647 2495 68
Edge 647 2607 86
Edge 647 2630 99
Edge 647 2669 72
Edge 647 3040 52
Edge 647 3049 66
Edge 647 3152 61
Edge 647 3155 51
Edge 647 3626 67
Edge 648 935 65
Edge 648 938 74
Edge 648 963 70
Edge 648 1040 88
Edge 648 1077 88
Edge 648 1177 61
Edge 648 1229 98
Edge 648 1246 69
Edge 648 1306 70
Edge 648 1342 66
Edge 648 1622 78
Edge 648 1636 51
Edge 648 1728 80
Edge 648 2138 92
Edge 648 2193 79
Edge 648 2206 68
Edge 648 2273 95
Edge 648 3407 50
Edge 648 3650 76
Edge 649 1053 52
Edge 649 1295 52
Edge 649 1305 51
Edge 649 1587 64
Edge 649 1627 79
Edge 649 1665 81
Edge 649 1735 98
Edge 649 1785 90
Edge 649 1832 79
Edge 649 2019 90
Edge 649 2187 95
Edge 649 2378 69
Edge 649 2420 80
Edge 649 2433 65
Edge 649 2434 68
Edge 649 2540 76
Edge 649 2602 75
Edge 649 2711 82
Edge 649 2899 85
Edge 650 670 54
Edge 650 1007 89
Edge 650 1375 86
Edge 650 1432 57
Edge 650 1541 80
Edge 650 1637 58
Edge 650 1827 82
Edge 650 1851 69
Edge 650 1881 74
Edge 650 1942 88
Edge 650 1957 90
Edge 650 2325 88
Edge 650 2533 56
Edge 650 2605 60
Edge 650 2704 88
Edge 650 2906 86
Edge 650 2953 55
Edge 650 3044 69
Edge 650 3107 54
Edge 650 3338 63
Edge 650 3357 91
Edge 651 700 73
Edge 651 936 64
Edge 651 1025 58
Edge 651 1096 92
Edge 651 1203 51
Edge 651 1271 71
Edge 651 1506 96
Edge 651 1535 55
Edge 651 1600 57
Edge 651 2040 97
Edge 651 2340 54
Edge 651 2390 95
Edge 651 2521 51
Edge 651 2998 82
Edge 651 3081 95
Edge 651 3130 82
Edge 651 3151 66
Edge 651 3254 54
Edge 651 3379 93
Edge 652 852 66
Edge 652 873 98
Edge 652 880 64
Edge 652 958 80
Edge 652 1049 71
Edge 652 1231 87
Edge 652 1368 58
Edge 652 1374 72
Edge 652 1447 91
Edge 652 1759 67
Edge 652 1973 53
Edge 652 2069 81
Edge 652 2072 59
Edge 652 2079 57
Edge 652 2113 82
Edge 652 2446 65
Edge 652 2514 92
Edge 652 2612 70
Edge 652 2755 71
Edge 652 3031 82
Edge 652 3222 77
Edge 653 1021 85
Edge 653 1066 64
Edge 653 1104 88
Edge 653 1190 74
Edge 653 1220 81
Edge 653 1505 78
Edge 653 1849 67
Edge 653 1881 86
Edge 653 2159 97
Edge 653 2434 55
Edge 653 2644 58
Edge 653 2958 79
Edge 653 2973 87
Edge 653 3249 50
Edge 653 3451 79
Edge 653 3466 62
Edge 653 3511 94
Edge 654 1114 90
Edge 654 1176 81
Edge 654 1225 55
Edge 654 1268 78
Edge 654 1385 75
Edge 654 1752 74
Edge 654 1846 67
Edge 654 1970 77
Edge 654 2038 70
Edge 654 2055 77
Edge 654 2089 52
Edge 654 2834 58
Edge 654 2890 80
Edge 654 2911 78
Edge 654 3130 69
Edge 654 3269 68
Edge 654 3420 72
Edge 654 3590 99
Edge 654 3660 82
Edge 655 660 77
Edge 655 723 92
Edge 655 826 54
Edge 655 867 95
Edge 655 1093 85
Edge 655 1097 66
Edge 655 1104 60
Edge 655 1232 94
Edge 655 1251 66
Edge 655 1524 97
Edge 655 1809 78
Edge 655 2159 73
Edge 655 2183 96
Edge 655 2215 87
Edge 655 2257 62
Edge 655 2779 96
Edge 655 2916 98
Edge 655 2937 72
Edge 655 3310 76
Edge 655 3650 79
Edge 656 732 78
Edge 656 875 83
Edge 656 907 99
Edge 656 1020 91
Edge 656 1217 95
Edge 656 1222 97
Edge 656 1583 81
Edge 656 1703 100
Edge 656 1817 77
Edge 656 1841 95
Edge 656 2083 84
Edge 656 2142 86
Edge 656 2204 77
Edge 656 2228 53
Edge 656 2246 56
Edge 656 2778 60
Edge 656 3585 59
Edge 657 754 61
Edge 657 919 92
Edge 657 936 67
Edge 657 1123 53
Edge 657 1127 92
Edge 657 1158 73
Edge 657 1223 80
Edge 657 1443 85
Edge 657 1747 69
Edge 657 1885 77
Edge 657 1997 71
Edge 657 2170 88
Edge 657 2357 56
Edge 657 2421 51
Edge 657 2515 82
Edge 657 2764 62
Edge 657 2862 54
Edge 657 3145 95
Edge 658 811 51
Edge 658 1384 57
Edge 658 1561 63
Edge 658 1933 92
Edge 658 1947 80
Edge 658 2125 80
Edge 658 2168 63
Edge 658 2270 87
Edge 658 2301 79
Edge 658 2313 98
Edge 658 2616 54
Edge 658 2649 75
Edge 658 2804 94
Edge 658 2865 70
Edge 658 3153 55
Edge 658 3441 76
Edge 659 765 94
Edge 659 818 72
Edge 659 863 68
Edge 659 999 92
Edge 659 1068 91
Edge 659 1089 86
Edge 659 1257 66
Edge 659 1381 75
Edge 659 1722 83
Edge 659 1925 55
Edge 659 2026 82
Edge 659 2192 54
Edge 659 2226 86
Edge 659 2293 73
Edge 659 2517 61
Edge 659 2981 59
Edge 659 3115 52
Edge 659 3181 77
Edge 659 3461 62
Edge 659 3563 84
Edge 660 824 92
Edge 660 975 85
Edge 660 1038 77
Edge 660 1094 61
Edge 660 1100 80
Edge 660 1399 84
Edge 660 1666 90
Edge 660 1817 64
Edge 660 2054 51
Edge 660 2159 51
Edge 660 2292 67
Edge 660 2311 97
Edge 660 2349 53
Edge 660 2769 50
Edge 660 2858 65
Edge 660 3147 91
Edge 660 3335 80
Edge 660 3376 64
Edge 661 1202 79
Edge 661 1248 69
Edge 661 1373 86
Edge 661 1375 51
Edge 661 1516 77
Edge 661 1545 67
Edge 661 1581 95
Edge 661 1652 68
Edge 661 1854 80
Edge 661 2120 93
Edge 661 2147 79
Edge 661 2203 58
Edge 661 2721 52
Edge 661 2797 89
Edge 661 2838 80
Edge 661 2931 53
Edge 661 3188 94
Edge 661 3534 53
Edge 661 3582 95
Edge 661 3613 65
Edge 661 3651 88
Edge 661 3668 82
Edge 662 807 77
Edge 662 826 83
Edge 662 1140 54
Edge 662 1208 92
Edge 662 1420 51
Edge 662 1424 93
Edge 662 1543 53
Edge 662 1559 67
Edge 662 1587 99
Edge 662 1972 93
Edge 662 2004 98
Edge 662 2193 60
Edge 662 2393 69
Edge 662 2407 69
Edge 662 2426 58
Edge 662 2447 54
Edge 662 2456 95
Edge 662 2596 94
Edge 662 2622 97
Edge 662 2972 74
Edge 663 771 87
Edge 663 780 61
Edge 663 1104 57
Edge 663 1312 80
Edge 663 1351 96
Edge 663 1541 91
Edge 663 1552 54
Edge 663 1601 55
Edge 663 1624 98
Edge 663 1637 77
Edge 663 1713 80
Edge 663 1719 99
Edge 663 1720 82
Edge 663 1841 55
Edge 663 1895 63
Edge 663 2125 90
Edge 663 2206 95
Edge 663 2268 58
Edge 663 2529 78
Edge 663 2857 50
Edge 663 2894 77
Edge 663 3054 63
Edge 663 3415 55
Edge 664 889 67
Edge 664 947 90
Edge 664 1369 57
Edge 664 1385 94
Edge 664 1630 59
Edge 664 1744 85
Edge 664 1889 54
Edge 664 2072 61
Edge 664 2101 79
Edge 664 2367 99
Edge 664 2712 50
Edge 664 2805 95
Edge 664 2946 78
Edge 664 3048 59
Edge 664 3153 64
Edge 664 3201 77
Edge 664 3267 57
Edge 664 3619 60
Edge 665 677 66
Edge 665 861 85
Edge 665 1064 97
Edge 665 1183 77
Edge 665 1429 61
Edge 665 1437 85
Edge 665 1885 54
Edge 665 2028 78
Edge 665 2121 80
Edge 665 2429 58
Edge 665 2483 81
Edge 665 2563 91
Edge 665 2695 51
Edge 665 2813 71
Edge 665 2881 92
Edge 665 3290 94
Edge 665 3316 91
Edge 665 3624 64
Edge 666 785 54
Edge 666 822 51
Edge 666 843 67
Edge 666 1220 52
Edge 666 1325 59
Edge 666 1344 79
Edge 666 1525 56
Edge 666 1559 75
Edge 666 1736 92
Edge 666 2279 82
Edge 666 2352 59
Edge 666 2383 74
Edge 666 2606 79
Edge 666 2677 74
Edge 666 3013 94
Edge 666 3119 62
Edge 667 841 55
Edge 667 869 80
Edge 667 945 72
Edge 667 1036 68
Edge 667 1087 83
Edge 667 1171 70
Edge 667 1327 73
Edge 667 1408 83
Edge 667 1591 92
Edge 667 1770 58
Edge 667 2279 57
Edge 667 2381 54
Edge 667 2489 61
Edge 667 2565 92
Edge 667 2747 75
Edge 667 2937 89
Edge 667 3220 77
Edge 667 3407 54
Edge 668 694 98
Edge 668 709 51
Edge 668 757 92
Edge 668 941 87
Edge 668 1001 74
Edge 668 1005 98
Edge 668 1042 61
Edge 668 1063 63
Edge 668 1118 80
Edge 668 1147 61
Edge 668 1284 77
Edge 668 1293 99
Edge 668 1334 86
Edge 668 2358 67
Edge 668 2695 92
Edge 668 2921 50
Edge 668 3182 54
Edge 668 3607 50
Edge 669 738 67
Edge 669 842 65
Edge 669 871 74
Edge 669 989 66
Edge 669 1147 69
Edge 669 1207 69
Edge 669 1258 74
Edge 669 1391 85
Edge 669 1406 93
Edge 669 1476 79
Edge 669 1663 91
Edge 669 1747 95
Edge 669 1756 70
Edge 669 2194 73
Edge 669 2252 86
Edge 669 2266 79
Edge 669 2582 89
Edge 669 2721 78
Edge 669 2910 86
Edge 669 3078 76
Edge 669 3236 84
Edge 670 697 57
Edge 670 812 60
Edge 670 854 63
Edge 670 874 52
Edge 670 954 96
Edge 670 1060 65
Edge 670 1152 64
Edge 670 1295 80
Edge 670 1326 88
Edge 670 1515 94
Edge 670 1965 93
Edge 670 2093 92
Edge 670 2208 86
Edge 670 2316 73
Edge 670 2433 71
Edge 670 2477 81
Edge 670 2489 80
Edge 670 2693 71
Edge 670 2759 77
Edge 670 3228 68
Edge 671 1153 63
Edge 671 1597 75
Edge 671 1657 52
Edge 671 1750 65
Edge 671 1772 90
Edge 671 1872 86
Edge 671 1940 76
Edge 671 2079 55
Edge 671 2219 59
Edge 671 2221 73
Edge 671 2465 78
Edge 671 2805 60
Edge 671 2848 62
Edge 671 3114 65
Edge 671 3121 70
Edge 672 782 88
Edge 672 914 56
Edge 672 1066 98
Edge 672 1140 76
Edge 672 1539 56
Edge 672 1608 56
Edge 672 1718 73
Edge 672 1743 66
Edge 672 2059 75
Edge 672 2102 66
Edge 672 2104 53
Edge 672 2338 94
Edge 672 2346 87
Edge 672 2389 87
Edge 672 2406 55
Edge 672 2732 83
Edge 672 3155 69
Edge 672 3320 90
Edge 672 3583 81
Edge 673 723 85
Edge 673 801 64
Edge 673 917 81
Edge 673 1271 50
Edge 673 1280 82
Edge 673 1385 74
Edge 673 1490 78
Edge 673 1715 92
Edge 673 1795 52
Edge 673 2042 95
Edge 673 2089 92
Edge 673 2113 53
Edge 673 2197 57
Edge 673 2265 53
Edge 673 2563 78
Edge 673 2838 83
Edge 673 3043 52
Edge 673 3392 81
Edge 673 3421 88
Edge 673 3587 65
Edge 674 941 89
Edge 674 996 67
Edge 674 1317 91
Edge 674 1399 53
Edge 674 1562 50
Edge 674 1696 75
Edge 674 1883 91
Edge 674 2163 83
Edge 674 2235 56
Edge 674 2242 95
Edge 674 2612 72
Edge 674 2750 65
Edge 674 3064 81
Edge 674 3321 83
Edge 674 3348 52
Edge 674 3373 57
Edge 675 693 73
Edge 675 964 60
Edge 675 1006 77
Edge 675 1211 88
Edge 675 1233 50
Edge 675 1305 50
Edge 675 1516 96
Edge 675 1570 80
Edge 675 1655 75
Edge 675 1670 66
Edge 675 1693 72
Edge 675 1948 84
Edge 675 2000 87
Edge 675 2247 74
Edge 675 2294 57
Edge 675 2382 73
Edge 675 2536 76
Edge 675 2567 56
Edge 675 2695 91
Edge 676 779 50
Edge 676 863 94
Edge 676 1120 85
Edge 676 1488 77
Edge 676 1639 70
Edge 676 1794 95
Edge 676 1854 52
Edge 676 1971 59
Edge 676 2121 95
Edge 676 2148 55
Edge 676 2213 85
Edge 676 2324 99
Edge 676 2466 58
Edge 676 2542 56
Edge 676 2553 72
Edge 676 2990 52
Edge 676 3046 77
Edge 676 3564 88
Edge 676 3626 99
Edge 677 876 80
Edge 677 978 76
Edge 677 1146 54
Edge 677 1278 83
Edge 677 1481 61
Edge 677 1551 89
Edge 677 1643 52
Edge 677 2251 64
Edge 677 2607 52
Edge 677 2705 68
Edge 677 2950 58
Edge 677 3285 75
Edge 677 3295 80
Edge 677 3409 72
Edge 677 3606 94
Edge 677 3615 76
Edge 677 3665 65
Edge 678 691 71
Edge 678 1102 74
Edge 678 1328 55
Edge 678 1592 52
Edge 678 1857 99
Edge 678 1899 53
Edge 678 1950 86
Edge 678 2035 96
Edge 678 2065 86
Edge 678 2075 95
Edge 678 2386 86
Edge 678 2461 89
Edge 678 2542 84
Edge 678 2634 61
Edge 678 2785 50
Edge 678 2858 91
Edge 678 2931 71
Edge 678 3355 82
Edge 678 3372 89
Edge 678 3636 75
Edge 679 706 71
Edge 679 759 94
Edge 679 874 61
Edge 679 1045 63
Edge 679 1215 68
Edge 679 1408 73
Edge 679 1462 90
Edge 679 1485 81
Edge 679 1739 52
Edge 679 1917 79
Edge 679 2004 65
Edge 679 2208 83
Edge 679 2882 97
Edge 679 3067 58
Edge 679 3120 88
Edge 679 3584 76
Edge 680 757 79
Edge 680 872 90
Edge 680 876 68
Edge 680 955 75
Edge 680 1222 99
Edge 680 1298 77
Edge 680 1759 94
Edge 680 1909 60
Edge 680 2536 87
Edge 680 2598 78
Edge 680 2621 60
Edge 680 2645 80
Edge 680 2662 63
Edge 680 2707 53
Edge 680 2835 50
Edge 680 3150 50
Edge 680 3160 96
Edge 681 688 62
Edge 681 926 94
Edge 681 996 88
Edge 681 1163 51
Edge 681 1506 91
Edge 681 1914 69
Edge 681 1937 85
Edge 681 1982 77
Edge 681 2073 64
Edge 681 2109 67
Edge 681 2290 54
Edge 681 2579 67
Edge 681 2692 91
Edge 681 2740 70
Edge 681 3083 99
Edge 681 3097 99
Edge 681 3286 83
Edge 681 3484 82
Edge 682 835 63
Edge 682 1003 57
Edge 682 1072 56
Edge 682 1089 85
Edge 682 1225 74
Edge 682 1244 77
Edge 682 1262 60
Edge 682 1285 83
Edge 682 1717 81
Edge 682 1798 75
Edge 682 2015 90
Edge 682 2264 58
Edge 682 2327 79
Edge 682 2338 65
Edge 682 2419 76
Edge 682 2644 80
Edge 682 2700 79
Edge 682 2886 58
Edge 682 3121 99
Edge 682 3552 67
Edge 683 758 75
Edge 683 845 83
Edge 683 1050 80
Edge 683 1057 74
Edge 683 1071 93
Edge 683 1088 64
Edge 683 1121 58
Edge 683 1728 77
Edge 683 2030 80
Edge 683 2188 88
Edge 683 2280 56
Edge 683 2421 61
Edge 683 2525 73
Edge 683 2693 95
Edge 683 2699 86
Edge 683 3065 76
Edge 683 3216 86
Edge 683 3433 75
Edge 683 3647 60
Edge 684 743 62
Edge 684 843 85
Edge 684 862 70
Edge 684 890 99
Edge 684 1008 52
Edge 684 1326 85
Edge 684 1374 53
Edge 684 1424 56
Edge 684 1445 51
Edge 684 1886 92
Edge 684 2019 88
Edge 684 2038 76
Edge 684 2357 72
Edge 684 2366 63
Edge 684 2384 60
Edge 684 2412 91
Edge 684 2522 50
Edge 684 2945 72
Edge 684 3660 71
Edge 685 871 50
Edge 685 921 93
Edge 685 961 80
Edge 685 1296 57
Edge 685 1362 83
Edge 685 1412 99
Edge 685 1667 84
Edge 685 1778 65
Edge 685 1997 72
Edge 685 2017 77
Edge 685 2039 67
Edge 685 2160 87
Edge 685 2612 52
Edge 685 3012 77
Edge 685 3508 54
Edge 685 3509 72
Edge 685 3591 77
Edge 685 3623 99
Edge 686 688 72
Edge 686 760 85
Edge 686 826 91
Edge 686 1233 79
Edge 686 1385 95
Edge 686 1507 79
Edge 686 1617 82
Edge 686 1638 97
Edge 686 1732 63
Edge 686 1964 73
Edge 686 2398 90
Edge 686 2402 87
Edge 686 2678 75
Edge 686 2716 92
Edge 686 2828 75
Edge 686 2997 65
Edge 686 3168 79
Edge 686 3193 53
Edge 686 3199 75
Edge 687 917 50
Edge 687 998 88
Edge 687 1122 60
Edge 687 1143 56
Edge 687 1376 57
Edge 687 1388 89
Edge 687 1404 87
Edge 687 1546 57
Edge 687 1945 83
Edge 687 1982 79
Edge 687 2058 85
Edge 687 2420 84
Edge 687 2423 95
Edge 687 2566 96
Edge 687 2696 77
Edge 687 2986 90
Edge 687 3398 72
Edge 687 3410 60
Edge 688 731 91
Edge 688 1006 61
Edge 688 1061 62
Edge 688 1098 52
Edge 688 1495 88
Edge 688 1728 51
Edge 688 1756 72
Edge 688 1962 95
Edge 688 2023 62
Edge 688 2051 69
Edge 688 2364 63
Edge 688 2394 66
Edge 688 2522 57
Edge 688 2729 97
Edge 688 3191 90
Edge 688 3399 86
Edge 688 3423 56
Edge 689 699 71
Edge 689 1062 84
Edge 689 1242 97
Edge 689 1458 76
Edge 689 1496 62
Edge 689 1695 60
Edge 689 1807 50
Edge 689 1982 65
Edge 689 2071 86
Edge 689 2337 65
Edge 689 2448 59
Edge 689 2558 72
Edge 689 3050 90
Edge 689 3084 62
Edge 689 3112 93
Edge 689 3173 94
Edge 689 3233 54
Edge 689 3390 82
Edge 690 702 88
Edge 690 756 92
Edge 690 838 64
Edge 690 931 64
Edge 690 1026 80
Edge 690 1382 60
Edge 690 1616 83
Edge 690 1754 79
Edge 690 2263 88
Edge 690 2431 66
Edge 690 2466 72
Edge 690 2612 53
Edge 690 2771 82
Edge 690 3034 57
Edge 690 3534 62
Edge 691 709 88
Edge 691 1086 50
Edge 691 1123 100
Edge 691 1249 56
Edge 691 1303 76
Edge 691 1496 63
Edge 691 1556 96
Edge 691 1762 52
Edge 691 1850 74
Edge 691 2019 54
Edge 691 2107 84
Edge 691 2294 66
Edge 691 2367 77
Edge 691 2597 54
Edge 691 2796 92
Edge 691 3263 100
Edge 691 3276 94
Edge 691 3354 75
Edge 691 3381 64
Edge 691 3653 76
Edge 692 964 86
Edge 692 1268 77
Edge 692 2120 81
Edge 692 2197 74
Edge 692 2244 59
Edge 692 2339 83
Edge 692 2369 69
Edge 692 2455 91
Edge 692 2482 61
Edge 692 2628 60
Edge 692 2707 50
Edge 692 2886 85
Edge 692 3478 66
Edge 692 3481 64
Edge 692 3542 78
Edge 692 3608 90
Edge 693 736 97
Edge 693 844 60
Edge 693 967 50
Edge 693 1221 88
Edge 693 1271 91
Edge 693 1304 91
Edge 693 1461 65
Edge 693 1499 85
Edge 693 1580 66
Edge 693 1769 81
Edge 693 1782 54
Edge 693 1825 66
Edge 693 1909 78
Edge 693 1956 90
Edge 693 2950 69
Edge 693 3266 94
Edge 694 738 99
Edge 694 814 60
Edge 694 827 63
Edge 694 843 96
Edge 694 848 63
Edge 694 1072 64
Edge 694 1101 62
Edge 694 1542 98
Edge 694 1579 66
Edge 694 1844 93
Edge 694 1906 75
Edge 694 1936 78
Edge 694 2148 64
Edge 694 2438 76
Edge 694 2596 58
Edge 695 818 65
Edge 695 926 88
Edge 695 1049 73
Edge 695 1065 85
Edge 695 1074 66
Edge 695 1125 91
Edge 695 1134 64
Edge 695 1178 88
Edge 695 1976 75
Edge 695 2161 59
Edge 695 2176 56
Edge 695 2266 52
Edge 695 2356 51
Edge 695 2530 89
Edge 695 2788 78
Edge 695 3142 69
Edge 696 764 91
Edge 696 920 90
Edge 696 1001 53
Edge 696 1044 66
Edge 696 1067 86
Edge 696 1086 65
Edge 696 1203 96
Edge 696 1210 58
Edge 696 1320 63
Edge 696 1531 63
Edge 696 1796 69
Edge 696 1988 90
Edge 696 2007 91
Edge 696 2179 61
Edge 696 2186 64
Edge 696 2415 64
Edge 696 2671 68
Edge 696 2853 58
Edge 696 3172 51
Edge 696 3323 82
Edge 696 3451 79
Edge 697 712 60
Edge 697 819 59
Edge 697 986 83
Edge 697 1041 70
Edge 697 1266 96
Edge 697 1361 73
Edge 697 1456 83
Edge 697 1463 75
Edge 697 1523 87
Edge 697 1944 100
Edge 697 1980 61
Edge 697 2224 84
Edge 697 2317 80
Edge 697 2748 58
Edge 697 3385 91
Edge 697 3396 77
Edge 697 3435 71
Edge 698 923 63
Edge 698 1070 77
Edge 698 1110 57
Edge 698 1261 60
Edge 698 1309 76
Edge 698 1605 71
Edge 698 1912 91
Edge 698 2072 97
Edge 698 2149 69
Edge 698 2638 67
Edge 698 2855 90
Edge 698 2896 69
Edge 698 2953 83
Edge 698 2990 95
Edge 698 3053 86
Edge 698 3203 94
Edge 698 3405 76
Edge 699 761 96
Edge 699 797 87
Edge 699 1018 64
Edge 699 1200 50
Edge 699 1262 63
Edge 699 1699 88
Edge 699 1805 59
Edge 699 1839 93
Edge 699 2094 67
Edge 699 2148 57
Edge 699 2437 64
Edge 699 2458 71
Edge 699 2535 53
Edge 699 2541 60
Edge 699 2793 67
Edge 699 2796 50
Edge 699 2825 68
Edge 699 2881 81
Edge 699 2945 56
Edge 699 3118 91
Edge 699 3617 98
Edge 700 849 60
Edge 700 1027 95
Edge 700 1124 87
Edge 700 1197 72
Edge 700 1257 83
Edge 700 1332 66
Edge 700 1443 81
Edge 700 1453 83
Edge 700 1464 99
Edge 700 1621 76
Edge 700 1636 53
Edge 700 1676 52
Edge 700 1695 78
Edge 700 1740 65
Edge 700 2212 54
Edge 700 2273 69
Edge 700 2435 84
Edge 700 2458 52
Edge 700 2525 71
Edge 700 2622 94
Edge 700 3392 56
Edge 701 739 69
Edge 701 837 51
Edge 701 1387 91
Edge 701 1427 73
Edge 701 1491 89
Edge 701 1672 74
Edge 701 1756 67
Edge 701 1764 57
Edge 701 1819 76
Edge 701 1974 84
Edge 701 2350 94
Edge 701 2606 97
Edge 701 2631 63
Edge 701 2784 85
Edge 701 2875 77
Edge 701 2930 81
Edge 701 2951 60
Edge 701 3025 52
Edge 701 3104 78
Edge 701 3571 65
Edge 702 778 79
Edge 702 783 65
Edge 702 1016 81
Edge 702 1017 73
Edge 702 1060 53
Edge 702 1108 62
Edge 702 1455 67
Edge 702 1826 55
Edge 702 1861 89
Edge 702 2004 63
Edge 702 2023 50
Edge 702 2393 53
Edge 702 2787 55
Edge 702 3457 85
Edge 703 1143 53
Edge 703 1278 57
Edge 703 1330 61
Edge 703 1465 94
Edge 703 1547 78
Edge 703 1648 96
Edge 703 1747 58
Edge 703 2075 99
Edge 703 2269 88
Edge 703 2423 71
Edge 703 2571 68
Edge 703 2610 99
Edge 703 2661 94
Edge 703 2872 52
Edge 703 2970 82
Edge 703 2985 76
Edge 703 2986 63
Edge 703 3129 76
Edge 703 3215 95
Edge 703 3280 95
Edge 704 891 83
Edge 704 901 57
Edge 704 1120 61
Edge 704 1241 59
Edge 704 1336 92
Edge 704 1406 58
Edge 704 1504 55
Edge 704 1531 87
Edge 704 1861 79
Edge 704 2435 50
Edge 704 2620 83
Edge 704 2632 76
Edge 704 2794 70
Edge 704 2840 79
Edge 704 2853 71
Edge 704 2878 98
Edge 704 2923 76
Edge 704 3143 96
Edge 704 3538 80
Edge 705 836 96
Edge 705 884 57
Edge 705 905 92
Edge 705 982 57
Edge 705 1121 62
Edge 705 1501 77
Edge 705 1524 81
Edge 705 1862 96
Edge 705 1874 53
Edge 705 1899 86
Edge 705 2143 60
Edge 705 2271 58
Edge 705 2282 94
Edge 705 2375 84
Edge 705 2605 53
Edge 705 2636 59
Edge 705 2775 93
Edge 705 3197 73
Edge 705 3302 79
Edge 706 745 52
Edge 706 753 60
Edge 706 790 69
Edge 706 809 64
Edge 706 876 82
Edge 706 938 95
Edge 706 1244 58
Edge 706 1379 71
Edge 706 1532 85
Edge 706 1902 65
Edge 706 1957 72
Edge 706 2047 72
Edge 706 2248 59
Edge 706 2336 72
Edge 706 2470 77
Edge 706 2809 82
Edge 706 3029 52
Edge 706 3244 56
Edge 706 3250 57
Edge 707 1281 97
Edge 707 1455 91
Edge 707 1772 80
Edge 707 1785 64
Edge 707 1924 76
Edge 707 2284 54
Edge 707 2317 85
Edge 707 2461 78
Edge 707 2771 55
Edge 707 2870 67
Edge 707 2872 74
Edge 707 3035 85
Edge 707 3266 83
Edge 707 3660 76
Edge 708 1018 75
Edge 708 1026 74
Edge 708 1058 83
Edge 708 1291 89
Edge 708 1314 94
Edge 708 1340 59
Edge 708 1613 64
Edge 708 1745 66
Edge 708 1753 92
Edge 708 1791 51
Edge 708 2015 77
Edge 708 2150 65
Edge 708 2336 82
Edge 708 2413 54
Edge 708 2418 53
Edge 708 2474 53
Edge 708 3011 72
Edge 708 3074 59
Edge 708 3084 98
Edge 708 3260 68
Edge 708 3368 70
Edge 709 779 52
Edge 709 1294 83
Edge 709 1907 77
Edge 709 1977 98
Edge 709 2145 77
Edge 709 2269 89
Edge 709 2419 92
Edge 709 3025 93
Edge 709 3381 95
Edge 709 3470 57
Edge 709 3526 98
Edge 709 3553 64
Edge 710 822 66
Edge 710 1043 84
Edge 710 1191 57
Edge 710 1528 82
Edge 710 1562 83
Edge 710 1625 59
Edge 710 1675 69
Edge 710 1684 85
Edge 710 1788 84
Edge 710 1810 81
Edge 710 1872 89
Edge 710 1881 55
Edge 710 1885 86
Edge 710 1896 54
Edge 710 2593 51
Edge 710 2679 63
Edge 710 2682 76
Edge 710 2742 87
Edge 710 2911 82
Edge 710 3230 72
Edge 711 844 52
Edge 711 870 94
Edge 711 1015 95
Edge 711 1040 55
Edge 711 1115 79
Edge 711 1161 67
Edge 711 1468 88
Edge 711 2063 97
Edge 711 2069 78
Edge 711 2485 86
Edge 711 2555 99
Edge 711 2573 99
Edge 711 2714 97
Edge 711 2748 77
Edge 711 2985 80
Edge 711 3358 72
Edge 711 3455 63
Edge 711 3611 80
Edge 712 739 77
Edge 712 963 67
Edge 712 993 91
Edge 712 1141 57
Edge 712 1185 65
Edge 712 1390 89
Edge 712 1504 85
Edge 712 1596 72
Edge 712 1643 56
Edge 712 1664 70
Edge 712 1787 79
Edge 712 1964 99
Edge 712 2400 51
Edge 712 2511 52
Edge 712 2871 80
Edge 712 2956 91
Edge 712 3270 52
Edge 712 3567 92
Edge 713 827 50
Edge 713 915 77
Edge 713 1188 60
Edge 713 1255 76
Edge 713 1541 71
Edge 713 1787 52
Edge 713 1839 83
Edge 713 1921 50
Edge 713 2302 50
Edge 713 2303 91
Edge 713 2309 72
Edge 713 2662 58
Edge 713 2816 58
Edge 713 2933 76
Edge 713 2983 78
Edge 713 3096 56
Edge 713 3492 91
Edge 713 3655 86
Edge 714 837 64
Edge 714 909 56
Edge 714 1124 67
Edge 714 1257 62
Edge 714 1367 83
Edge 714 1436 57
Edge 714 1448 70
Edge 714 1914 53
Edge 714 2063 98
Edge 714 2144 83
Edge 714 2157 93
Edge 714 2270 84
Edge 714 2803 97
Edge 714 2849 95
Edge 714 2851 97
Edge 714 3007 73
Edge 714 3228 64
Edge 714 3595 56
Edge 715 807 75
Edge 715 843 81
Edge 715 1128 79
Edge 715 1304 57
Edge 715 1341 93
Edge 715 1464 97
Edge 715 1516 87
Edge 715 1561 58
Edge 715 1591 57
Edge 715 1727 91
Edge 715 2100 88
Edge 715 2178 94
Edge 715 2439 52
Edge 715 2481 71
Edge 715 2551 51
Edge 715 2879 61
Edge 715 2949 59
Edge 715 3175 84
Edge 715 3340 70
Edge 715 3501 67
Edge 716 719 69
Edge 716 737 81
Edge 716 886 62
Edge 716 1213 79
Edge 716 1278 81
Edge 716 1346 84
Edge 716 1349 55
Edge 716 2063 82
Edge 716 2245 76
Edge 716 2334 96
Edge 716 2480 83
Edge 716 2747 91
Edge 716 2900 86
Edge 716 2901 68
Edge 716 3348 84
Edge 716 3581 87
Edge 716 3631 50
Edge 717 840 88
Edge 717 1109 68
Edge 717 1208 97
Edge 717 1418 76
Edge 717 1868 73
Edge 717 1929 70
Edge 717 2025 77
Edge 717 2156 51
Edge 717 2236 70
Edge 717 2249 58
Edge 717 2355 66
Edge 717 2523 96
Edge 717 2721 53
Edge 717 3065 79
Edge 718 956 85
Edge 718 1001 94
Edge 718 1073 80
Edge 718 1079 52
Edge 718 1264 81
Edge 718 1331 60
Edge 718 1332 78
Edge 718 1335 65
Edge 718 1535 52
Edge 718 1878 77
Edge 718 2238 52
Edge 718 2481 66
Edge 718 2714 79
Edge 718 2956 63
Edge 718 3017 63
Edge 718 3085 98
Edge 718 3088 86
Edge 718 3092 85
Edge 718 3193 96
Edge 718 3403 66
Edge 719 722 79
Edge 719 1017 92
Edge 719 1024 92
Edge 719 1061 58
Edge 719 1239 58
Edge 719 1355 59
Edge 719 1365 94
Edge 719 1491 99
Edge 719 1663 91
Edge 719 1973 58
Edge 719 2133 66
Edge 719 2235 77
Edge 719 2818 70
Edge 719 3181 65
Edge 719 3419 56
Edge 719 3642 52
Edge 720 885 97
Edge 720 1038 58
Edge 720 1075 68
Edge 720 1381 71
Edge 720 1503 76
Edge 720 1607 69
Edge 720 1662 62
Edge 720 2044 84
Edge 720 2064 57
Edge 720 2143 92
Edge 720 2404 59
Edge 720 2766 50
Edge 720 2923 73
Edge 720 3113 98
Edge 720 3133 77
Edge 720 3154 96
Edge 720 3389 69
Edge 720 3484 96
Edge 720 3506 88
Edge 721 827 95
Edge 721 1154 53
Edge 721 1314 79
Edge 721 1478 58
Edge 721 1708 67
Edge 721 2042 50
Edge 721 2316 77
Edge 721 2486 79
Edge 721 2489 69
Edge 721 2599 94
Edge 721 2706 99
Edge 721 2718 90
Edge 721 2965 51
Edge 721 3033 97
Edge 721 3147 70
Edge 721 3530 72
Edge 721 3657 64
Edge 722 783 55
Edge 722 807 74
Edge 722 1480 55
Edge 722 1488 92
Edge 722 1528 52
Edge 722 2249 99
Edge 722 2374 59
Edge 722 2400 59
Edge 722 2419 85
Edge 722 2564 66
Edge 722 2631 76
Edge 722 2769 68
Edge 722 2783 60
Edge 722 2909 65
Edge 722 3046 68
Edge 722 3070 85
Edge 722 3207 50
Edge 722 3294 88
Edge 722 3400 61
Edge 722 3452 64
Edge 722 3573 62
Edge 723 906 92
Edge 723 922 81
Edge 723 1108 99
Edge 723 1271 77
Edge 723 1478 66
Edge 723 1538 77
Edge 723 1651 94
Edge 723 1678 74
Edge 723 1851 59
Edge 723 2156 89
Edge 723 2203 52
Edge 723 2275 56
Edge 723 2741 81
Edge 723 2867 80
Edge 723 2888 58
Edge 723 3198 95
Edge 723 3249 56
Edge 723 3477 89
Edge 724 963 76
Edge 724 1064 74
Edge 724 1428 55
Edge 724 1670 69
Edge 724 1684 74
Edge 724 1896 60
Edge 724 2027 69
Edge 724 2033 58
Edge 724 2069 67
Edge 724 2157 78
Edge 724 2267 62
Edge 724 2469 95
Edge 724 2841 54
Edge 724 2929 69
Edge 724 2952 67
Edge 724 3479 81
Edge 724 3533 50
Edge 725 736 63
Edge 725 943 97
Edge 725 966 72
Edge 725 1203 93
Edge 725 1856 83
Edge 725 1888 73
Edge 725 1930 86
Edge 725 2029 95
Edge 725 2235 64
Edge 725 2306 68
Edge 725 2357 56
Edge 725 2365 69
Edge 725 2523 98
Edge 725 2885 98
Edge 725 2987 80
Edge 725 3007 86
Edge 725 3481 67
Edge 725 3590 85
Edge 726 744 99
Edge 726 908 63
Edge 726 1024 53
Edge 726 1091 54
Edge 726 1329 96
Edge 726 1981 71
Edge 726 2223 94
Edge 726 2410 77
Edge 726 2612 58
Edge 726 2615 98
Edge 726 2740 62
Edge 726 2743 60
Edge 726 3003 88
Edge 726 3059 94
Edge 726 3271 95
Edge 727 749 68
Edge 727 844 72
Edge 727 1011 69
Edge 727 1022 97
Edge 727 1055 55
Edge 727 1238 64
Edge 727 1324 52
Edge 727 1619 92
Edge 727 1620 98
Edge 727 1751 98
Edge 727 1928 58
Edge 727 2018 99
Edge 727 2101 50
Edge 727 2162 84
Edge 727 2819 90
Edge 728 800 57
Edge 728 863 99
Edge 728 1091 73
Edge 728 1413 53
Edge 728 1426 89
Edge 728 1433 76
Edge 728 1835 84
Edge 728 1983 64
Edge 728 2051 99
Edge 728 2207 89
Edge 728 2291 55
Edge 728 2378 60
Edge 728 2416 67
Edge 728 2689 63
Edge 728 2785 65
Edge 728 2979 98
Edge 728 2994 65
Edge 728 3310 61
Edge 729 747 63
Edge 729 772 58
Edge 729 949 56
Edge 729 1484 64
Edge 729 1635 76
Edge 729 1924 90
Edge 729 2082 54
Edge 729 2112 71
Edge 729 2246 90
Edge 729 2486 98
Edge 729 2681 91
Edge 729 2759 76
Edge 729 3127 65
Edge 729 3165 95
Edge 729 3197 52
Edge 729 3453 80
Edge 729 3607 70
Edge 729 3613 92
Edge 730 773 99
Edge 730 967 56
Edge 730 1079 84
Edge 730 1155 94
Edge 730 1182 58
Edge 730 1325 74
Edge 730 1335 73
Edge 730 1672 54
Edge 730 1795 87
Edge 730 2145 62
Edge 730 2200 65
Edge 730 2253 52
Edge 730 2385 62
Edge 730 2777 70
Edge 730 2854 99
Edge 730 3011 93
Edge 730 3383 60
Edge 730 3392 57
Edge 730 3531 55
Edge 731 760 66
Edge 731 878 51
Edge 731 944 61
Edge 731 1019 58
Edge 731 1336 91
Edge 731 1417 69
Edge 731 1518 94
Edge 731 1581 87
Edge 731 1791 75
Edge 731 1981 67
Edge 731 2156 63
Edge 731 2314 74
Edge 731 2346 98
Edge 731 2457 80
Edge 731 2690 78
Edge 731 3100 80
Edge 731 3125 78
Edge 731 3514 61
Edge 731 3561 72
Edge 732 769 62
Edge 732 795 83
Edge 732 869 74
Edge 732 884 50
Edge 732 959 72
Edge 732 989 65
Edge 732 1006 93
Edge 732 1170 96
Edge 732 1551 96
Edge 732 1680 92
Edge 732 2498 98
Edge 732 2723 78
Edge 732 3250 66
Edge 732 3623 77
Edge 733 842 67
Edge 733 1328 58
Edge 733 1823 74
Edge 733 1940 76
Edge 733 2082 83
Edge 733 2220 69
Edge 733 2242 78
Edge 733 2372 83
Edge 733 2502 97
Edge 733 2522 69
Edge 733 2843 85
Edge 733 2914 87
Edge 733 2932 89
Edge 733 3046 55
Edge 733 3154 66
Edge 733 3316 67
Edge 733 3415 77
Edge 733 3523 95
Edge 733 3554 63
Edge 734 802 69
Edge 734 875 88
Edge 734 903 88
Edge 734 1341 66
Edge 734 1627 51
Edge 734 1640 72
Edge 734 1670 74
Edge 734 2166 51
Edge 734 2295 51
Edge 734 2369 83
Edge 734 2456 53
Edge 734 2494 58
Edge 734 2510 60
Edge 734 2720 51
Edge 734 2953 65
Edge 734 3051 62
Edge 734 3127 98
Edge 734 3278 99
Edge 735 886 89
Edge 735 977 68
Edge 735 1070 78
Edge 735 1290 82
Edge 735 1336 72
Edge 735 1526 66
Edge 735 1801 93
Edge 735 2101 91
Edge 735 2396 86
Edge 735 2468 50
Edge 735 2775 72
Edge 735 2805 90
Edge 735 2808 65
Edge 735 3001 83
Edge 735 3174 91
Edge 735 3222 62
Edge 735 3460 74
Edge 735 3562 65
Edge 736 856 57
Edge 736 857 65
Edge 736 923 60
Edge 736 1009 97
Edge 736 1133 51
Edge 736 1431 60
Edge 736 2291 82
Edge 736 2502 60
Edge 736 2644 91
Edge 736 2817 97
Edge 736 2940 89
Edge 736 3009 99
Edge 736 3021 52
Edge 736 3133 51
Edge 737 788 57
Edge 737 818 67
Edge 737 1017 80
Edge 737 1117 80
Edge 737 1173 52
Edge 737 1430 84
Edge 737 1527 54
Edge 737 1599 62
Edge 737 1789 84
Edge 737 1803 98
Edge 737 1827 97
Edge 737 1899 85
Edge 737 1904 90
Edge 737 2196 55
Edge 737 2228 67
Edge 737 2708 77
Edge 737 2866 53
Edge 737 2943 78
Edge 737 3066 80
Edge 737 3194 51
Edge 738 748 65
Edge 738 943 88
Edge 738 1012 75
Edge 738 1224 52
Edge 738 1583 71
Edge 738 1961 56
Edge 738 2091 79
Edge 738 2306 62
Edge 738 2404 79
Edge 738 2605 72
Edge 738 2700 99
Edge 738 2918 55
Edge 738 2972 72
Edge 738 3142 91
Edge 738 3164 62
Edge 738 3218 61
Edge 739 1064 68
Edge 739 1114 76
Edge 739 1299 68
Edge 739 1421 51
Edge 739 1907 87
Edge 739 2223 79
Edge 739 2286 83
Edge 739 2292 51
Edge 739 2367 68
Edge 739 2468 90
Edge 739 2673 54
Edge 739 3014 50
Edge 739 3025 75
Edge 739 3150 73
Edge 739 3643 60
Edge 740 771 67
Edge 740 985 88
Edge 740 1068 91
Edge 740 1117 75
Edge 740 1194 57
Edge 740 1300 87
Edge 740 1410 53
Edge 740 1449 54
Edge 740 1450 77
Edge 740 1554 64
Edge 740 1637 76
Edge 740 1693 61
Edge 740 1840 87
Edge 740 2061 88
Edge 740 2264 52
Edge 740 2266 70
Edge 740 2521 84
Edge 740 3439 66
Edge 740 3522 89
Edge 740 3611 66
Edge 741 797 96
Edge 741 936 93
Edge 741 967 91
Edge 741 983 80
Edge 741 1057 99
Edge 741 1101 90
Edge 741 1163 60
Edge 741 1216 78
Edge 741 1715 52
Edge 741 1743 90
Edge 741 2024 76
Edge 741 2134 90
Edge 741 2318 71
Edge 741 2536 93
Edge 741 2659 89
Edge 741 2669 70
Edge 741 2698 60
Edge 741 2724 68
Edge 741 2982 77
Edge 741 3389 72
Edge 741 3486 84
Edge 741 3487 95
Edge 742 915 61
Edge 742 975 89
Edge 742 1171 53
Edge 742 1191 94
Edge 742 1273 55
Edge 742 1275 65
Edge 742 1298 99
Edge 742 1323 86
Edge 742 1337 96
Edge 742 1629 68
Edge 742 2022 89
Edge 742 2778 68
Edge 742 3041 71
Edge 742 3271 88
Edge 742 3366 77
Edge 742 3418 55
Edge 742 3513 82
Edge 743 1353 62
Edge 743 1411 75
Edge 743 1417 60
Edge 743 1452 89
Edge 743 1514 81
Edge 743 1543 91
Edge 743 1750 68
Edge 743 1850 59
Edge 743 2158 85
Edge 743 2195 64
Edge 743 2277 81
Edge 743 2546 58
Edge 743 2694 62
Edge 743 2857 73
Edge 743 3190 61
Edge 743 3232 82
Edge 744 900 97
Edge 744 987 64
Edge 744 1070 97
Edge 744 1448 87
Edge 744 1454 68
Edge 744 1619 58
Edge 744 1642 72
Edge 744 1843 90
Edge 744 2010 90
Edge 744 2150 58
Edge 744 2244 76
Edge 744 2480 97
Edge 744 2509 83
Edge 744 2659 68
Edge 744 3062 82
Edge 744 3270 68
Edge 744 3476 74
Edge 745 775 51
Edge 745 873 81
Edge 745 1148 62
Edge 745 1154 90
Edge 745 1205 74
Edge 745 1207 94
Edge 745 1549 72
Edge 745 1594 67
Edge 745 2084 82
Edge 745 2147 57
Edge 745 2177 58
Edge 745 2230 96
Edge 745 2239 91
Edge 745 2254 83
Edge 745 2616 74
Edge 745 2898 60
Edge 745 2923 71
Edge 745 3258 85
Edge 746 813 87
Edge 746 826 71
Edge 746 1150 67
Edge 746 1175 91
Edge 746 1558 89
Edge 746 1650 57
Edge 746 1711 79
Edge 746 1720 55
Edge 746 1725 65
Edge 746 1759 90
Edge 746 1874 99
Edge 746 1894 51
Edge 746 1999 79
Edge 746 2272 57
Edge 746 2453 73
Edge 746 3193 67
Edge 746 3197 57
Edge 747 846 83
Edge 747 861 87
Edge 747 975 71
Edge 747 1118 63
Edge 747 1124 91
Edge 747 1237 68
Edge 747 1715 96
Edge 747 1728 74
Edge 747 1799 51
Edge 747 1884 97
Edge 747 2261 86
Edge 747 2343 60
Edge 747 2567 63
Edge 747 3003 50
Edge 747 3153 53
Edge 747 3158 59
Edge 747 3475 79
Edge 748 792 60
Edge 748 911 54
Edge 748 1069 94
Edge 748 1207 83
Edge 748 1269 58
Edge 748 1460 53
Edge 748 2103 79
Edge 748 2467 97
Edge 748 2499 73
Edge 748 2530 50
Edge 748 2793 75
Edge 748 2817 86
Edge 748 2871 57
Edge 748 3176 81
Edge 748 3267 91
Edge 748 3297 63
Edge 748 3404 62
Edge 749 772 76
Edge 749 791 99
Edge 749 1088 61
Edge 749 1184 98
Edge 749 1471 64
Edge 749 1590 83
Edge 749 1847 55
Edge 749 1891 65
Edge 749 2292 94
Edge 749 2463 97
Edge 749 2549 78
Edge 749 2943 88
Edge 749 3027 69
Edge 750 807 57
Edge 750 850 86
Edge 750 855 79
Edge 750 872 55
Edge 750 874 94
Edge 750 893 99
Edge 750 1015 69
Edge 750 1079 64
Edge 750 1124 74
Edge 750 1201 51
Edge 750 1240 77
Edge 750 1389 64
Edge 750 1717 58
Edge 750 2124 52
Edge 750 2531 51
Edge 750 2786 74
Edge 750 2893 64
Edge 750 3648 60
Edge 751 904 97
Edge 751 935 65
Edge 751 949 89
Edge 751 1004 85
Edge 751 1218 83
Edge 751 1448 65
Edge 751 1824 83
Edge 751 1961 61
Edge 751 1994 77
Edge 751 2105 52
Edge 751 2136 68
Edge 751 2615 97
Edge 751 2616 60
Edge 751 2745 80
Edge 751 2777 65
Edge 751 2793 77
Edge 751 2831 64
Edge 751 3361 80
Edge 751 3367 88
Edge 752 916 95
Edge 752 932 89
Edge 752 1088 81
Edge 752 1119 59
Edge 752 1196 73
Edge 752 1217 95
Edge 752 1231 50
Edge 752 1360 62
Edge 752 1746 76
Edge 752 2086 94
Edge 752 2181 87
Edge 752 2210 64
Edge 752 2343 51
Edge 752 2355 60
Edge 752 2396 57
Edge 752 2742 55
Edge 752 3038 91
Edge 752 3268 66
Edge 752 3272 71
Edge 752 3488 90
Edge 752 3664 72
Edge 753 1593 98
Edge 753 1674 92
Edge 753 1690 65
Edge 753 1801 95
Edge 753 1857 83
Edge 753 1917 59
Edge 753 2006 66
Edge 753 2117 92
Edge 753 2378 88
Edge 753 2441 64
Edge 753 2543 85
Edge 753 2811 64
Edge 753 3019 95
Edge 753 3537 51
Edge 753 3620 80
Edge 753 3627 83
Edge 754 827 70
Edge 754 891 78
Edge 754 997 72
Edge 754 1084 90
Edge 754 1192 76
Edge 754 1359 53
Edge 754 1482 56
Edge 754 1563 63
Edge 754 2236 64
Edge 754 2582 89
Edge 754 2654 83
Edge 754 2710 83
Edge 754 2973 50
Edge 755 775 67
Edge 755 792 91
Edge 755 953 89
Edge 755 986 51
Edge 755 1016 99
Edge 755 1121 53
Edge 755 1378 63
Edge 755 1711 72
Edge 755 1908 71
Edge 755 1919 95
Edge 755 1932 70
Edge 755 1940 75
Edge 755 1962 74
Edge 755 2184 76
Edge 755 3255 77
Edge 755 3374 64
Edge 755 3474 66
Edge 755 3568 75
Edge 755 3604 92
Edge 756 761 88
Edge 756 890 85
Edge 756 1198 76
Edge 756 1394 73
Edge 756 1416 50
Edge 756 1418 95
Edge 756 1577 56
Edge 756 1744 98
Edge 756 1829 67
Edge 756 1830 52
Edge 756 1978 54
Edge 756 2006 95
Edge 756 2282 54
Edge 756 2646 63
Edge 756 3207 92
Edge 756 3295 50
Edge 756 3563 88
Edge 757 795 74
Edge 757 1300 84
Edge 757 1478 57
Edge 757 1708 98
Edge 757 1885 71
Edge 757 1962 92
Edge 757 2085 97
Edge 757 2315 77
Edge 757 2495 71
Edge 757 2545 71
Edge 757 2954 52
Edge 757 2972 51
Edge 757 3022 99
Edge 757 3093 58
Edge 757 3123 82
Edge 757 3596 90
Edge 757 3650 94
Edge 758 769 58
Edge 758 824 85
Edge 758 965 67
Edge 758 1014 95
Edge 758 1146 62
Edge 758 1211 58
Edge 758 1230 79
Edge 758 1263 55
Edge 758 1544 97
Edge 758 1622 73
Edge 758 1701 75
Edge 758 2200 59
Edge 758 2399 72
Edge 758 2640 51
Edge 758 2807 89
Edge 758 2832 97
Edge 758 2976 63
Edge 758 3265 96
Edge 759 870 89
Edge 759 957 78
Edge 759 1124 94
Edge 759 1189 72
Edge 759 1193 62
Edge 759 1206 68
Edge 759 1269 80
Edge 759 1354 76
Edge 759 1593 69
Edge 759 2376 91
Edge 759 2584 63
Edge 759 2907 69
Edge 759 2946 95
Edge 759 3134 71
Edge 759 3597 50
Edge 760 773 53
Edge 760 809 76
Edge 760 851 67
Edge 760 936 99
Edge 760 1030 87
Edge 760 1071 89
Edge 760 1165 98
Edge 760 1332 79
Edge 760 1544 57
Edge 760 1579 93
Edge 760 1604 57
Edge 760 2133 94
Edge 760 2239 69
Edge 760 2254 72
Edge 760 2628 72
Edge 760 2802 90
Edge 760 2864 96
Edge 760 3008 93
Edge 761 1185 66
Edge 761 1357 64
Edge 761 1358 73
Edge 761 1364 67
Edge 761 1495 65
Edge 761 1822 98
Edge 761 1933 64
Edge 761 2020 64
Edge 761 2245 88
Edge 761 2270 76
Edge 761 2368 79
Edge 761 2693 56
Edge 761 2717 60
Edge 761 2877 83
Edge 761 2906 83
Edge 761 2964 81
Edge 761 3391 54
Edge 762 945 54
Edge 762 1633 55
Edge 762 1758 63
Edge 762 1792 61
Edge 762 1950 89
Edge 762 2047 76
Edge 762 2091 85
Edge 762 2201 57
Edge 762 2420 70
Edge 762 2437 89
Edge 762 2527 70
Edge 762 2631 87
Edge 762 2710 65
Edge 762 3060 51
Edge 762 3103 94
Edge 762 3284 66
Edge 762 3415 97
Edge 762 3640 83
Edge 763 862 54
Edge 763 875 85
Edge 763 965 51
Edge 763 1088 79
Edge 763 1116 50
Edge 763 1330 57
Edge 763 1351 84
Edge 763 1643 82
Edge 763 1676 62
Edge 763 1876 69
Edge 763 1927 50
Edge 763 2117 83
Edge 763 2393 80
Edge 763 2585 66
Edge 763 2642 78
Edge 763 2832 56
Edge 763 2863 92
Edge 763 2905 53
Edge 763 2932 62
Edge 763 3060 87
Edge 763 3158 87
Edge 763 3298 95
Edge 764 1468 53
Edge 764 1515 90
Edge 764 1529 68
Edge 764 1706 60
Edge 764 1718 70
Edge 764 1865 83
Edge 764 1949 78
Edge 764 2033 52
Edge 764 2278 52
Edge 764 2449 62
Edge 764 2938 88
Edge 764 3042 98
Edge 764 3067 98
Edge 764 3085 81
Edge 764 3353 64
Edge 764 3566 63
Edge 765 1120 90
Edge 765 1150 70
Edge 765 1192 87
Edge 765 1196 94
Edge 765 1344 79
Edge 765 1454 88
Edge 765 1526 82
Edge 765 1679 71
Edge 765 1786 85
Edge 765 2093 81
Edge 765 2108 77
Edge 765 2155 77
Edge 765 2204 80
Edge 765 2310 87
Edge 765 2908 74
Edge 765 3009 94
Edge 765 3078 98
Edge 765 3117 74
Edge 765 3589 76
Edge 766 868 74
Edge 766 1075 76
Edge 766 1121 54
Edge 766 1238 85
Edge 766 1464 83
Edge 766 1484 51
Edge 766 1548 69
Edge 766 1841 76
Edge 766 1910 98
Edge 766 1966 78
Edge 766 1997 96
Edge 766 2052 51
Edge 766 2080 52
Edge 766 2160 66
Edge 766 2394 88
Edge 766 2680 61
Edge 766 2801 56
Edge 766 3349 95
Edge 766 3393 75
Edge 766 3454 54
Edge 767 909 61
Edge 767 1044 74
Edge 767 1075 89
Edge 767 1209 99
Edge 767 1373 52
Edge 767 1419 77
Edge 767 1429 76
Edge 767 1476 94
Edge 767 1524 69
Edge 767 1673 83
Edge 767 1750 75
Edge 767 2139 64
Edge 767 2142 68
Edge 767 2687 72
Edge 767 2733 61
Edge 767 2769 63
Edge 767 3307 81
Edge 768 1187 86
Edge 768 1374 56
Edge 768 1554 71
Edge 768 1562 54
Edge 768 1690 57
Edge 768 1736 76
Edge 768 2045 79
Edge 768 2255 53
Edge 768 2256 55
Edge 768 2483 80
Edge 768 2563 79
Edge 768 2777 63
Edge 768 3139 81
Edge 768 3233 72
Edge 768 3494 68
Edge 768 3509 89
Edge 768 3536 97
Edge 769 1096 76
Edge 769 1097 76
Edge 769 1101 89
Edge 769 1345 77
Edge 769 1365 74
Edge 769 1471 77
Edge 769 1496 75
Edge 769 1529 72
Edge 769 1963 70
Edge 769 2008 70
Edge 769 2073 92
Edge 769 2168 51
Edge 769 2187 77
Edge 769 2297 63
Edge 769 2374 92
Edge 769 2422 81
Edge 769 3122 93
Edge 769 3429 76
Edge 769 3553 53
Edge 770 798 78
Edge 770 832 90
Edge 770 1193 65
Edge 770 1205 53
Edge 770 1228 88
Edge 770 1288 78
Edge 770 1387 91
Edge 770 1426 83
Edge 770 1428 72
Edge 770 1548 83
Edge 770 1686 76
Edge 770 1749 98
Edge 770 1777 96
Edge 770 1891 95
Edge 770 2357 81
Edge 770 3201 69
Edge 770 3310 53
Edge 770 3324 65
Edge 770 3479 62
Edge 770 3540 60
Edge 771 798 71
Edge 771 833 75
Edge 771 1117 60
Edge 771 1242 60
Edge 771 1433 87
Edge 771 1491 73
Edge 771 1533 80
Edge 771 1912 93
Edge 771 2125 96
Edge 771 2391 81
Edge 771 2407 99
Edge 771 2679 85
Edge 771 3157 59
Edge 771 3197 80
Edge 771 3302 83
Edge 771 3459 76
Edge 771 3543 98
Edge 772 968 52
Edge 772 984 91
Edge 772 1142 75
Edge 772 1197 63
Edge 772 1620 78
Edge 772 1855 64
Edge 772 1907 81
Edge 772 1982 87
Edge 772 2099 59
Edge 772 2178 99
Edge 772 2604 99
Edge 772 2793 57
Edge 772 2970 82
Edge 772 3134 52
Edge 772 3382 70
Edge 772 3506 53
Edge 773 898 84
Edge 773 1028 69
Edge 773 1157 85
Edge 773 1302 81
Edge 773 1924 52
Edge 773 2039 70
Edge 773 2102 79
Edge 773 2588 79
Edge 773 2710 60
Edge 773 2893 68
Edge 773 3218 57
Edge 773 3358 61
Edge 773 3525 75
Edge 773 3590 88
Edge 773 3646 82
Edge 774 839 92
Edge 774 919 68
Edge 774 1005 67
Edge 774 1036 95
Edge 774 1184 70
Edge 774 1716 50
Edge 774 1822 90
Edge 774 2116 85
Edge 774 2182 89
Edge 774 2360 72
Edge 774 2401 69
Edge 774 2453 84
Edge 774 2521 56
Edge 774 2643 64
Edge 774 2976 92
Edge 774 2984 91
Edge 774 3002 64
Edge 774 3269 82
Edge 774 3353 93
Edge 774 3363 58
Edge 775 1003 82
Edge 775 1210 70
Edge 775 1388 65
Edge 775 1441 70
Edge 775 1451 76
Edge 775 1531 77
Edge 775 1558 53
Edge 775 1826 95
Edge 775 2005 84
Edge 775 2278 96
Edge 775 2396 56
Edge 775 2488 56
Edge 775 2512 76
Edge 775 2535 85
Edge 775 3115 84
Edge 775 3405 78
Edge 775 3573 70
Edge 776 1011 86
Edge 776 1015 62
Edge 776 1369 86
Edge 776 1510 61
Edge 776 1667 52
Edge 776 2021 93
Edge 776 2081 53
Edge 776 2263 84
Edge 776 2646 71
Edge 776 3002 96
Edge 776 3099 77
Edge 776 3114 50
Edge 776 3171 61
Edge 776 3185 54
Edge 776 3346 52
Edge 776 3579 86
Edge 776 3657 74
Edge 776 3664 99
Edge 777 949 54
Edge 777 962 65
Edge 777 1511 77
Edge 777 1609 71
Edge 777 1873 78
Edge 777 2067 98
Edge 777 2276 84
Edge 777 2316 61
Edge 777 2361 83
Edge 777 2664 66
Edge 777 2766 90
Edge 777 2843 83
Edge 777 2846 95
Edge 777 3135 53
Edge 777 3252 64
Edge 777 3330 79
Edge 777 3515 73
Edge 777 3552 97
Edge 778 930 99
Edge 778 1063 83
Edge 778 1098 93
Edge 778 1275 97
Edge 778 1404 99
Edge 778 1441 70
Edge 778 1471 63
Edge 778 1880 79
Edge 778 1960 77
Edge 778 1987 69
Edge 778 2060 89
Edge 778 2387 50
Edge 778 2486 77
Edge 778 3378 51
Edge 778 3410 68
Edge 778 3421 62
Edge 778 3432 65
Edge 778 3482 53
Edge 779 818 99
Edge 779 859 60
Edge 779 877 68
Edge 779 1099 53
Edge 779 1132 55
Edge 779 1154 50
Edge 779 1211 74
Edge 779 1231 89
Edge 779 1409 91
Edge 779 1708 93
Edge 779 1721 82
Edge 779 1789 52
Edge 779 1790 60
Edge 779 1797 50
Edge 779 1871 56
Edge 779 1972 68
Edge 779 2661 99
Edge 779 2916 100
Edge 779 3006 99
Edge 779 3624 69
Edge 779 3652 77
Edge 780 1031 67
Edge 780 1037 54
Edge 780 1039 97
Edge 780 2117 95
Edge 780 2255 86
Edge 780 2430 93
Edge 780 2458 96
Edge 780 2601 83
Edge 780 2827 71
Edge 780 3107 55
Edge 780 3244 77
Edge 781 822 80
Edge 781 1262 59
Edge 781 1331 86
Edge 781 1333 67
Edge 781 1346 73
Edge 781 1352 81
Edge 781 1358 53
Edge 781 1473 99
Edge 781 1495 65
Edge 781 1703 78
Edge 781 1794 66
Edge 781 2161 91
Edge 781 2609 63
Edge 781 2797 69
Edge 781 2942 96
Edge 781 3077 76
Edge 782 791 71
Edge 782 925 93
Edge 782 983 51
Edge 782 1245 67
Edge 782 1282 77
Edge 782 1884 98
Edge 782 1913 88
Edge 782 2448 65
Edge 782 2583 57
Edge 782 2969 65
Edge 782 3344 53
Edge 782 3464 78
Edge 782 3527 77
Edge 782 3577 66
Edge 782 3595 55
Edge 783 865 50
Edge 783 941 62
Edge 783 1229 56
Edge 783 1393 79
Edge 783 1511 59
Edge 783 1544 63
Edge 783 1600 67
Edge 783 1987 77
Edge 783 2110 70
Edge 783 2222 97
Edge 783 2292 75
Edge 783 2601 82
Edge 783 2609 86
Edge 783 2680 65
Edge 783 2832 88
Edge 783 2843 59
Edge 783 2900 81
Edge 783 3189 67
Edge 784 804 81
Edge 784 862 78
Edge 784 1365 69
Edge 784 1483 67
Edge 784 1520 82
Edge 784 1625 80
Edge 784 1942 86
Edge 784 2049 53
Edge 784 2210 76
Edge 784 2433 67
Edge 784 2581 75
Edge 784 2595 66
Edge 784 2690 74
Edge 784 2703 89
Edge 784 2902 84
Edge 784 3009 94
Edge 784 3254 64
Edge 784 3294 75
Edge 784 3400 51
Edge 785 877 54
Edge 785 943 59
Edge 785 1103 70
Edge 785 1132 58
Edge 785 1272 71
Edge 785 1343 77
Edge 785 1491 81
Edge 785 1493 53
Edge 785 2221 92
Edge 785 2488 62
Edge 785 2686 64
Edge 785 2828 99
Edge 785 2851 82
Edge 785 2894 79
Edge 785 3062 92
Edge 785 3286 52
Edge 785 3478 54
Edge 786 818 76
Edge 786 1089 68
Edge 786 1539 75
Edge 786 1560 92
Edge 786 1599 95
Edge 786 1628 67
Edge 786 1725 72
Edge 786 1783 63
Edge 786 2254 53
Edge 786 2568 83
Edge 786 2672 68
Edge 786 2755 69
Edge 786 3084 52
Edge 786 3145 75
Edge 786 3206 88
Edge 786 3478 64
Edge 786 3574 97
Edge 787 802 95
Edge 787 887 88
Edge 787 898 70
Edge 787 1057 64
Edge 787 1241 99
Edge 787 1329 67
Edge 787 1538 94
Edge 787 2021 72
Edge 787 2071 55
Edge 787 2335 70
Edge 787 2459 88
Edge 787 2712 64
Edge 787 3096 86
Edge 787 3213 54
Edge 787 3223 59
Edge 787 3404 88
Edge 787 3523 60
Edge 788 841 62
Edge 788 868 56
Edge 788 938 50
Edge 788 939 92
Edge 788 1043 61
Edge 788 1204 81
Edge 788 1228 54
Edge 788 1366 93
Edge 788 1398 98
Edge 788 1489 92
Edge 788 1492 99
Edge 788 1510 57
Edge 788 1710 60
Edge 788 2177 91
Edge 788 2401 53
Edge 788 2429 53
Edge 788 2518 79
Edge 788 2706 87
Edge 788 3346 87
Edge 789 1174 75
Edge 789 1236 84
Edge 789 1285 72
Edge 789 1427 91
Edge 789 1468 54
Edge 789 1578 55
Edge 789 1769 88
Edge 789 1928 95
Edge 789 2397 50
Edge 789 2568 98
Edge 789 2724 82
Edge 789 2745 86
Edge 789 2851 52
Edge 789 3018 91
Edge 789 3054 66
Edge 789 3107 59
Edge 789 3387 98
Edge 790 882 59
Edge 790 1004 97
Edge 790 1155 59
Edge 790 1165 83
Edge 790 1219 53
Edge 790 1286 57
Edge 790 1431 70
Edge 790 1544 54
Edge 790 1753 99
Edge 790 2000 57
Edge 790 2035 86
Edge 790 2182 53
Edge 790 2327 85
Edge 790 2330 52
Edge 790 2349 85
Edge 790 2572 69
Edge 790 2821 88
Edge 790 3038 54
Edge 790 3177 95
Edge 790 3550 62
Edge 791 832 94
Edge 791 884 85
Edge 791 1200 65
Edge 791 1339 72
Edge 791 1423 62
Edge 791 1440 63
Edge 791 1493 52
Edge 791 1554 86
Edge 791 1595 55
Edge 791 2240 91
Edge 791 2452 72
Edge 791 2472 93
Edge 791 2502 69
Edge 791 2981 89
Edge 791 3015 60
Edge 791 3083 74
Edge 791 3544 91
Edge 791 3572 51
Edge 792 799 70
Edge 792 867 78
Edge 792 1223 56
Edge 792 1371 55
Edge 792 1457 94
Edge 792 1563 75
Edge 792 1635 97
Edge 792 1743 93
Edge 792 1750 85
Edge 792 1872 53
Edge 792 2064 53
Edge 792 2342 99
Edge 792 2513 83
Edge 792 2564 61
Edge 792 2565 79
Edge 792 3010 87
Edge 792 3363 79
Edge 792 3414 63
Edge 792 3467 68
Edge 793 820 81
Edge 793 894 67
Edge 793 1043 60
Edge 793 1336 61
Edge 793 1355 52
Edge 793 1373 96
Edge 793 1439 81
Edge 793 1655 86
Edge 793 1693 87
Edge 793 1791 85
Edge 793 1955 72
Edge 793 2144 72
Edge 793 2471 50
Edge 793 2849 79
Edge 793 3106 65
Edge 793 3179 81
Edge 793 3209 67
Edge 794 934 80
Edge 794 1116 55
Edge 794 1271 77
Edge 794 1451 87
Edge 794 1572 80
Edge 794 1714 77
Edge 794 1800 78
Edge 794 1865 96
Edge 794 1889 75
Edge 794 2082 80
Edge 794 2169 73
Edge 794 2178 99
Edge 794 2217 84
Edge 794 2291 60
Edge 794 2719 75
Edge 794 2745 52
Edge 794 2845 83
Edge 794 3096 79
Edge 794 3177 59
Edge 794 3365 57
Edge 794 3469 82
Edge 795 1002 82
Edge 795 1140 58
Edge 795 1313 73
Edge 795 1502 99
Edge 795 1640 61
Edge 795 1808 87
Edge 795 1955 75
Edge 795 2161 88
Edge 795 2175 81
Edge 795 2185 83
Edge 795 2269 63
Edge 795 2538 54
Edge 795 3112 59
Edge 795 3145 53
Edge 795 3301 58
Edge 795 3375 73
Edge 795 3538 50
Edge 796 930 51
Edge 796 1206 85
Edge 796 1649 71
Edge 796 1658 99
Edge 796 1692 51
Edge 796 1737 82
Edge 796 1916 60
Edge 796 2263 60
Edge 796 2270 78
Edge 796 2523 68
Edge 796 2567 92
Edge 796 2672 72
Edge 796 2844 61
Edge 796 3147 70
Edge 796 3488 57
Edge 796 3539 95
Edge 797 989 64
Edge 797 1087 62
Edge 797 1322 78
Edge 797 1408 90
Edge 797 1411 95
Edge 797 1611 51
Edge 797 1956 54
Edge 797 2069 61
Edge 797 2163 80
Edge 797 2259 61
Edge 797 2386 69
Edge 797 2570 69
Edge 797 2659 86
Edge 797 2668 60
Edge 797 2896 57
Edge 797 3395 58
Edge 798 946 90
Edge 798 959 67
Edge 798 966 95
Edge 798 1084 63
Edge 798 1195 67
Edge 798 1201 62
Edge 798 1536 56
Edge 798 1641 94
Edge 798 1782 50
Edge 798 1791 92
Edge 798 1818 82
Edge 798 1848 97
Edge 798 2017 68
Edge 798 2239 96
Edge 798 2320 73
Edge 798 2612 72
Edge 798 2639 86
Edge 798 2974 95
Edge 798 3160 59
Edge 798 3574 85
Edge 798 3579 89
Edge 799 992 64
Edge 799 1052 98
Edge 799 1119 54
Edge 799 1303 56
Edge 799 1409 77
Edge 799 1438 54
Edge 799 1443 69
Edge 799 1751 71
Edge 799 1896 80
Edge 799 2078 87
Edge 799 2537 95
Edge 799 2760 52
Edge 799 2780 96
Edge 799 2844 99
Edge 799 2880 60
Edge 799 3174 85
Edge 799 3206 97
Edge 799 3559 98
Edge 800 858 77
Edge 800 882 62
Edge 800 890 74
Edge 800 954 72
Edge 800 974 91
Edge 800 1403 85
Edge 800 1552 54
Edge 800 1757 84
Edge 800 2218 50
Edge 800 2317 53
Edge 800 2451 55
Edge 800 2514 72
Edge 800 2558 77
Edge 800 2576 58
Edge 800 3037 65
Edge 800 3170 73
Edge 800 3375 65
Edge 800 3380 57
Edge 800 3525 86
Edge 801 852 64
Edge 801 894 57
Edge 801 1143 94
Edge 801 1319 57
Edge 801 1583 96
Edge 801 1695 77
Edge 801 2036 71
Edge 801 2078 73
Edge 801 2374 50
Edge 801 2445 93
Edge 801 2493 78
Edge 801 2671 53
Edge 801 3105 53
Edge 801 3300 89
Edge 801 3508 61
Edge 801 3623 78
Edge 802 878 81
Edge 802 1017 90
Edge 802 1171 88
Edge 802 1377 79
Edge 802 1945 63
Edge 802 2252 100
Edge 802 2324 94
Edge 802 2377 72
Edge 802 2481 51
Edge 802 2504 65
Edge 802 2675 79
Edge 802 3106 90
Edge 803 853 62
Edge 803 971 73
Edge 803 1048 58
Edge 803 1128 51
Edge 803 1261 94
Edge 803 1334 61
Edge 803 1871 89
Edge 803 2493 62
Edge 803 2573 58
Edge 803 2713 51
Edge 803 2804 77
Edge 803 2889 87
Edge 803 2987 54
Edge 803 3084 50
Edge 803 3116 52
Edge 803 3200 69
Edge 803 3246 88
Edge 803 3275 50
Edge 804 1184 96
Edge 804 1230 81
Edge 804 1488 88
Edge 804 1626 63
Edge 804 1680 90
Edge 804 1815 66
Edge 804 1967 88
Edge 804 2010 55
Edge 804 2072 78
Edge 804 2162 69
Edge 804 2233 77
Edge 804 2390 90
Edge 804 2414 71
Edge 804 3122 89
Edge 804 3578 87
Edge 805 874 95
Edge 805 929 86
Edge 805 993 90
Edge 805 1104 55
Edge 805 1129 61
Edge 805 1161 80
Edge 805 1167 95
Edge 805 1519 83
Edge 805 1641 71
Edge 805 1655 57
Edge 805 2198 87
Edge 805 2467 77
Edge 805 2555 65
Edge 805 2791 61
Edge 805 2860 96
Edge 805 3057 91
Edge 805 3441 64
Edge 805 3648 96
Edge 806 815 69
Edge 806 840 86
Edge 806 848 69
Edge 806 886 72
Edge 806 892 71
Edge 806 1026 53
Edge 806 1336 54
Edge 806 1420 81
Edge 806 1488 77
Edge 806 1629 98
Edge 806 1707 51
Edge 806 1877 93
Edge 806 1923 57
Edge 806 2540 89
Edge 806 3121 58
Edge 806 3338 63
Edge 806 3512 57
Edge 807 1002 78
Edge 807 1192 53
Edge 807 1225 55
Edge 807 1450 73
Edge 807 2048 61
Edge 807 2251 69
Edge 807 2334 80
Edge 807 2596 52
Edge 807 2944 84
Edge 807 3126 87
Edge 807 3410 96
Edge 807 3614 67
Edge 808 1005 90
Edge 808 1165 64
Edge 808 1266 57
Edge 808 1289 77
Edge 808 1466 83
Edge 808 1542 59
Edge 808 1942 71
Edge 808 2282 50
Edge 808 2331 50
Edge 808 2347 54
Edge 808 2460 99
Edge 808 2471 64
Edge 808 2903 82
Edge 808 3139 51
Edge 808 3400 84
Edge 808 3425 97
Edge 809 855 82
Edge 809 956 92
Edge 809 1093 92
Edge 809 1157 81
Edge 809 1326 85
Edge 809 1442 90
Edge 809 1840 74
Edge 809 2077 81
Edge 809 2379 93
Edge 809 2516 62
Edge 809 3036 97
Edge 809 3061 68
Edge 809 3235 99
Edge 809 3577 93
Edge 810 854 83
Edge 810 1073 72
Edge 810 1341 50
Edge 810 1365 67
Edge 810 1568 77
Edge 810 1745 98
Edge 810 1889 57
Edge 810 2019 56
Edge 810 2084 80
Edge 810 2147 68
Edge 810 2267 68
Edge 810 2365 98
Edge 810 2425 95
Edge 810 2858 81
Edge 810 3370 66
Edge 810 3415 92
Edge 810 3484 76
Edge 810 3584 93
Edge 811 815 88
Edge 811 984 72
Edge 811 1152 79
Edge 811 1162 69
Edge 811 1258 89
Edge 811 1389 66
Edge 811 1493 64
Edge 811 1536 56
Edge 811 1953 69
Edge 811 2077 63
Edge 811 2171 73
Edge 811 2338 88
Edge 811 2430 65
Edge 811 2440 65
Edge 811 2555 90
Edge 811 2634 72
Edge 811 2665 89
Edge 811 2833 79
Edge 811 2993 82
Edge 811 3339 59
Edge 812 829 85
Edge 812 887 97
Edge 812 979 70
Edge 812 1040 74
Edge 812 1214 89
Edge 812 1436 84
Edge 812 1566 63
Edge 812 2039 52
Edge 812 2372 56
Edge 812 2417 59
Edge 812 2498 73
Edge 812 2550 80
Edge 812 3093 86
Edge 812 3174 98
Edge 812 3494 50
Edge 813 984 55
Edge 813 1003 73
Edge 813 1097 81
Edge 813 1178 90
Edge 813 1202 61
Edge 813 1334 62
Edge 813 1758 79
Edge 813 2109 95
Edge 813 2519 75
Edge 813 2732 63
Edge 813 2804 58
Edge 813 2825 54
Edge 813 2938 52
Edge 813 2994 70
Edge 813 3135 83
Edge 813 3257 73
Edge 813 3637 61
Edge 814 926 96
Edge 814 948 75
Edge 814 976 87
Edge 814 1927 66
Edge 814 2001 97
Edge 814 2099 74
Edge 814 2169 90
Edge 814 2297 100
Edge 814 2326 89
Edge 814 2339 95
Edge 814 2464 61
Edge 814 2510 66
Edge 814 2567 77
Edge 814 2878 89
Edge 814 3041 57
Edge 814 3417 87
Edge 814 3612 63
Edge 815 1134 77
Edge 815 1195 75
Edge 815 1392 57
Edge 815 1654 73
Edge 815 1696 63
Edge 815 1888 92
Edge 815 2325 50
Edge 815 2347 91
Edge 815 2376 71
Edge 815 2782 80
Edge 815 2816 83
Edge 815 2859 97
Edge 815 3074 90
Edge 815 3179 62
Edge 815 3194 66
Edge 815 3274 61
Edge 815 3278 56
Edge 815 3616 98
Edge 816 971 78
Edge 816 1096 75
Edge 816 1110 94
Edge 816 1127 74
Edge 816 1211 62
Edge 816 1738 79
Edge 816 1830 91
Edge 816 1953 88
Edge 816 2046 87
Edge 816 2261 72
Edge 816 2279 92
Edge 816 2333 72
Edge 816 2404 59
Edge 816 2422 72
Edge 816 2518 94
Edge 816 2594 66
Edge 816 3095 91
Edge 816 3548 97
Edge 816 3563 88
Edge 817 842 61
Edge 817 994 66
Edge 817 1143 59
Edge 817 1625 88
Edge 817 1860 81
Edge 817 1983 95
Edge 817 2287 73
Edge 817 2451 90
Edge 817 2512 87
Edge 817 2585 94
Edge 817 2606 97
Edge 817 2619 67
Edge 817 3156 96
Edge 817 3231 84
Edge 817 3261 57
Edge 817 3264 55
Edge 817 3412 79
Edge 818 913 92
Edge 818 918 60
Edge 818 1080 85
Edge 818 1116 65
Edge 818 1132 58
Edge 818 1183 51
Edge 818 1275 57
Edge 818 2053 79
Edge 818 2218 81
Edge 818 2318 65
Edge 818 2493 81
Edge 818 2648 98
Edge 818 2839 76
Edge 818 3003 95
Edge 818 3303 66
Edge 818 3339 60
Edge 819 826 58
Edge 819 1431 69
Edge 819 1566 96
Edge 819 1577 65
Edge 819 1666 56
Edge 819 1913 58
Edge 819 2109 70
Edge 819 2190 59
Edge 819 2196 95
Edge 819 2565 77
Edge 819 2707 87
Edge 819 2915 65
Edge 819 2943 98
Edge 819 3034 75
Edge 819 3246 74
Edge 820 1041 79
Edge 820 1158 65
Edge 820 1280 63
Edge 820 1327 83
Edge 820 1645 72
Edge 820 1751 97
Edge 820 1771 78
Edge 820 1836 71
Edge 820 1866 94
Edge 820 2043 59
Edge 820 2341 61
Edge 820 2458 54
Edge 820 2497 60
Edge 820 2566 68
Edge 820 2871 96
Edge 820 2935 87
Edge 820 3118 56
Edge 820 3301 89
Edge 820 3418 66
Edge 820 3485 98
Edge 821 954 96
Edge 821 1160 92
Edge 821 1373 60
Edge 821 1383 57
Edge 821 1469 58
Edge 821 1634 91
Edge 821 1653 56
Edge 821 1712 57
Edge 821 2313 55
Edge 821 2429 65
Edge 821 2620 86
Edge 821 2711 72
Edge 821 3232 94
Edge 821 3485 79
Edge 821 3593 53
Edge 822 927 87
Edge 822 957 79
Edge 822 1363 78
Edge 822 2013 57
Edge 822 2397 94
Edge 822 2465 89
Edge 822 2504 98
Edge 822 2602 79
Edge 822 2755 91
Edge 822 2901 68
Edge 822 2988 90
Edge 822 3056 94
Edge 822 3287 66
Edge 822 3431 53
Edge 822 3518 91
Edge 823 1066 61
Edge 823 1137 66
Edge 823 1279 96
Edge 823 1379 64
Edge 823 1441 68
Edge 823 1449 97
Edge 823 1504 97
Edge 823 1563 68
Edge 823 1631 65
Edge 823 1733 63
Edge 823 1815 86
Edge 823 1986 98
Edge 823 2090 69
Edge 823 2271 62
Edge 823 2280 71
Edge 823 2659 79
Edge 823 2871 54
Edge 823 3145 83
Edge 823 3346 97
Edge 824 1023 63
Edge 824 1289 76
Edge 824 1370 92
Edge 824 1414 81
Edge 824 1877 96
Edge 824 1883 77
Edge 824 2025 66
Edge 824 2080 73
Edge 824 2123 88
Edge 824 2395 87
Edge 824 2432 93
Edge 824 2597 67
Edge 824 2641 83
Edge 824 2829 86
Edge 824 3104 89
Edge 824 3197 89
Edge 825 877 64
Edge 825 941 60
Edge 825 1011 65
Edge 825 1267 93
Edge 825 1273 54
Edge 825 1493 79
Edge 825 1522 79
Edge 825 1549 82
Edge 825 1619 67
Edge 825 1769 98
Edge 825 2103 80
Edge 825 2239 57
Edge 825 2243 56
Edge 825 2256 62
Edge 825 2409 91
Edge 825 2605 52
Edge 825 3024 70
Edge 825 3036 88
Edge 826 956 53
Edge 826 960 60
Edge 826 1152 90
Edge 826 1375 98
Edge 826 1412 74
Edge 826 1831 55
Edge 826 2019 66
Edge 826 2054 96
Edge 826 2115 64
Edge 826 2620 90
Edge 826 2955 63
Edge 826 3097 95
Edge 826 3209 86
Edge 826 3253 59
Edge 826 3457 55
Edge 826 3579 58
Edge 827 837 88
Edge 827 846 77
Edge 827 1031 83
Edge 827 1127 52
Edge 827 1355 92
Edge 827 1595 96
Edge 827 1646 97
Edge 827 1651 75
Edge 827 2049 54
Edge 827 2063 77
Edge 827 2066 58
Edge 827 2293 75
Edge 827 3155 86
Edge 827 3611 57
Edge 828 852 75
Edge 828 997 52
Edge 828 1329 66
Edge 828 1366 71
Edge 828 1469 61
Edge 828 1525 61
Edge 828 1683 50
Edge 828 1828 96
Edge 828 1950 92
Edge 828 2330 97
Edge 828 2562 81
Edge 828 2659 71
Edge 828 2753 58
Edge 828 2932 94
Edge 829 966 55
Edge 829 1001 53
Edge 829 1012 98
Edge 829 1247 86
Edge 829 1248 97
Edge 829 1326 74
Edge 829 1737 94
Edge 829 1858 69
Edge 829 1919 52
Edge 829 2096 53
Edge 829 2195 83
Edge 829 2691 51
Edge 829 2765 83
Edge 829 3013 79
Edge 829 3281 57
Edge 829 3419 90
Edge 829 3520 57
Edge 830 836 64
Edge 830 1122 76
Edge 830 1125 55
Edge 830 1143 99
Edge 830 1497 92
Edge 830 1532 64
Edge 830 1727 99
Edge 830 1785 79
Edge 830 2146 98
Edge 830 2220 63
Edge 830 2342 57
Edge 830 2386 74
Edge 830 2656 55
Edge 830 2744 91
Edge 830 2920 75
Edge 830 2950 58
Edge 830 3017 71
Edge 830 3416 57
Edge 831 836 71
Edge 831 1038 52
Edge 831 1125 67
Edge 831 1394 90
Edge 831 1474 88
Edge 831 1605 65
Edge 831 1857 96
Edge 831 2084 52
Edge 831 2266 80
Edge 831 2404 82
Edge 831 2843 53
Edge 831 2878 61
Edge 831 2892 59
Edge 831 3081 61
Edge 831 3289 83
Edge 831 3337 53
Edge 831 3466 76
Edge 831 3591 52
Edge 832 942 97
Edge 832 1151 77
Edge 832 1369 59
Edge 832 1573 54
Edge 832 1580 51
Edge 832 1582 79
Edge 832 1614 50
Edge 832 1718 87
Edge 832 1911 72
Edge 832 2058 79
Edge 832 2131 69
Edge 832 2132 96
Edge 832 2525 51
Edge 832 2891 75
Edge 832 3020 54
Edge 833 840 71
Edge 833 981 95
Edge 833 1142 59
Edge 833 1147 73
Edge 833 1285 58
Edge 833 1297 86
Edge 833 1460 77
Edge 833 1595 82
Edge 833 1619 87
Edge 833 1757 94
Edge 833 2275 99
Edge 833 2477 58
Edge 833 2660 84
Edge 833 2886 76
Edge 833 3052 76
Edge 833 3369 75
Edge 833 3541 61
Edge 834 859 72
Edge 834 1310 65
Edge 834 1339 79
Edge 834 1384 75
Edge 834 1978 53
Edge 834 2126 77
Edge 834 2178 74
Edge 834 2249 54
Edge 834 2397 73
Edge 834 2599 61
Edge 834 2643 73
Edge 834 2665 85
Edge 834 2682 82
Edge 834 2831 89
Edge 834 3196 77
Edge 834 3419 95
Edge 834 3438 73
Edge 835 1672 91
Edge 835 1791 53
Edge 835 1943 55
Edge 835 1994 62
Edge 835 2095 59
Edge 835 2163 62
Edge 835 2392 53
Edge 835 2447 73
Edge 835 2460 54
Edge 835 2606 60
Edge 835 2864 71
Edge 835 2907 94
Edge 835 3223 89
Edge 835 3412 60
Edge 835 3502 67
Edge 836 856 52
Edge 836 890 71
Edge 836 1070 70
Edge 836 1373 83
Edge 836 2011 66
Edge 836 2085 90
Edge 836 2497 70
Edge 836 2700 76
Edge 836 2796 70
Edge 836 2815 71
Edge 836 2851 51
Edge 836 2864 86
Edge 836 2937 71
Edge 836 3224 64
Edge 836 3387 71
Edge 836 3615 73
Edge 837 864 50
Edge 837 966 57
Edge 837 1041 90
Edge 837 1237 75
Edge 837 1541 60
Edge 837 2086 51
Edge 837 2350 85
Edge 837 2413 83
Edge 837 2544 78
Edge 837 2644 59
Edge 837 2686 99
Edge 837 2690 83
Edge 837 2875 57
Edge 837 2941 72
Edge 838 896 62
Edge 838 1332 55
Edge 838 1346 87
Edge 838 1372 93
Edge 838 1572 63
Edge 838 1652 65
Edge 838 1706 76
Edge 838 2083 90
Edge 838 2108 79
Edge 838 2312 70
Edge 838 2444 70
Edge 838 2618 72
Edge 838 2732 57
Edge 838 2799 87
Edge 838 2862 50
Edge 838 2954 63
Edge 838 3058 70
Edge 838 3351 67
Edge 839 892 69
Edge 839 898 77
Edge 839 1079 87
Edge 839 1085 90
Edge 839 1282 80
Edge 839 1429 73
Edge 839 1659 95
Edge 839 1838 88
Edge 839 1857 79
Edge 839 1901 98
Edge 839 2312 81
Edge 839 2440 55
Edge 839 2492 61
Edge 839 2675 66
Edge 839 2822 98
Edge 839 3373 66
Edge 839 3621 51
Edge 840 904 60
Edge 840 1002 79
Edge 840 1286 99
Edge 840 1347 65
Edge 840 1390 86
Edge 840 1497 66
Edge 840 1983 65
Edge 840 2059 69
Edge 840 2166 58
Edge 840 2239 52
Edge 840 2397 52
Edge 840 2601 53
Edge 840 2697 80
Edge 840 2855 97
Edge 840 3316 81
Edge 841 843 95
Edge 841 876 92
Edge 841 909 73
Edge 841 1209 75
Edge 841 1277 55
Edge 841 1439 95
Edge 841 2026 61
Edge 841 2100 66
Edge 841 2197 58
Edge 841 2318 98
Edge 841 2544 59
Edge 841 2554 65
Edge 841 3042 70
Edge 841 3315 67
Edge 841 3396 99
Edge 842 1237 76
Edge 842 1351 88
Edge 842 1357 83
Edge 842 1482 76
Edge 842 1507 66
Edge 842 1593 57
Edge 842 1898 59
Edge 842 2129 98
Edge 842 2208 98
Edge 842 2793 64
Edge 842 2951 61
Edge 842 3092 59
Edge 842 3236 78
Edge 842 3333 73
Edge 842 3355 58
Edge 842 3522 71
Edge 842 3595 76
Edge 843 1037 91
Edge 843 1060 57
Edge 843 1067 55
Edge 843 1073 98
Edge 843 1362 92
Edge 843 1398 71
Edge 843 1411 55
Edge 843 1507 78
Edge 843 1587 62
Edge 843 1744 85
Edge 843 2180 93
Edge 843 2371 78
Edge 843 2526 64
Edge 843 2639 69
Edge 843 3243 81
Edge 843 3547 60
Edge 844 1122 65
Edge 844 1567 85
Edge 844 1656 66
Edge 844 1717 56
Edge 844 1756 73
Edge 844 1876 80
Edge 844 2549 87
Edge 844 2646 68
Edge 844 2732 58
Edge 844 2862 97
Edge 844 3107 74
Edge 844 3537 71
Edge 844 3599 85
Edge 845 895 97
Edge 845 1243 72
Edge 845 1423 90
Edge 845 1632 65
Edge 845 1688 69
Edge 845 1963 82
Edge 845 2011 79
Edge 845 2071 51
Edge 845 2170 66
Edge 845 2523 93
Edge 845 2950 87
Edge 845 2988 58
Edge 845 3358 58
Edge 845 3382 57
Edge 845 3465 74
Edge 845 3473 57
Edge 845 3484 71
Edge 846 1122 75
Edge 846 1265 64
Edge 846 1304 80
Edge 846 1458 66
Edge 846 1724 81
Edge 846 1737 93
Edge 846 1741 51
Edge 846 1868 72
Edge 846 1988 79
Edge 846 2013 64
Edge 846 2050 80
Edge 846 2253 57
Edge 846 2436 96
Edge 846 2714 83
Edge 846 3080 65
Edge 846 3618 90
Edge 847 865 82
Edge 847 979 55
Edge 847 987 53
Edge 847 1051 62
Edge 847 1163 59
Edge 847 1220 96
Edge 847 1509 56
Edge 847 1513 92
Edge 847 1538 56
Edge 847 1588 84
Edge 847 1724 71
Edge 847 1779 81
Edge 847 2258 95
Edge 847 2410 81
Edge 847 2737 75
Edge 847 2807 96
Edge 847 2871 92
Edge 847 2983 91
Edge 847 3225 53
Edge 848 942 50
Edge 848 952 60
Edge 848 971 70
Edge 848 1222 70
Edge 848 1243 54
Edge 848 1451 81
Edge 848 1667 56
Edge 848 2718 95
Edge 848 3096 65
Edge 848 3106 97
Edge 848 3323 89
Edge 848 3493 98
Edge 848 3508 83
Edge 849 1045 85
Edge 849 1172 66
Edge 849 1381 76
Edge 849 1409 81
Edge 849 1577 85
Edge 849 2053 98
Edge 849 2081 53
Edge 849 2087 86
Edge 849 2378 50
Edge 849 2448 65
Edge 849 2541 68
Edge 849 2615 69
Edge 849 2876 64
Edge 849 3063 93
Edge 849 3165 71
Edge 849 3524 61
Edge 849 3647 51
Edge 850 994 98
Edge 850 1083 68
Edge 850 1147 97
Edge 850 1238 52
Edge 850 1258 74
Edge 850 1382 90
Edge 850 1390 56
Edge 850 1843 77
Edge 850 1962 75
Edge 850 2122 57
Edge 850 2291 51
Edge 850 2300 84
Edge 850 2535 64
Edge 850 2582 71
Edge 850 2873 59
Edge 850 3084 74
Edge 851 922 67
Edge 851 997 85
Edge 851 1479 66
Edge 851 1610 63
Edge 851 1842 85
Edge 851 1940 93
Edge 851 1979 50
Edge 851 2016 72
Edge 851 2419 99
Edge 851 2678 96
Edge 851 2782 60
Edge 851 3036 76
Edge 851 3191 56
Edge 851 3341 66
Edge 851 3528 86
Edge 852 913 76
Edge 852 1194 65
Edge 852 1203 80
Edge 852 1210 100
Edge 852 1213 65
Edge 852 1226 62
Edge 852 1628 97
Edge 852 1778 68
Edge 852 1845 70
Edge 852 2202 61
Edge 852 2235 92
Edge 852 2377 61
Edge 852 3056 54
Edge 852 3086 76
Edge 852 3300 88
Edge 852 3524 98
Edge 853 854 85
Edge 853 948 99
Edge 853 967 50
Edge 853 1123 54
Edge 853 1163 58
Edge 853 1220 80
Edge 853 1569 68
Edge 853 1741 73
Edge 853 1914 90
Edge 853 1980 66
Edge 853 1989 76
Edge 853 2342 76
Edge 853 2617 53
Edge 853 2679 73
Edge 853 2711 85
Edge 853 2794 75
Edge 853 2924 56
Edge 853 2987 64
Edge 853 3358 56
Edge 853 3389 52
Edge 854 969 80
Edge 854 999 80
Edge 854 1169 62
Edge 854 1215 83
Edge 854 1248 63
Edge 854 1681 67
Edge 854 1995 64
Edge 854 2061 99
Edge 854 2205 54
Edge 854 2487 68
Edge 854 2839 87
Edge 854 2855 88
Edge 854 2867 64
Edge 854 3223 98
Edge 855 1070 89
Edge 855 1092 62
Edge 855 1302 69
Edge 855 1327 65
Edge 855 1684 57
Edge 855 2250 52
Edge 855 2293 75
Edge 855 2473 72
Edge 855 2476 82
Edge 855 2537 70
Edge 855 2540 92
Edge 855 2660 56
Edge 855 2854 55
Edge 855 2870 70
Edge 855 3546 66
Edge 856 899 96
Edge 856 908 98
Edge 856 987 78
Edge 856 995 51
Edge 856 1377 58
Edge 856 1381 63
Edge 856 1520 97
Edge 856 1586 69
Edge 856 1591 90
Edge 856 1667 68
Edge 856 1710 100
Edge 856 2038 60
Edge 856 2341 90
Edge 856 2376 87
Edge 856 2702 80
Edge 856 2744 86
Edge 856 2834 56
Edge 856 3144 69
Edge 857 998 69
Edge 857 1212 52
Edge 857 1276 69
Edge 857 1384 98
Edge 857 1403 60
Edge 857 1412 77
Edge 857 1543 59
Edge 857 1561 63
Edge 857 1719 76
Edge 857 2134 78
Edge 857 2158 93
Edge 857 2450 85
Edge 857 3016 94
Edge 857 3051 64
Edge 857 3220 87
Edge 857 3628 69
Edge 858 861 93
Edge 858 1031 72
Edge 858 1144 66
Edge 858 1311 61
Edge 858 1362 73
Edge 858 1492 53
Edge 858 1571 75
Edge 858 1686 65
Edge 858 1991 71
Edge 858 2222 53
Edge 858 2559 59
Edge 858 2881 87
Edge 858 3025 68
Edge 858 3084 73
Edge 858 3091 55
Edge 858 3372 99
Edge 859 992 68
Edge 859 1209 60
Edge 859 1279 72
Edge 859 1369 62
Edge 859 1615 97
Edge 859 1648 95
Edge 859 1797 72
Edge 859 2030 54
Edge 859 2352 59
Edge 859 2433 76
Edge 859 2596 55
Edge 859 2868 55
Edge 859 3141 52
Edge 860 900 62
Edge 860 917 50
Edge 860 1210 77
Edge 860 1336 52
Edge 860 1339 79
Edge 860 1569 86
Edge 860 1790 76
Edge 860 2165 59
Edge 860 2498 90
Edge 860 2554 70
Edge 860 2653 74
Edge 860 3112 60
Edge 860 3194 61
Edge 860 3241 65
Edge 860 3421 97
Edge 860 3439 54
Edge 861 899 52
Edge 861 1077 53
Edge 861 1103 85
Edge 861 1130 52
Edge 861 1167 57
Edge 861 1646 95
Edge 861 2054 62
Edge 861 2165 50
Edge 861 2353 53
Edge 861 3203 53
Edge 861 3409 69
Edge 861 3538 80
Edge 861 3566 79
Edge 862 1127 59
Edge 862 1563 78
Edge 862 1568 97
Edge 862 1691 53
Edge 862 1953 64
Edge 862 2205 93
Edge 862 2266 80
Edge 862 2462 86
Edge 862 2550 90
Edge 862 2572 80
Edge 862 2731 52
Edge 862 2756 85
Edge 862 2860 89
Edge 862 3131 71
Edge 862 3161 62
Edge 863 1127 60
Edge 863 1356 51
Edge 863 1358 98
Edge 863 1490 99
Edge 863 1540 63
Edge 863 1900 54
Edge 863 2003 97
Edge 863 2599 50
Edge 863 2939 61
Edge 863 3196 72
Edge 863 3534 99
Edge 864 1014 97
Edge 864 1126 79
Edge 864 1342 72
Edge 864 1525 60
Edge 864 1527 93
Edge 864 1780 76
Edge 864 1891 99
Edge 864 1906 85
Edge 864 2006 88
Edge 864 2029 72
Edge 864 2285 87
Edge 864 2647 71
Edge 864 2759 90
Edge 864 2769 85
Edge 864 2891 65
Edge 864 3100 56
Edge 864 3162 51
Edge 865 1041 88
Edge 865 1123 59
Edge 865 1151 75
Edge 865 1159 67
Edge 865 1214 92
Edge 865 1354 65
Edge 865 1458 69
Edge 865 1568 90
Edge 865 1607 84
Edge 865 1986 73
Edge 865 2041 92
Edge 865 2245 95
Edge 865 2474 98
Edge 865 2539 62
Edge 865 2609 58
Edge 865 2733 83
Edge 865 2873 53
Edge 865 3159 76
Edge 865 3493 80
Edge 865 3567 75
Edge 866 952 76
Edge 866 1032 86
Edge 866 1122 67
Edge 866 1364 54
Edge 866 1477 81
Edge 866 1825 99
Edge 866 1948 93
Edge 866 2015 91
Edge 866 2209 89
Edge 866 2385 62
Edge 866 2477 95
Edge 866 2479 60
Edge 866 2914 66
Edge 866 3074 92
Edge 866 3267 68
Edge 866 3272 87
Edge 866 3493 96
Edge 866 3565 90
Edge 866 3630 53
Edge 867 1414 92
Edge 867 1459 98
Edge 867 1486 80
Edge 867 1558 57
Edge 867 1685 90
Edge 867 1715 78
Edge 867 1917 76
Edge 867 1931 53
Edge 867 2146 61
Edge 867 2321 83
Edge 867 2622 84
Edge 867 2918 62
Edge 867 3160 94
Edge 867 3336 77
Edge 868 1036 79
Edge 868 1186 89
Edge 868 1588 67
Edge 868 1605 61
Edge 868 1710 70
Edge 868 1812 58
Edge 868 1942 71
Edge 868 2069 57
Edge 868 2088 64
Edge 868 2459 59
Edge 868 2464 87
Edge 868 2513 81
Edge 868 2596 57
Edge 868 2611 92
Edge 868 2736 69
Edge 868 2947 51
Edge 869 890 99
Edge 869 959 96
Edge 869 963 52
Edge 869 1376 79
Edge 869 1575 91
Edge 869 1709 91
Edge 869 1803 88
Edge 869 2029 86
Edge 869 2267 63
Edge 869 2284 63
Edge 869 2311 51
Edge 869 2383 93
Edge 869 2508 86
Edge 869 2590 89
Edge 869 2607 90
Edge 869 2855 71
Edge 869 3036 100
Edge 870 990 98
Edge 870 1300 82
Edge 870 1310 54
Edge 870 1357 79
Edge 870 1681 60
Edge 870 1810 89
Edge 870 1863 97
Edge 870 1931 80
Edge 870 2085 55
Edge 870 2118 50
Edge 870 2144 53
Edge 870 2177 73
Edge 870 2307 85
Edge 870 2421 88
Edge 870 2604 52
Edge 870 3301 81
Edge 870 3450 70
Edge 870 3488 88
Edge 870 3626 69
Edge 871 939 94
Edge 871 961 53
Edge 871 1208 85
Edge 871 1218 71
Edge 871 1252 64
Edge 871 1268 87
Edge 871 1384 90
Edge 871 1451 72
Edge 871 1570 61
Edge 871 1607 95
Edge 871 2064 88
Edge 871 2097 50
Edge 871 2245 82
Edge 871 3028 76
Edge 871 3059 68
Edge 871 3197 61
Edge 871 3362 75
Edge 871 3365 98
Edge 871 3414 72
Edge 871 3659 80
Edge 872 1308 98
Edge 872 1410 90
Edge 872 1619 88
Edge 872 1738 99
Edge 872 1853 86
Edge 872 1986 50
Edge 872 2022 92
Edge 872 2208 88
Edge 872 2213 94
Edge 872 2264 99
Edge 872 2345 84
Edge 872 2393 72
Edge 872 3046 73
Edge 872 3154 81
Edge 872 3170 62
Edge 872 3331 64
Edge 872 3547 93
Edge 872 3571 53
Edge 873 974 81
Edge 873 978 98
Edge 873 997 75
Edge 873 1219 50
Edge 873 1291 59
Edge 873 1584 70
Edge 873 1615 56
Edge 873 1826 96
Edge 873 2012 78
Edge 873 2158 70
Edge 873 2239 54
Edge 873 2309 60
Edge 873 2490 72
Edge 873 2509 60
Edge 873 3254 62
Edge 873 3273 73
Edge 874 1181 97
Edge 874 1187 82
Edge 874 1249 57
Edge 874 1327 88
Edge 874 1757 51
Edge 874 1808 85
Edge 874 2375 91
Edge 874 2451 79
Edge 874 2763 75
Edge 874 2840 97
Edge 874 2882 80
Edge 875 1252 58
Edge 875 1604 79
Edge 875 1606 94
Edge 875 1723 52
Edge 875 1798 85
Edge 875 2007 84
Edge 875 2190 85
Edge 875 2221 97
Edge 875 2461 89
Edge 875 2508 87
Edge 875 2519 74
Edge 875 2636 71
Edge 875 3213 64
Edge 875 3275 56
Edge 875 3298 84
Edge 875 3559 99
Edge 875 3632 59
Edge 875 3651 62
Edge 876 1134 74
Edge 876 1273 98
Edge 876 1457 57
Edge 876 1678 97
Edge 876 2101 51
Edge 876 2110 93
Edge 876 2482 71
Edge 876 3177 75
Edge 876 3273 84
Edge 877 1011 61
Edge 877 1163 83
Edge 877 1293 96
Edge 877 1730 82
Edge 877 1988 64
Edge 877 1995 69
Edge 877 2517 81
Edge 877 3303 84
Edge 877 3343 62
Edge 878 966 70
Edge 878 1345 82
Edge 878 1403 94
Edge 878 1962 81
Edge 878 2060 74
Edge 878 2185 56
Edge 878 2194 87
Edge 878 2197 86
Edge 878 2207 53
Edge 878 2273 56
Edge 878 2350 80
Edge 878 2565 69
Edge 878 2728 67
Edge 878 2962 71
Edge 878 2996 75
Edge 878 3067 66
Edge 878 3313 97
Edge 878 3634 59
Edge 879 901 92
Edge 879 1016 61
Edge 879 1118 57
Edge 879 1133 82
Edge 879 1385 99
Edge 879 1405 55
Edge 879 1515 86
Edge 879 1595 55
Edge 879 1648 98
Edge 879 1971 84
Edge 879 2072 76
Edge 879 2166 56
Edge 879 2470 82
Edge 879 3023 89
Edge 879 3098 78
Edge 879 3383 69
Edge 879 3393 97
Edge 879 3503 55
Edge 880 899 56
Edge 880 1137 98
Edge 880 1176 50
Edge 880 1264 88
Edge 880 1503 95
Edge 880 1638 53
Edge 880 1772 92
Edge 880 2211 55
Edge 880 2749 74
Edge 880 2782 77
Edge 880 2977 64
Edge 880 3022 61
Edge 880 3098 92
Edge 880 3231 50
Edge 881 923 95
Edge 881 1025 50
Edge 881 1240 99
Edge 881 1287 54
Edge 881 1384 60
Edge 881 1618 73
Edge 881 1641 89
Edge 881 1679 57
Edge 881 1766 83
Edge 881 1864 73
Edge 881 2338 78
Edge 881 2351 72
Edge 881 2711 74
Edge 881 2797 74
Edge 881 3155 62
Edge 881 3240 94
Edge 881 3396 77
Edge 882 919 79
Edge 882 1390 96
Edge 882 1440 78
Edge 882 1589 55
Edge 882 1610 83
Edge 882 1613 85
Edge 882 1733 80
Edge 882 1840 97
Edge 882 2196 94
Edge 882 2274 68
Edge 882 2512 61
Edge 882 2706 51
Edge 882 2717 88
Edge 882 2987 79
Edge 882 3010 76
Edge 882 3420 79
Edge 882 3529 84
Edge 883 1067 90
Edge 883 1287 94
Edge 883 1438 52
Edge 883 1530 65
Edge 883 1930 73
Edge 883 1979 86
Edge 883 2116 55
Edge 883 2752 78
Edge 883 2970 74
Edge 883 3024 80
Edge 883 3069 94
Edge 883 3102 61
Edge 883 3110 78
Edge 883 3157 71
Edge 883 3389 58
Edge 883 3559 63
Edge 883 3562 52
Edge 883 3620 80
Edge 884 954 85
Edge 884 1021 65
Edge 884 1038 80
Edge 884 1106 73
Edge 884 1157 95
Edge 884 1454 52
Edge 884 1742 70
Edge 884 1805 53
Edge 884 1992 53
Edge 884 2136 96
Edge 884 2336 59
Edge 884 2455 99
Edge 884 2651 65
Edge 884 2668 89
Edge 884 3124 65
Edge 884 3423 54
Edge 885 1009 82
Edge 885 1274 56
Edge 885 1297 96
Edge 885 1488 80
Edge 885 1587 97
Edge 885 1616 90
Edge 885 1835 75
Edge 885 1908 51
Edge 885 2164 91
Edge 885 2309 84
Edge 885 2333 63
Edge 885 2459 78
Edge 885 2564 88
Edge 885 2580 97
Edge 885 2661 73
Edge 885 2732 58
Edge 885 2871 93
Edge 885 3056 66
Edge 885 3222 66
Edge 885 3642 69
Edge 886 1158 61
Edge 886 1725 89
Edge 886 1769 74
Edge 886 1854 97
Edge 886 2463 51
Edge 886 2495 96
Edge 886 2689 96
Edge 886 2946 92
Edge 886 2949 96
Edge 886 3132 62
Edge 886 3135 62
Edge 886 3226 84
Edge 886 3462 92
Edge 886 3641 67
Edge 887 981 65
Edge 887 988 58
Edge 887 1057 96
Edge 887 1104 75
Edge 887 1151 64
Edge 887 1284 52
Edge 887 1475 57
Edge 887 1702 91
Edge 887 1984 72
Edge 887 1986 77
Edge 887 2314 58
Edge 887 2975 97
Edge 887 3043 94
Edge 887 3048 96
Edge 887 3051 83
Edge 887 3101 99
Edge 887 3314 72
Edge 887 3411 84
Edge 888 1241 99
Edge 888 2075 81
Edge 888 2096 64
Edge 888 2125 59
Edge 888 2167 74
Edge 888 2244 61
Edge 888 2466 50
Edge 888 2472 98
Edge 888 2670 66
Edge 888 2806 94
Edge 888 3015 59
Edge 888 3029 83
Edge 888 3259 94
Edge 888 3310 93
Edge 888 3398 67
Edge 888 3442 98
Edge 889 999 93
Edge 889 1442 91
Edge 889 1547 88
Edge 889 1710 79
Edge 889 2082 77
Edge 889 2085 52
Edge 889 2511 97
Edge 889 2573 95
Edge 889 2782 92
Edge 889 2849 99
Edge 889 2981 65
Edge 889 3293 69
Edge 889 3360 76
Edge 889 3526 89
Edge 890 973 83
Edge 890 1331 95
Edge 890 1419 86
Edge 890 1719 60
Edge 890 1784 78
Edge 890 2590 96
Edge 890 2609 55
Edge 890 2613 59
Edge 890 2725 54
Edge 890 2813 79
Edge 890 3074 51
Edge 890 3328 95
Edge 890 3433 66
Edge 891 1047 67
Edge 891 1053 84
Edge 891 1252 68
Edge 891 1464 93
Edge 891 1790 64
Edge 891 1930 89
Edge 891 2045 59
Edge 891 2062 54
Edge 891 2131 97
Edge 891 2256 92
Edge 891 2424 59
Edge 891 2478 51
Edge 891 3147 77
Edge 891 3194 83
Edge 891 3255 86
Edge 891 3463 89
Edge 892 1162 51
Edge 892 1174 70
Edge 892 1401 76
Edge 892 1470 68
Edge 892 1986 63
Edge 892 2098 62
Edge 892 2583 76
Edge 892 2963 69
Edge 892 2997 75
Edge 892 3004 77
Edge 892 3010 61
Edge 892 3051 99
Edge 892 3153 81
Edge 892 3206 80
Edge 893 941 77
Edge 893 1491 65
Edge 893 1562 66
Edge 893 1569 82
Edge 893 1602 64
Edge 893 1695 69
Edge 893 1804 99
Edge 893 2024 55
Edge 893 2053 69
Edge 893 2198 82
Edge 893 2313 57
Edge 893 2695 92
Edge 893 2939 61
Edge 893 3139 55
Edge 893 3241 61
Edge 893 3458 99
Edge 893 3462 71
Edge 894 989 72
Edge 894 1023 73
Edge 894 1181 92
Edge 894 1192 91
Edge 894 1220 71
Edge 894 1231 56
Edge 894 1432 76
Edge 894 1445 79
Edge 894 1766 59
Edge 894 1983 53
Edge 894 2193 59
Edge 894 2629 98
Edge 894 2657 90
Edge 894 2736 93
Edge 894 3574 55
Edge 894 3590 52
Edge 894 3598 59
Edge 895 1133 74
Edge 895 1303 88
Edge 895 1501 52
Edge 895 1556 94
Edge 895 1854 79
Edge 895 1883 91
Edge 895 1981 93
Edge 895 2025 66
Edge 895 2059 69
Edge 895 2173 77
Edge 895 2294 53
Edge 895 2570 77
Edge 895 2660 94
Edge 895 2665 75
Edge 895 3546 77
Edge 896 1348 94
Edge 896 1449 80
Edge 896 1521 59
Edge 896 1652 88
Edge 896 1684 69
Edge 896 1795 67
Edge 896 1818 84
Edge 896 2102 99
Edge 896 2158 91
Edge 896 2211 85
Edge 896 2301 84
Edge 896 2326 72
Edge 896 2770 87
Edge 896 3158 77
Edge 896 3181 83
Edge 896 3245 91
Edge 896 3407 90
Edge 897 938 53
Edge 897 1392 83
Edge 897 1526 71
Edge 897 1669 74
Edge 897 1932 58
Edge 897 2393 57
Edge 897 2582 51
Edge 897 2676 91
Edge 897 2761 91
Edge 897 2817 51
Edge 897 2840 62
Edge 897 2876 67
Edge 897 2991 98
Edge 897 3092 60
Edge 897 3331 65
Edge 897 3383 86
Edge 898 936 55
Edge 898 1190 97
Edge 898 1201 94
Edge 898 1278 50
Edge 898 1429 77
Edge 898 1576 54
Edge 898 1683 91
Edge 898 1853 70
Edge 898 2214 77
Edge 898 2342 64
Edge 898 2531 99
Edge 898 2550 61
Edge 898 2782 56
Edge 898 3442 74
Edge 898 3656 90
Edge 899 952 76
Edge 899 1085 54
Edge 899 1282 80
Edge 899 1314 59
Edge 899 1321 58
Edge 899 1516 68
Edge 899 1878 96
Edge 899 1938 52
Edge 899 1939 76
Edge 899 2146 72
Edge 899 2148 83
Edge 899 2376 93
Edge 899 2616 56
Edge 899 2842 66
Edge 899 3192 91
Edge 899 3427 79
Edge 900 1169 73
Edge 900 1199 65
Edge 900 1237 56
Edge 900 1252 94
Edge 900 1356 92
Edge 900 1472 92
Edge 900 1682 74
Edge 900 1841 60
Edge 900 2218 51
Edge 900 2562 70
Edge 900 2563 97
Edge 900 2909 95
Edge 900 3203 70
Edge 900 3351 75
Edge 901 1051 95
Edge 901 1214 92
Edge 901 1682 50
Edge 901 1699 89
Edge 901 1778 87
Edge 901 1835 58
Edge 901 1997 54
Edge 901 2002 77
Edge 901 2487 99
Edge 901 2649 63
Edge 901 2697 87
Edge 901 3133 78
Edge 901 3167 74
Edge 901 3174 77
Edge 901 3492 65
Edge 902 979 54
Edge 902 1097 84
Edge 902 1212 65
Edge 902 1263 60
Edge 902 1613 98
Edge 902 1660 51
Edge 902 1676 61
Edge 902 1700 94
Edge 902 1781 86
Edge 902 1901 80
Edge 902 1941 94
Edge 902 2099 69
Edge 902 2256 92
Edge 902 2382 92
Edge 902 2604 52
Edge 902 2641 59
Edge 902 3165 91
Edge 902 3207 62
Edge 902 3340 76
Edge 902 3639 98
Edge 903 912 67
Edge 903 1215 83
Edge 903 1228 87
Edge 903 1565 64
Edge 903 1700 76
Edge 903 1717 93
Edge 903 1762 50
Edge 903 1841 67
Edge 903 1916 93
Edge 903 2381 97
Edge 903 2396 95
Edge 903 2558 53
Edge 903 3075 70
Edge 903 3291 76
Edge 903 3358 54
Edge 903 3444 86
Edge 904 972 61
Edge 904 998 56
Edge 904 1560 79
Edge 904 1585 86
Edge 904 1633 90
Edge 904 1860 68
Edge 904 1875 98
Edge 904 1977 55
Edge 904 2151 80
Edge 904 2200 73
Edge 904 2600 94
Edge 904 2729 65
Edge 904 3043 52
Edge 904 3138 50
Edge 904 3341 94
Edge 905 1261 89
Edge 905 1297 62
Edge 905 1418 67
Edge 905 1468 50
Edge 905 1482 90
Edge 905 1765 82
Edge 905 1884 81
Edge 905 2111 79
Edge 905 2290 75
Edge 905 2965 91
Edge 905 3292 78
Edge 905 3308 54
Edge 905 3322 57
Edge 905 3500 63
Edge 906 1005 75
Edge 906 1185 82
Edge 906 1406 70
Edge 906 1635 78
Edge 906 1803 92
Edge 906 1856 78
Edge 906 2315 73
Edge 906 2351 70
Edge 906 2440 51
Edge 906 2713 64
Edge 906 2733 84
Edge 906 2842 76
Edge 906 2851 63
Edge 906 2922 79
Edge 906 2979 66
Edge 906 3354 79
Edge 907 964 93
Edge 907 967 98
Edge 907 1516 88
Edge 907 1528 63
Edge 907 1794 61
Edge 907 1832 63
Edge 907 1965 68
Edge 907 2158 80
Edge 907 2341 51
Edge 907 2621 68
Edge 907 2810 58
Edge 907 3210 75
Edge 907 3329 76
Edge 907 3348 65
Edge 907 3495 67
Edge 908 923 60
Edge 908 937 69
Edge 908 1178 92
Edge 908 1418 64
Edge 908 1483 95
Edge 908 1630 93
Edge 908 1770 53
Edge 908 2184 50
Edge 908 2231 55
Edge 908 2284 95
Edge 908 2304 61
Edge 908 2413 97
Edge 908 3116 58
Edge 908 3262 71
Edge 909 992 89
Edge 909 1715 85
Edge 909 1877 51
Edge 909 2345 60
Edge 909 2489 56
Edge 909 2546 60
Edge 909 3094 88
Edge 909 3535 82
Edge 910 935 89
Edge 910 980 74
Edge 910 1065 89
Edge 910 1157 51
Edge 910 1376 85
Edge 910 1510 88
Edge 910 1586 90
Edge 910 1701 73
Edge 910 1868 86
Edge 910 1932 71
Edge 910 2154 99
Edge 910 2237 60
Edge 910 2257 85
Edge 910 2770 78
Edge 910 2781 52
Edge 910 3440 85
Edge 910 3505 57
Edge 911 985 70
Edge 911 1060 63
Edge 911 1273 58
Edge 911 1417 77
Edge 911 1523 63
Edge 911 1625 60
Edge 911 1642 60
Edge 911 1919 84
Edge 911 1949 98
Edge 911 2106 94
Edge 911 2343 73
Edge 911 2852 83
Edge 911 2946 73
Edge 911 3226 83
Edge 911 3392 80
Edge 911 3447 92
Edge 912 951 58
Edge 912 1228 71
Edge 912 1383 53
Edge 912 1422 84
Edge 912 1725 78
Edge 912 1740 94
Edge 912 2215 53
Edge 912 2243 61
Edge 912 2293 95
Edge 912 2483 58
Edge 912 2629 63
Edge 912 2635 96
Edge 912 2724 96
Edge 912 2728 82
Edge 912 2772 70
Edge 912 3202 54
Edge 912 3417 59
Edge 913 955 92
Edge 913 978 98
Edge 913 1387 83
Edge 913 1599 80
Edge 913 1654 58
Edge 913 2107 56
Edge 913 2133 60
Edge 913 2363 80
Edge 913 2544 80
Edge 913 2570 96
Edge 913 2813 62
Edge 913 3237 79
Edge 913 3294 53
Edge 913 3355 81
Edge 913 3409 66
Edge 913 3560 98
Edge 914 1007 58
Edge 914 1090 65
Edge 914 1276 66
Edge 914 1352 64
Edge 914 1507 65
Edge 914 1671 83
Edge 914 1740 86
Edge 914 1746 98
Edge 914 1959 71
Edge 914 2438 69
Edge 914 3265 51
Edge 914 3323 57
Edge 914 3628 83
Edge 915 954 53
Edge 915 967 77
Edge 915 1075 82
Edge 915 1094 55
Edge 915 1101 63
Edge 915 1226 84
Edge 915 1904 56
Edge 915 2162 73
Edge 915 2563 78
Edge 915 2917 84
Edge 915 3353 60
Edge 915 3466 69
Edge 916 1042 57
Edge 916 1082 82
Edge 916 1204 60
Edge 916 1246 50
Edge 916 1302 89
Edge 916 1443 64
Edge 916 1468 64
Edge 916 1544 63
Edge 916 1828 94
Edge 916 1920 98
Edge 916 2632 88
Edge 916 2697 69
Edge 916 3196 70
Edge 916 3495 78
Edge 916 3542 94
Edge 916 3646 53
Edge 917 920 73
Edge 917 968 57
Edge 917 1149 83
Edge 917 1290 51
Edge 917 1585 61
Edge 917 1595 67
Edge 917 1628 53
Edge 917 1822 54
Edge 917 1999 53
Edge 917 2269 62
Edge 917 2815 65
Edge 917 2899 59
Edge 917 3198 54
Edge 917 3267 69
Edge 917 3492 85
Edge 918 968 89
Edge 918 1005 87
Edge 918 1181 99
Edge 918 1190 96
Edge 918 1225 95
Edge 918 1459 97
Edge 918 1624 86
Edge 918 1734 73
Edge 918 1826 63
Edge 918 1956 67
Edge 918 2280 58
Edge 918 2489 75
Edge 918 2636 55
Edge 918 2686 83
Edge 918 3000 67
Edge 918 3063 78
Edge 918 3277 99
Edge 919 934 53
Edge 919 1567 66
Edge 919 2116 99
Edge 919 2336 57
Edge 919 2464 81
Edge 919 2469 55
Edge 919 2565 88
Edge 919 2631 89
Edge 919 2756 65
Edge 919 3012 63
Edge 919 3048 91
Edge 919 3313 63
Edge 919 3317 63
Edge 920 1102 64
Edge 920 1281 99
Edge 920 1726 85
Edge 920 1751 81
Edge 920 1767 86
Edge 920 2202 73
Edge 920 2215 97
Edge 920 2229 63
Edge 920 2234 60
Edge 920 2379 66
Edge 920 2433 70
Edge 920 2449 53
Edge 920 2472 80
Edge 920 3076 82
Edge 920 3240 88
Edge 920 3245 70
Edge 920 3469 92
Edge 921 1119 73
Edge 921 1164 94
Edge 921 1245 82
Edge 921 1400 70
Edge 921 1425 94
Edge 921 1447 89
Edge 921 1593 92
Edge 921 1598 97
Edge 921 1599 74
Edge 921 1671 67
Edge 921 1966 76
Edge 921 2315 98
Edge 921 2326 63
Edge 921 2419 64
Edge 921 2431 76
Edge 921 2595 87
Edge 921 3210 56
Edge 921 3254 68
Edge 922 997 98
Edge 922 1071 98
Edge 922 1228 71
Edge 922 1233 75
Edge 922 1357 53
Edge 922 1431 61
Edge 922 1518 86
Edge 922 1669 62
Edge 922 2212 67
Edge 922 2451 93
Edge 922 2603 83
Edge 922 2967 68
Edge 922 3021 61
Edge 922 3114 72
Edge 923 1000 73
Edge 923 1092 58
Edge 923 1317 68
Edge 923 1354 62
Edge 923 1384 86
Edge 923 1449 97
Edge 923 2145 81
Edge 923 2341 72
Edge 923 2473 75
Edge 923 2530 65
Edge 923 2716 52
Edge 923 2812 55
Edge 923 3469 61
Edge 924 1088 100
Edge 924 1122 62
Edge 924 1137 81
Edge 924 1523 78
Edge 924 1573 63
Edge 924 1586 67
Edge 924 1741 69
Edge 924 1745 63
Edge 924 1764 51
Edge 924 2121 65
Edge 924 2451 74
Edge 924 2846 71
Edge 924 2928 78
Edge 924 3066 56
Edge 924 3200 54
Edge 924 3389 71
Edge 924 3428 70
Edge 925 1088 55
Edge 925 1112 60
Edge 925 1116 70
Edge 925 1375 80
Edge 925 1535 77
Edge 925 1622 51
Edge 925 1700 62
Edge 925 1816 70
Edge 925 1951 83
Edge 925 2047 80
Edge 925 2305 77
Edge 925 2356 61
Edge 925 2833 72
Edge 925 3048 91
Edge 925 3280 86
Edge 926 1197 60
Edge 926 1393 96
Edge 926 1576 67
Edge 926 1648 95
Edge 926 2020 99
Edge 926 2030 67
Edge 926 2080 71
Edge 926 2130 63
Edge 926 2174 53
Edge 926 2613 53
Edge 926 2663 67
Edge 926 3536 86
Edge 926 3586 82
Edge 927 939 59
Edge 927 1000 86
Edge 927 1011 62
Edge 927 1194 86
Edge 927 1388 74
Edge 927 1560 90
Edge 927 1735 71
Edge 927 1806 96
Edge 927 1945 66
Edge 927 1968 91
Edge 927 2118 64
Edge 927 2144 76
Edge 927 2449 100
Edge 927 2594 83
Edge 927 3069 59
Edge 927 3261 63
Edge 928 1305 69
Edge 928 1415 76
Edge 928 1421 80
Edge 928 1541 53
Edge 928 1637 92
Edge 928 1640 79
Edge 928 1856 83
Edge 928 1865 63
Edge 928 1925 55
Edge 928 1981 69
Edge 928 2527 64
Edge 928 2703 91
Edge 928 2849 57
Edge 928 2872 89
Edge 928 3077 76
Edge 928 3317 82
Edge 928 3395 81
Edge 928 3507 54
Edge 929 958 84
Edge 929 1043 63
Edge 929 1274 88
Edge 929 1592 67
Edge 929 1822 77
Edge 929 1839 76
Edge 929 1951 62
Edge 929 2170 60
Edge 929 2228 65
Edge 929 2395 98
Edge 929 2442 86
Edge 929 3137 51
Edge 929 3505 98
Edge 930 1104 78
Edge 930 1205 60
Edge 930 1223 71
Edge 930 1342 90
Edge 930 1514 73
Edge 930 1523 92
Edge 930 1834 89
Edge 930 2099 98
Edge 930 2549 76
Edge 930 2599 78
Edge 930 2755 76
Edge 930 2931 59
Edge 930 3089 78
Edge 930 3145 67
Edge 930 3235 67
Edge 931 932 99
Edge 931 1023 70
Edge 931 1155 76
Edge 931 1156 50
Edge 931 1254 60
Edge 931 1313 80
Edge 931 1537 86
Edge 931 1977 97
Edge 931 2187 77
Edge 931 2260 84
Edge 931 3019 54
Edge 931 3040 77
Edge 931 3070 55
Edge 931 3075 93
Edge 931 3374 70
Edge 931 3408 60
Edge 932 1187 99
Edge 932 1472 64
Edge 932 1536 81
Edge 932 1703 76
Edge 932 1705 97
Edge 932 1771 50
Edge 932 1920 98
Edge 932 1994 61
Edge 932 2003 56
Edge 932 2007 91
Edge 932 2133 97
Edge 932 2197 70
Edge 932 2232 93
Edge 932 2372 65
Edge 932 2444 75
Edge 932 2457 88
Edge 932 2946 85
Edge 932 3576 84
Edge 933 958 98
Edge 933 1401 87
Edge 933 1769 55
Edge 933 1854 71
Edge 933 1902 75
Edge 933 2432 53
Edge 933 2597 64
Edge 933 2634 99
Edge 933 2853 72
Edge 933 2991 66
Edge 933 3059 99
Edge 933 3492 97
Edge 933 3645 65
Edge 934 950 75
Edge 934 980 78
Edge 934 1139 60
Edge 934 1153 95
Edge 934 1249 60
Edge 934 1255 71
Edge 934 1472 73
Edge 934 1692 60
Edge 934 1766 56
Edge 934 1822 57
Edge 934 1902 97
Edge 934 1911 91
Edge 934 2012 62
Edge 934 2134 52
Edge 934 2465 53
Edge 935 1050 59
Edge 935 1231 70
Edge 935 1374 51
Edge 935 1433 91
Edge 935 2136 80
Edge 935 2164 64
Edge 935 2238 87
Edge 935 2395 57
Edge 935 2590 79
Edge 935 2695 68
Edge 935 2832 59
Edge 935 3011 61
Edge 935 3382 76
Edge 935 3592 87
Edge 936 972 69
Edge 936 1104 71
Edge 936 1301 59
Edge 936 1417 63
Edge 936 1421 67
Edge 936 1940 59
Edge 936 2121 51
Edge 936 2428 73
Edge 936 2498 85
Edge 936 2538 55
Edge 936 2624 63
Edge 936 3105 88
Edge 936 3474 68
Edge 937 1034 57
Edge 937 1193 58
Edge 937 1297 62
Edge 937 1341 79
Edge 937 1459 56
Edge 937 1614 95
Edge 937 1617 91
Edge 937 1768 94
Edge 937 2177 77
Edge 937 2357 78
Edge 937 2541 59
Edge 937 2568 63
Edge 937 2696 72
Edge 937 2845 87
Edge 937 2963 60
Edge 937 3544 71
Edge 938 1049 99
Edge 938 1094 99
Edge 938 1214 60
Edge 938 1248 81
Edge 938 1294 53
Edge 938 1330 81
Edge 938 1626 71
Edge 938 1698 64
Edge 938 1747 70
Edge 938 1850 62
Edge 938 1913 53
Edge 938 2014 88
Edge 938 2095 61
Edge 938 2628 73
Edge 938 2830 93
Edge 938 3466 85
Edge 939 1175 77
Edge 939 1189 84
Edge 939 1553 91
Edge 939 1558 92
Edge 939 1651 72
Edge 939 1967 64
Edge 939 2266 62
Edge 939 2688 60
Edge 939 2791 71
Edge 939 2903 80
Edge 939 2927 77
Edge 939 3061 65
Edge 939 3289 66
Edge 940 1039 76
Edge 940 1082 93
Edge 940 1164 86
Edge 940 1425 99
Edge 940 1457 77
Edge 940 1501 81
Edge 940 1789 57
Edge 940 1941 82
Edge 940 2194 82
Edge 940 2222 78
Edge 940 2228 63
Edge 940 2863 80
Edge 940 2925 59
Edge 940 2987 86
Edge 940 3297 50
Edge 941 1279 82
Edge 941 1622 57
Edge 941 1759 53
Edge 941 1844 77
Edge 941 1852 82
Edge 941 2126 65
Edge 941 2241 65
Edge 941 2359 74
Edge 941 2421 95
Edge 941 2476 56
Edge 941 2656 89
Edge 941 2858 80
Edge 941 3311 84
Edge 941 3362 65
Edge 941 3376 66
Edge 941 3602 73
Edge 942 1094 54
Edge 942 1263 60
Edge 942 1656 95
Edge 942 1698 95
Edge 942 1956 79
Edge 942 2284 91
Edge 942 2403 68
Edge 942 2878 97
Edge 942 2894 58
Edge 942 2916 84
Edge 942 2956 61
Edge 942 2991 57
Edge 942 3349 87
Edge 943 1474 89
Edge 943 1567 83
Edge 943 1678 77
Edge 943 1796 76
Edge 943 2127 66
Edge 943 2205 94
Edge 943 2255 92
Edge 943 2338 94
Edge 943 2524 50
Edge 943 2611 89
Edge 943 3008 50
Edge 943 3083 84
Edge 943 3296 98
Edge 943 3298 73
Edge 943 3624 54
Edge 944 1029 63
Edge 944 1164 58
Edge 944 1223 51
Edge 944 1310 94
Edge 944 1321 56
Edge 944 1429 91
Edge 944 1571 98
Edge 944 1606 81
Edge 944 1666 51
Edge 944 1839 66
Edge 944 1953 73
Edge 944 2040 58
Edge 944 2265 54
Edge 944 2337 95
Edge 944 2703 98
Edge 944 2812 73
Edge 944 2913 62
Edge 944 2958 90
Edge 944 2972 85
Edge 945 1164 62
Edge 945 1250 95
Edge 945 1259 83
Edge 945 1363 62
Edge 945 1609 56
Edge 945 1921 85
Edge 945 1990 79
Edge 945 2095 62
Edge 945 2149 97
Edge 945 2335 58
Edge 945 2412 90
Edge 945 2740 67
Edge 945 2928 57
Edge 945 3099 72
Edge 945 3198 90
Edge 945 3279 78
Edge 946 952 91
Edge 946 1147 79
Edge 946 1212 86
Edge 946 1342 80
Edge 946 1995 67
Edge 946 2342 86
Edge 946 2551 61
Edge 946 2589 60
Edge 946 3275 68
Edge 946 3388 86
Edge 946 3439 56
Edge 946 3575 65
Edge 946 3578 54
Edge 947 1316 70
Edge 947 1334 50
Edge 947 1378 89
Edge 947 1400 85
Edge 947 1455 65
Edge 947 1669 80
Edge 947 1753 59
Edge 947 1833 62
Edge 947 1843 51
Edge 947 1913 71
Edge 947 2221 90
Edge 947 2240 99
Edge 947 2247 51
Edge 947 2596 88
Edge 947 2694 63
Edge 947 2972 98
Edge 947 3008 68
Edge 947 3447 93
Edge 947 3505 61
Edge 948 1158 99
Edge 948 1451 81
Edge 948 1525 68
Edge 948 1631 59
Edge 948 1652 96
Edge 948 1653 52
Edge 948 2003 88
Edge 948 2201 69
Edge 948 2513 56
Edge 948 2692 96
Edge 948 2818 93
Edge 948 3360 62
Edge 948 3552 65
Edge 949 955 99
Edge 949 958 78
Edge 949 1460 72
Edge 949 1584 80
Edge 949 1625 65
Edge 949 1774 65
Edge 949 1807 55
Edge 949 1887 51
Edge 949 1988 60
Edge 949 2002 64
Edge 949 2164 97
Edge 949 2246 68
Edge 949 2353 65
Edge 949 2558 83
Edge 949 3016 92
Edge 949 3062 62
Edge 949 3288 79
Edge 950 1012 88
Edge 950 1071 79
Edge 950 1800 50
Edge 950 1842 95
Edge 950 1938 99
Edge 950 1969 84
Edge 950 2017 94
Edge 950 2441 70
Edge 950 2454 93
Edge 950 2456 94
Edge 950 2482 83
Edge 950 2674 91
Edge 950 2678 91
Edge 950 3356 60
Edge 951 954 68
Edge 951 976 83
Edge 951 1159 50
Edge 951 1247 81
Edge 951 2048 53
Edge 951 2078 65
Edge 951 2092 57
Edge 951 2140 89
Edge 951 2296 50
Edge 951 2300 91
Edge 951 2351 60
Edge 951 2559 90
Edge 951 2699 98
Edge 951 2924 94
Edge 951 3415 99
Edge 951 3572 83
Edge 952 1250 91
Edge 952 1277 86
Edge 952 1518 99
Edge 952 1705 86
Edge 952 1991 70
Edge 952 2086 91
Edge 952 2091 78
Edge 952 2193 72
Edge 952 2311 51
Edge 952 2332 54
Edge 952 2353 78
Edge 952 2421 85
Edge 952 2716 62
Edge 952 2731 94
Edge 952 2896 90
Edge 952 3054 98
Edge 952 3258 88
Edge 953 1427 83
Edge 953 1559 88
Edge 953 1591 75
Edge 953 1731 98
Edge 953 1747 76
Edge 953 1919 63
Edge 953 1945 84
Edge 953 1991 96
Edge 953 2260 95
Edge 953 2316 85
Edge 953 2329 95
Edge 953 2369 83
Edge 953 2799 70
Edge 953 2829 86
Edge 953 3523 76
Edge 954 1004 85
Edge 954 1068 77
Edge 954 1091 72
Edge 954 1242 60
Edge 954 1281 81
Edge 954 1401 91
Edge 954 1468 89
Edge 954 1509 71
Edge 954 1617 89
Edge 954 1758 91
Edge 954 2351 59
Edge 954 2891 74
Edge 954 3364 67
Edge 954 3417 69
Edge 955 1350 51
Edge 955 1746 52
Edge 955 2226 69
Edge 955 2275 92
Edge 955 2496 85
Edge 955 2503 84
Edge 955 2623 75
Edge 955 2644 72
Edge 955 2824 57
Edge 955 2972 76
Edge 955 3437 50
Edge 955 3496 53
Edge 956 1181 89
Edge 956 1309 53
Edge 956 1745 91
Edge 956 1751 80
Edge 956 1918 79
Edge 956 2005 99
Edge 956 2283 89
Edge 956 2549 72
Edge 956 2878 79
Edge 956 3257 90
Edge 956 3545 62
Edge 957 1011 50
Edge 957 1442 82
Edge 957 1594 74
Edge 957 1619 98
Edge 957 1711 89
Edge 957 1842 74
Edge 957 1862 67
Edge 957 1884 91
Edge 957 2107 83
Edge 957 2114 73
Edge 957 2271 90
Edge 957 2707 55
Edge 957 2760 99
Edge 957 3237 88
Edge 957 3377 91
Edge 958 1028 52
Edge 958 1058 96
Edge 958 1242 93
Edge 958 1312 60
Edge 958 1399 79
Edge 958 1618 85
Edge 958 1733 72
Edge 958 1771 90
Edge 958 1895 98
Edge 958 2034 60
Edge 958 2186 76
Edge 958 2434 74
Edge 958 3014 85
Edge 958 3168 54
Edge 959 1220 58
Edge 959 1803 82
Edge 959 2168 69
Edge 959 2498 83
Edge 959 2626 84
Edge 959 2758 85
Edge 959 2833 51
Edge 959 3082 99
Edge 959 3533 99
Edge 960 1025 89
Edge 960 1115 71
Edge 960 1150 72
Edge 960 1183 50
Edge 960 1297 85
Edge 960 1893 90
Edge 960 2479 94
Edge 960 2576 59
Edge 960 2679 62
Edge 960 2843 99
Edge 960 2858 53
Edge 960 3031 67
Edge 960 3048 76
Edge 960 3216 90
Edge 960 3369 63
Edge 960 3449 71
Edge 960 3625 82
Edge 961 1101 78
Edge 961 1113 93
Edge 961 1496 55
Edge 961 1603 90
Edge 961 1735 54
Edge 961 1819 86
Edge 961 1858 73
Edge 961 2111 98
Edge 961 2224 71
Edge 961 2624 84
Edge 961 2685 65
Edge 961 3066 61
Edge 961 3193 62
Edge 961 3217 93
Edge 961 3335 68
Edge 961 3387 67
Edge 962 971 78
Edge 962 1155 97
Edge 962 1173 55
Edge 962 1231 57
Edge 962 1324 56
Edge 962 1365 67
Edge 962 1639 53
Edge 962 1829 68
Edge 962 2041 89
Edge 962 2209 83
Edge 962 2260 84
Edge 962 2466 79
Edge 962 2519 64
Edge 962 2727 69
Edge 962 3033 92
Edge 962 3312 80
Edge 962 3375 69
Edge 962 3386 99
Edge 963 1172 70
Edge 963 1213 93
Edge 963 1281 85
Edge 963 1389 81
Edge 963 1555 82
Edge 963 1837 90
Edge 963 1979 63
Edge 963 2383 53
Edge 963 2461 81
Edge 963 2600 74
Edge 963 2768 65
Edge 963 3116 54
Edge 964 1057 77
Edge 964 1060 68
Edge 964 1153 65
Edge 964 1232 56
Edge 964 1467 83
Edge 964 1678 53
Edge 964 1726 95
Edge 964 1792 91
Edge 964 1893 65
Edge 964 2403 81
Edge 964 2615 98
Edge 964 2696 52
Edge 964 3575 66
Edge 965 1235 82
Edge 965 1273 63
Edge 965 1444 67
Edge 965 1727 94
Edge 965 1887 62
Edge 965 1892 83
Edge 965 1965 66
Edge 965 2260 55
Edge 965 2539 86
Edge 965 2753 60
Edge 965 2763 90
Edge 965 2905 61
Edge 965 3127 54
Edge 965 3280 76
Edge 966 992 60
Edge 966 1250 82
Edge 966 1753 58
Edge 966 2026 68
Edge 966 2070 74
Edge 966 2148 50
Edge 966 2575 97
Edge 966 2638 86
Edge 966 2695 59
Edge 966 2724 85
Edge 966 2790 68
Edge 966 2805 61
Edge 966 2838 51
Edge 966 2936 59
Edge 967 984 58
Edge 967 1080 88
Edge 967 1460 71
Edge 967 1719 82
Edge 967 1773 51
Edge 967 1897 91
Edge 967 2301 79
Edge 967 2332 96
Edge 967 3084 97
Edge 967 3138 72
Edge 967 3175 53
Edge 967 3188 61
Edge 967 3255 67
Edge 967 3435 93
Edge 968 1013 89
Edge 968 1127 94
Edge 968 1346 99
Edge 968 1517 77
Edge 968 1614 74
Edge 968 1634 51
Edge 968 1884 64
Edge 968 1926 54
Edge 968 1987 92
Edge 968 2153 57
Edge 968 2302 64
Edge 968 2520 94
Edge 968 2550 76
Edge 968 2739 54
Edge 968 2995 64
Edge 968 3360 70
Edge 968 3390 59
Edge 968 3556 62
Edge 969 1397 80
Edge 969 1428 91
Edge 969 1434 85
Edge 969 1767 92
Edge 969 1854 51
Edge 969 1989 69
Edge 969 2380 83
Edge 969 2521 88
Edge 969 2891 85
Edge 969 3331 81
Edge 969 3421 98
Edge 969 3488 61
Edge 970 1026 69
Edge 970 1053 90
Edge 970 1072 90
Edge 970 1410 84
Edge 970 1745 83
Edge 970 1880 73
Edge 970 1890 74
Edge 970 2074 92
Edge 970 2535 75
Edge 970 2622 63
Edge 970 2835 59
Edge 970 3065 88
Edge 970 3322 84
Edge 970 3533 89
Edge 971 1170 85
Edge 971 1326 97
Edge 971 1330 76
Edge 971 1423 66
Edge 971 1629 53
Edge 971 1988 72
Edge 971 2072 73
Edge 971 2152 64
Edge 971 2642 86
Edge 971 2721 75
Edge 971 3088 96
Edge 971 3132 76
Edge 971 3226 88
Edge 971 3414 81
Edge 971 3493 75
Edge 972 1128 90
Edge 972 1462 93
Edge 972 1488 51
Edge 972 1707 79
Edge 972 1747 76
Edge 972 1833 96
Edge 972 1857 56
Edge 972 2356 62
Edge 972 2651 81
Edge 972 2687 84
Edge 972 3009 84
Edge 972 3071 71
Edge 972 3445 96
Edge 973 1031 54
Edge 973 1245 65
Edge 973 1291 65
Edge 973 1696 69
Edge 973 1823 93
Edge 973 2034 51
Edge 973 2047 97
Edge 973 2268 96
Edge 973 2398 52
Edge 973 2587 96
Edge 973 3035 94
Edge 973 3120 90
Edge 974 1237 76
Edge 974 1368 54
Edge 974 1587 57
Edge 974 1838 59
Edge 974 1858 64
Edge 974 1877 89
Edge 974 1966 90
Edge 974 2562 51
Edge 974 2701 53
Edge 974 2725 94
Edge 974 2933 80
Edge 974 3217 97
Edge 974 3241 56
Edge 975 1025 51
Edge 975 1133 81
Edge 975 1299 68
Edge 975 1419 89
Edge 975 1467 51
Edge 975 1734 69
Edge 975 1806 81
Edge 975 1825 65
Edge 975 1858 75
Edge 975 2173 81
Edge 975 2537 97
Edge 975 2579 64
Edge 975 2638 83
Edge 975 2874 86
Edge 975 2976 83
Edge 975 3163 63
Edge 975 3276 69
Edge 976 1085 67
Edge 976 1301 57
Edge 976 1428 67
Edge 976 1519 98
Edge 976 1652 89
Edge 976 1685 67
Edge 976 1717 80
Edge 976 1766 62
Edge 976 1892 84
Edge 976 2469 77
Edge 976 2746 83
Edge 976 2796 90
Edge 976 2968 79
Edge 976 3126 98
Edge 976 3405 78
Edge 976 3413 80
Edge 977 1108 80
Edge 977 1136 79
Edge 977 1154 51
Edge 977 1219 96
Edge 977 1385 86
Edge 977 1484 89
Edge 977 1619 80
Edge 977 1642 50
Edge 977 1702 87
Edge 977 1851 97
Edge 977 1970 98
Edge 977 1978 50
Edge 977 2195 68
Edge 977 2669 59
Edge 977 2737 86
Edge 977 3263 67
Edge 977 3501 86
Edge 977 3572 55
Edge 977 3607 72
Edge 978 1086 62
Edge 978 1175 87
Edge 978 1214 58
Edge 978 1300 66
Edge 978 1366 88
Edge 978 1525 99
Edge 978 2042 83
Edge 978 2085 76
Edge 978 2176 68
Edge 978 2294 90
Edge 978 2505 91
Edge 978 2604 66
Edge 978 3046 92
Edge 978 3396 52
Edge 978 3589 99
Edge 979 1153 78
Edge 979 1221 98
Edge 979 1516 92
Edge 979 1815 76
Edge 979 2132 84
Edge 979 2208 91
Edge 979 2275 57
Edge 979 2436 81
Edge 979 2538 92
Edge 979 2561 77
Edge 979 2747 58
Edge 979 2774 74
Edge 979 3089 61
Edge 979 3216 67
Edge 979 3408 54
Edge 980 1040 55
Edge 980 1076 54
Edge 980 1462 98
Edge 980 1525 54
Edge 980 1568 51
Edge 980 1602 94
Edge 980 1911 76
Edge 980 2295 79
Edge 980 2319 77
Edge 980 2427 78
Edge 980 2564 82
Edge 980 2566 94
Edge 980 3158 80
Edge 980 3191 90
Edge 980 3331 99
Edge 981 1025 82
Edge 981 1189 58
Edge 981 1349 81
Edge 981 1466 85
Edge 981 1631 54
Edge 981 2047 68
Edge 981 2150 89
Edge 981 2223 80
Edge 981 2402 60
Edge 981 2471 78
Edge 981 2674 74
Edge 981 2715 72
Edge 981 2996 83
Edge 981 3059 98
Edge 981 3095 99
Edge 982 1085 86
Edge 982 1218 64
Edge 982 1358 62
Edge 982 1682 76
Edge 982 1746 98
Edge 982 1769 90
Edge 982 1951 87
Edge 982 1982 94
Edge 982 2643 50
Edge 982 2713 64
Edge 982 2796 57
Edge 982 3088 98
Edge 982 3130 85
Edge 982 3161 97
Edge 982 3289 91
Edge 982 3606 62
Edge 983 1034 56
Edge 983 1140 87
Edge 983 1179 54
Edge 983 1295 77
Edge 983 1553 68
Edge 983 1653 72
Edge 983 1798 98
Edge 983 1875 51
Edge 983 1902 50
Edge 983 1964 91
Edge 983 2119 59
Edge 983 2345 79
Edge 983 2460 70
Edge 983 2798 59
Edge 983 3330 63
Edge 983 3368 56
Edge 983 3382 54
Edge 983 3423 71
Edge 984 1067 85
Edge 984 1111 54
Edge 984 1219 71
Edge 984 1221 70
Edge 984 1664 75
Edge 984 1672 88
Edge 984 1805 59
Edge 984 1816 85
Edge 984 1860 94
Edge 984 2027 99
Edge 984 2303 63
Edge 984 2830 61
Edge 984 2895 50
Edge 985 1210 96
Edge 985 1233 53
Edge 985 1643 87
Edge 985 1698 88
Edge 985 2345 54
Edge 985 2694 61
Edge 985 2710 98
Edge 985 2770 69
Edge 985 2781 77
Edge 985 2835 76
Edge 985 2886 70
Edge 985 2995 71
Edge 985 3350 62
Edge 985 3544 92
Edge 986 1151 58
Edge 986 1453 94
Edge 986 1580 94
Edge 986 1685 90
Edge 986 1728 88
Edge 986 1923 94
Edge 986 2065 99
Edge 986 2207 60
Edge 986 2351 85
Edge 986 2501 79
Edge 986 2555 84
Edge 986 2641 65
Edge 986 2741 56
Edge 986 2851 63
Edge 986 3148 60
Edge 987 1093 55
Edge 987 1198 65
Edge 987 1239 54
Edge 987 1704 81
Edge 987 1748 99
Edge 987 1804 86
Edge 987 2007 92
Edge 987 2088 59
Edge 987 2274 74
Edge 987 2441 50
Edge 987 2549 59
Edge 987 2633 81
Edge 987 2757 64
Edge 987 3148 55
Edge 987 3497 59
Edge 987 3501 97
Edge 988 1146 76
Edge 988 1184 80
Edge 988 1239 73
Edge 988 1259 54
Edge 988 1323 86
Edge 988 1464 51
Edge 988 1509 67
Edge 988 1779 59
Edge 988 1835 62
Edge 988 2068 52
Edge 988 2081 52
Edge 988 2197 67
Edge 988 2213 67
Edge 988 2920 54
Edge 988 3036 68
Edge 988 3222 67
Edge 989 1128 88
Edge 989 1306 99
Edge 989 1311 51
Edge 989 1398 67
Edge 989 1650 72
Edge 989 1703 56
Edge 989 1717 91
Edge 989 2434 85
Edge 989 2531 58
Edge 989 2865 78
Edge 989 2982 98
Edge 989 3156 72
Edge 989 3263 67
Edge 989 3291 99
Edge 989 3526 92
Edge 989 3567 55
Edge 990 1055 57
Edge 990 1077 92
Edge 990 1265 91
Edge 990 1422 84
Edge 990 1441 50
Edge 990 1535 81
Edge 990 1592 93
Edge 990 1625 69
Edge 990 1637 78
Edge 990 1824 87
Edge 990 1961 93
Edge 990 1970 93
Edge 990 2083 73
Edge 990 2291 74
Edge 990 2293 56
Edge 990 2599 92
Edge 990 2610 51
Edge 990 3395 56
Edge 991 1097 77
Edge 991 1134 82
Edge 991 1185 80
Edge 991 1198 76
Edge 991 1224 54
Edge 991 1277 86
Edge 991 1303 55
Edge 991 1332 55
Edge 991 1533 55
Edge 991 1679 97
Edge 991 1708 68
Edge 991 1728 74
Edge 991 1849 96
Edge 991 1952 51
Edge 991 2016 95
Edge 991 2020 54
Edge 991 2099 86
Edge 991 2289 76
Edge 991 2664 75
Edge 991 3179 75
Edge 992 1040 90
Edge 992 1118 77
Edge 992 1219 66
Edge 992 1274 93
Edge 992 1482 81
Edge 992 2225 68
Edge 992 2340 78
Edge 992 2623 79
Edge 992 2673 63
Edge 992 2713 93
Edge 992 2809 62
Edge 992 2844 100
Edge 992 3037 95
Edge 992 3154 54
Edge 992 3429 70
Edge 992 3572 85
Edge 992 3609 59
Edge 993 1078 76
Edge 993 1372 88
Edge 993 1445 84
Edge 993 1618 54
Edge 993 1661 95
Edge 993 1902 55
Edge 993 2127 72
Edge 993 2167 80
Edge 993 2238 66
Edge 993 2598 81
Edge 993 3064 92
Edge 993 3113 69
Edge 993 3177 73
Edge 993 3241 58
Edge 993 3308 70
Edge 993 3351 69
Edge 993 3455 88
Edge 994 1004 96
Edge 994 1138 64
Edge 994 1141 90
Edge 994 1163 52
Edge 994 1455 87
Edge 994 1691 95
Edge 994 1753 67
Edge 994 1854 80
Edge 994 1886 69
Edge 994 2028 63
Edge 994 2287 68
Edge 994 2325 66
Edge 994 2496 69
Edge 994 2556 88
Edge 994 2674 76
Edge 994 2777 69
Edge 994 2778 97
Edge 994 2856 68
Edge 994 3206 88
Edge 994 3609 67
Edge 995 1600 99
Edge 995 1634 87
Edge 995 1701 64
Edge 995 1875 75
Edge 995 1912 61
Edge 995 1956 50
Edge 995 2028 62
Edge 995 2081 76
Edge 995 2263 93
Edge 995 2502 67
Edge 995 2624 84
Edge 995 2947 60
Edge 995 3057 77
Edge 995 3112 75
Edge 995 3445 89
Edge 995 3565 71
Edge 996 1165 82
Edge 996 1219 71
Edge 996 1629 70
Edge 996 1674 93
Edge 996 1807 65
Edge 996 2444 63
Edge 996 2453 77
Edge 996 2693 84
Edge 996 2764 81
Edge 996 2893 75
Edge 996 3068 91
Edge 996 3154 88
Edge 996 3410 98
Edge 997 1120 83
Edge 997 1518 77
Edge 997 2178 66
Edge 997 2254 75
Edge 997 2623 58
Edge 997 2646 84
Edge 997 2647 51
Edge 997 3137 93
Edge 997 3234 52
Edge 997 3287 97
Edge 997 3463 63
Edge 998 1401 70
Edge 998 1470 79
Edge 998 1523 81
Edge 998 1558 53
Edge 998 1935 53
Edge 998 1939 52
Edge 998 2071 98
Edge 998 2116 95
Edge 998 2320 78
Edge 998 2755 65
Edge 998 3018 61
Edge 998 3069 94
Edge 998 3092 96
Edge 998 3095 99
Edge 998 3288 67
Edge 998 3422 84
Edge 999 1195 53
Edge 999 1780 77
Edge 999 2032 94
Edge 999 2055 95
Edge 999 2175 55
Edge 999 2301 52
Edge 999 2436 59
Edge 999 2678 89
Edge 999 2774 77
Edge 999 2864 95
Edge 999 2968 79
Edge 999 3091 54
Edge 999 3243 95
Edge 999 3283 88
Edge 999 3530 59
Edge 999 3609 53
Edge 1000 1125 88
Edge 1000 1245 65
Edge 1000 1478 99
Edge 1000 1814 86
Edge 1000 2105 64
Edge 1000 2446 83
Edge 1000 2555 55
Edge 1000 2641 57
Edge 1000 2824 78
Edge 1000 2982 66
Edge 1000 3230 78
Edge 1000 3577 86
Edge 1001 1059 75
Edge 1001 1127 64
Edge 1001 1185 68
Edge 1001 1269 55
Edge 1001 1361 98
Edge 1001 1473 60
Edge 1001 1802 87
Edge 1001 1949 54
Edge 1001 1988 65
Edge 1001 2000 92
Edge 1001 2198 68
Edge 1001 2305 89
Edge 1001 2364 89
Edge 1001 2750 60
Edge 1001 3375 61
Edge 1001 3667 65
Edge 1002 1044 98
Edge 1002 1393 53
Edge 1002 1616 55
Edge 1002 1774 83
Edge 1002 1811 82
Edge 1002 2136 88
Edge 1002 2154 63
Edge 1002 2165 61
Edge 1002 2622 87
Edge 1002 2725 57
Edge 1002 2767 87
Edge 1002 2971 66
Edge 1002 3014 87
Edge 1002 3085 64
Edge 1003 1021 75
Edge 1003 1131 59
Edge 1003 1788 74
Edge 1003 1827 58
Edge 1003 1857 57
Edge 1003 2118 62
Edge 1003 2178 91
Edge 1003 2692 54
Edge 1003 2871 59
Edge 1003 2919 56
Edge 1003 3232 74
Edge 1003 3240 56
Edge 1003 3605 66
Edge 1003 3645 66
Edge 1004 1129 77
Edge 1004 1262 85
Edge 1004 1435 67
Edge 1004 1498 77
Edge 1004 1696 84
Edge 1004 1780 62
Edge 1004 1800 77
Edge 1004 2322 94
Edge 1004 2354 79
Edge 1004 2877 81
Edge 1004 3109 65
Edge 1004 3132 71
Edge 1004 3153 83
Edge 1004 3570 64
Edge 1005 1453 64
Edge 1005 1584 90
Edge 1005 1853 87
Edge 1005 1871 99
Edge 1005 1924 56
Edge 1005 2059 58
Edge 1005 2215 87
Edge 1005 2514 78
Edge 1005 2861 89
Edge 1005 2870 63
Edge 1005 3170 78
Edge 1005 3444 72
Edge 1005 3491 57
Edge 1006 1111 71
Edge 1006 1268 51
Edge 1006 1301 60
Edge 1006 1357 51
Edge 1006 1637 90
Edge 1006 1717 88
Edge 1006 1749 60
Edge 1006 2234 98
Edge 1006 2372 73
Edge 1006 2382 69
Edge 1006 2655 95
Edge 1006 2738 56
Edge 1006 2839 58
Edge 1006 2960 69
Edge 1006 3193 58
Edge 1006 3277 61
Edge 1007 1142 94
Edge 1007 1245 99
Edge 1007 1426 89
Edge 1007 1471 57
Edge 1007 1490 50
Edge 1007 1530 77
Edge 1007 1652 65
Edge 1007 1850 52
Edge 1007 1887 53
Edge 1007 1950 68
Edge 1007 1969 62
Edge 1007 2099 91
Edge 1007 2339 72
Edge 1007 2349 81
Edge 1007 2523 72
Edge 1007 2948 98
Edge 1007 3445 58
Edge 1008 1274 97
Edge 1008 1424 84
Edge 1008 1498 51
Edge 1008 1580 56
Edge 1008 1581 59
Edge 1008 1585 53
Edge 1008 1873 78
Edge 1008 2029 66
Edge 1008 2064 54
Edge 1008 2276 94
Edge 1008 2340 90
Edge 1008 2410 71
Edge 1008 2520 52
Edge 1008 3022 90
Edge 1008 3075 53
Edge 1008 3279 75
Edge 1008 3322 82
Edge 1009 1167 99
Edge 1009 1447 51
Edge 1009 1556 52
Edge 1009 1763 64
Edge 1009 1926 95
Edge 1009 1962 79
Edge 1009 1978 79
Edge 1009 2036 55
Edge 1009 2226 74
Edge 1009 2399 68
Edge 1009 2783 57
Edge 1009 3013 100
Edge 1009 3038 65
Edge 1009 3040 95
Edge 1009 3041 98
Edge 1009 3117 78
Edge 1009 3327 56
Edge 1009 3417 85
Edge 1009 3446 76
Edge 1010 1037 61
Edge 1010 1066 86
Edge 1010 1138 98
Edge 1010 1174 89
Edge 1010 1248 87
Edge 1010 1405 96
Edge 1010 1710 89
Edge 1010 1781 60
Edge 1010 1985 74
Edge 1010 2292 93
Edge 1010 2296 59
Edge 1010 2299 74
Edge 1010 2362 71
Edge 1010 2376 97
Edge 1010 2561 82
Edge 1010 2744 82
Edge 1010 3122 60
Edge 1010 3246 83
Edge 1010 3329 52
Edge 1010 3597 57
Edge 1011 1099 71
Edge 1011 1574 92
Edge 1011 1638 56
Edge 1011 1679 73
Edge 1011 1783 61
Edge 1011 2428 74
Edge 1011 2515 87
Edge 1011 2661 76
Edge 1011 2768 83
Edge 1011 3227 63
Edge 1011 3272 56
Edge 1011 3470 96
Edge 1011 3649 94
Edge 1012 1325 54
Edge 1012 1356 99
Edge 1012 1545 65
Edge 1012 1578 74
Edge 1012 1862 85
Edge 1012 2378 82
Edge 1012 2756 86
Edge 1012 2948 60
Edge 1012 3081 50
Edge 1012 3292 72
Edge 1012 3340 58
Edge 1013 1015 65
Edge 1013 1031 85
Edge 1013 1330 98
Edge 1013 1544 57
Edge 1013 1751 68
Edge 1013 1948 95
Edge 1013 2047 83
Edge 1013 2200 60
Edge 1013 2220 69
Edge 1013 2318 58
Edge 1013 2741 52
Edge 1013 2759 89
Edge 1013 2794 77
Edge 1013 3315 64
Edge 1013 3430 69
Edge 1013 3532 54
Edge 1014 1033 87
Edge 1014 1403 62
Edge 1014 1410 56
Edge 1014 1527 99
Edge 1014 1532 57
Edge 1014 1654 77
Edge 1014 1676 73
Edge 1014 1810 52
Edge 1014 2125 98
Edge 1014 2285 75
Edge 1014 2786 65
Edge 1014 2813 56
Edge 1014 2821 99
Edge 1014 2942 71
Edge 1014 3005 69
Edge 1014 3338 78
Edge 1014 3473 70
Edge 1015 1095 99
Edge 1015 1319 55
Edge 1015 1357 85
Edge 1015 1424 90
Edge 1015 1431 83
Edge 1015 1440 66
Edge 1015 1517 60
Edge 1015 1666 85
Edge 1015 2016 55
Edge 1015 2076 81
Edge 1015 2143 92
Edge 1015 2611 84
Edge 1015 2698 56
Edge 1015 2857 57
Edge 1015 2893 76
Edge 1015 3045 67
Edge 1016 1364 88
Edge 1016 1375 62
Edge 1016 1411 74
Edge 1016 2049 71
Edge 1016 2077 90
Edge 1016 2495 64
Edge 1016 2523 63
Edge 1016 2659 85
Edge 1016 3085 82
Edge 1016 3091 67
Edge 1016 3162 58
Edge 1016 3417 55
Edge 1016 3616 77
Edge 1017 1703 60
Edge 1017 1922 56
Edge 1017 1990 76
Edge 1017 2150 71
Edge 1017 2205 54
Edge 1017 2250 65
Edge 1017 2303 51
Edge 1017 2443 89
Edge 1017 2549 79
Edge 1017 2931 90
Edge 1017 2956 60
Edge 1017 3150 88
Edge 1018 1276 95
Edge 1018 1405 73
Edge 1018 1454 77
Edge 1018 1585 79
Edge 1018 1593 52
Edge 1018 2079 88
Edge 1018 2307 54
Edge 1018 2347 57
Edge 1018 2401 80
Edge 1018 2915 63
Edge 1018 3127 89
Edge 1018 3166 51
Edge 1018 3222 55
Edge 1018 3247 98
Edge 1018 3343 67
Edge 1018 3461 70
Edge 1018 3641 70
Edge 1019 1062 54
Edge 1019 1152 85
Edge 1019 1652 60
Edge 1019 1881 94
Edge 1019 1944 71
Edge 1019 2209 51
Edge 1019 2238 58
Edge 1019 2533 66
Edge 1019 2579 65
Edge 1019 2814 55
Edge 1019 3349 54
Edge 1019 3654 55
Edge 1020 1022 69
Edge 1020 1180 89
Edge 1020 1490 66
Edge 1020 1658 65
Edge 1020 1777 73
Edge 1020 1916 89
Edge 1020 2030 75
Edge 1020 2065 72
Edge 1020 2387 62
Edge 1020 2593 67
Edge 1020 2789 60
Edge 1020 3137 59
Edge 1020 3241 60
Edge 1020 3354 50
Edge 1020 3399 64
Edge 1021 1173 55
Edge 1021 1200 96
Edge 1021 1296 78
Edge 1021 1398 91
Edge 1021 1689 97
Edge 1021 2124 51
Edge 1021 2316 83
Edge 1021 2404 99
Edge 1021 2540 82
Edge 1021 2588 67
Edge 1021 2593 57
Edge 1021 2609 70
Edge 1021 2755 66
Edge 1021 3032 99
Edge 1021 3069 87
Edge 1022 1191 81
Edge 1022 1368 58
Edge 1022 1402 98
Edge 1022 1654 72
Edge 1022 1744 60
Edge 1022 1921 55
Edge 1022 2163 68
Edge 1022 2556 96
Edge 1022 2592 60
Edge 1022 2840 71
Edge 1022 2890 54
Edge 1022 3029 78
Edge 1022 3657 63
Edge 1023 1419 55
Edge 1023 1539 75
Edge 1023 1556 97
Edge 1023 2222 58
Edge 1023 2565 71
Edge 1023 2645 98
Edge 1023 2815 55
Edge 1023 2886 80
Edge 1023 2917 80
Edge 1023 2943 50
Edge 1023 3204 68
Edge 1023 3212 71
Edge 1023 3328 65
Edge 1023 3542 53
Edge 1024 1211 90
Edge 1024 1395 61
Edge 1024 1683 71
Edge 1024 1742 70
Edge 1024 1763 58
Edge 1024 1874 62
Edge 1024 2060 95
Edge 1024 2122 96
Edge 1024 2129 92
Edge 1024 2667 77
Edge 1024 2767 92
Edge 1024 2891 61
Edge 1024 2923 89
Edge 1024 3503 77
Edge 1024 3639 52
Edge 1025 1313 72
Edge 1025 1673 65
Edge 1025 2080 58
Edge 1025 2264 65
Edge 1025 2482 68
Edge 1025 2493 89
Edge 1025 2540 94
Edge 1025 2579 72
Edge 1025 2588 71
Edge 1025 2640 56
Edge 1025 2903 80
Edge 1025 2923 54
Edge 1025 2986 53
Edge 1025 3348 63
Edge 1025 3567 97
Edge 1026 1104 74
Edge 1026 1488 64
Edge 1026 1630 88
Edge 1026 1651 63
Edge 1026 1668 59
Edge 1026 1699 83
Edge 1026 1931 99
Edge 1026 2531 56
Edge 1026 2857 85
Edge 1026 3436 84
Edge 1026 3448 62
Edge 1027 1255 56
Edge 1027 1272 97
Edge 1027 1333 75
Edge 1027 1814 96
Edge 1027 2054 93
Edge 1027 2134 57
Edge 1027 2182 60
Edge 1027 2278 59
Edge 1027 2566 83
Edge 1027 2628 93
Edge 1027 2684 82
Edge 1027 2688 75
Edge 1027 2976 68
Edge 1027 3065 51
Edge 1027 3491 92
Edge 1028 1132 63
Edge 1028 1409 95
Edge 1028 1416 64
Edge 1028 1699 82
Edge 1028 1810 71
Edge 1028 2030 75
Edge 1028 2114 97
Edge 1028 2276 59
Edge 1028 2367 75
Edge 1028 2533 75
Edge 1028 2637 54
Edge 1028 2774 90
Edge 1028 3011 85
Edge 1028 3063 98
Edge 1028 3196 71
Edge 1029 1108 50
Edge 1029 1465 93
Edge 1029 1502 91
Edge 1029 1622 61
Edge 1029 1711 98
Edge 1029 2035 86
Edge 1029 2121 81
Edge 1029 2343 70
Edge 1029 2431 55
Edge 1029 2514 98
Edge 1029 2515 67
Edge 1029 2545 98
Edge 1029 2599 59
Edge 1029 3084 54
Edge 1029 3283 58
Edge 1030 1101 72
Edge 1030 1109 64
Edge 1030 1236 65
Edge 1030 1340 93
Edge 1030 1369 98
Edge 1030 1399 54
Edge 1030 1958 84
Edge 1030 1993 86
Edge 1030 2032 96
Edge 1030 2120 97
Edge 1030 2295 66
Edge 1030 2391 79
Edge 1030 2433 68
Edge 1030 2703 97
Edge 1030 3089 97
Edge 1030 3409 54
Edge 1030 3642 56
Edge 1031 1154 74
Edge 1031 1187 53
Edge 1031 1190 98
Edge 1031 1258 60
Edge 1031 1581 68
Edge 1031 1611 96
Edge 1031 1825 73
Edge 1031 1864 73
Edge 1031 1871 76
Edge 1031 2147 63
Edge 1031 2745 62
Edge 1031 2834 81
Edge 1031 3052 85
Edge 1031 3255 83
Edge 1031 3295 68
Edge 1031 3516 91
Edge 1032 1034 59
Edge 1032 1590 67
Edge 1032 1855 87
Edge 1032 2042 80
Edge 1032 2086 63
Edge 1032 2100 67
Edge 1032 2269 60
Edge 1032 2394 81
Edge 1032 2552 90
Edge 1032 2850 58
Edge 1032 2873 74
Edge 1032 3234 95
Edge 1032 3422 66
Edge 1032 3547 82
Edge 1032 3606 82
Edge 1033 1126 78
Edge 1033 1129 73
Edge 1033 1495 63
Edge 1033 1537 79
Edge 1033 1644 64
Edge 1033 1687 55
Edge 1033 1804 92
Edge 1033 1885 82
Edge 1033 1970 99
Edge 1033 2057 99
Edge 1033 2113 50
Edge 1033 2140 76
Edge 1033 2317 63
Edge 1033 2528 80
Edge 1033 2808 61
Edge 1033 2936 67
Edge 1034 1036 98
Edge 1034 1346 65
Edge 1034 1395 90
Edge 1034 1647 59
Edge 1034 1668 51
Edge 1034 1817 94
Edge 1034 1933 85
Edge 1034 2479 65
Edge 1034 2726 96
Edge 1034 3353 92
Edge 1034 3406 98
Edge 1035 1130 100
Edge 1035 1280 89
Edge 1035 1686 78
Edge 1035 1815 81
Edge 1035 1858 60
Edge 1035 1903 87
Edge 1035 2023 72
Edge 1035 2054 79
Edge 1035 2096 86
Edge 1035 2183 96
Edge 1035 2243 67
Edge 1035 2253 52
Edge 1035 2343 86
Edge 1035 2547 75
Edge 1035 2927 94
Edge 1035 3258 73
Edge 1035 3273 75
Edge 1036 1217 80
Edge 1036 1343 69
Edge 1036 1518 90
Edge 1036 1590 76
Edge 1036 1818 65
Edge 1036 1896 89
Edge 1036 2035 84
Edge 1036 2062 95
Edge 1036 2180 84
Edge 1036 2293 88
Edge 1036 2719 65
Edge 1036 2885 55
Edge 1037 1079 72
Edge 1037 1146 60
Edge 1037 1195 92
Edge 1037 1270 59
Edge 1037 1407 58
Edge 1037 1486 88
Edge 1037 1775 77
Edge 1037 1821 74
Edge 1037 1840 58
Edge 1037 1984 60
Edge 1037 2105 86
Edge 1037 2308 95
Edge 1037 2433 63
Edge 1037 2543 77
Edge 1037 3565 51
Edge 1038 1100 92
Edge 1038 1220 65
Edge 1038 1270 87
Edge 1038 1397 90
Edge 1038 1591 58
Edge 1038 1670 56
Edge 1038 1763 93
Edge 1038 1780 86
Edge 1038 2089 70
Edge 1038 2116 59
Edge 1038 2166 72
Edge 1038 2276 85
Edge 1038 2466 67
Edge 1038 2675 90
Edge 1038 3129 56
Edge 1038 3340 87
Edge 1039 1077 61
Edge 1039 1081 67
Edge 1039 1150 55
Edge 1039 1226 57
Edge 1039 1570 56
Edge 1039 1707 91
Edge 1039 1735 95
Edge 1039 1958 92
Edge 1039 2076 59
Edge 1039 2238 50
Edge 1039 2265 75
Edge 1039 2312 71
Edge 1039 2325 97
Edge 1039 2598 89
Edge 1039 2808 56
Edge 1039 3001 98
Edge 1039 3013 81
Edge 1039 3625 79
Edge 1040 1279 60
Edge 1040 1352 85
Edge 1040 1415 67
Edge 1040 1539 62
Edge 1040 1866 86
Edge 1040 1939 51
Edge 1040 2036 70
Edge 1040 2065 52
Edge 1040 2125 61
Edge 1040 2420 79
Edge 1040 2496 74
Edge 1040 2648 61
Edge 1040 3362 94
Edge 1040 3514 84
Edge 1041 1045 71
Edge 1041 1164 91
Edge 1041 1257 77
Edge 1041 1660 76
Edge 1041 1763 60
Edge 1041 2160 88
Edge 1041 2178 92
Edge 1041 2710 55
Edge 1041 2965 54
Edge 1041 3008 51
Edge 1041 3024 85
Edge 1041 3462 82
Edge 1041 3559 79
Edge 1042 1137 94
Edge 1042 1264 88
Edge 1042 1284 56
Edge 1042 1353 92
Edge 1042 1591 59
Edge 1042 1738 77
Edge 1042 1860 90
Edge 1042 2005 80
Edge 1042 2111 92
Edge 1042 2169 56
Edge 1042 2204 54
Edge 1042 2236 52
Edge 1042 2252 67
Edge 1042 2445 98
Edge 1042 2856 79
Edge 1042 2863 71
Edge 1042 3138 76
Edge 1043 1360 76
Edge 1043 1437 73
Edge 1043 1466 59
Edge 1043 1569 96
Edge 1043 1948 98
Edge 1043 2452 94
Edge 1043 2460 66
Edge 1043 2905 68
Edge 1043 2989 58
Edge 1043 2992 79
Edge 1043 3022 62
Edge 1043 3180 88
Edge 1043 3271 95
Edge 1043 3643 61
Edge 1044 1062 50
Edge 1044 1302 65
Edge 1044 1383 99
Edge 1044 1424 79
Edge 1044 1428 57
Edge 1044 1521 51
Edge 1044 1601 51
Edge 1044 1678 96
Edge 1044 1892 73
Edge 1044 2066 69
Edge 1044 2088 74
Edge 1044 2202 86
Edge 1044 3492 86
Edge 1045 1226 98
Edge 1045 1379 74
Edge 1045 1430 80
Edge 1045 1565 78
Edge 1045 1679 91
Edge 1045 1730 94
Edge 1045 1856 57
Edge 1045 2372 56
Edge 1045 2504 81
Edge 1045 2575 59
Edge 1045 2663 87
Edge 1045 2720 73
Edge 1045 2746 69
Edge 1045 2978 81
Edge 1045 3159 51
Edge 1045 3319 97
Edge 1045 3383 59
Edge 1045 3396 53
Edge 1046 1175 64
Edge 1046 1235 88
Edge 1046 1645 60
Edge 1046 1839 92
Edge 1046 1900 55
Edge 1046 2016 96
Edge 1046 2247 80
Edge 1046 2392 52
Edge 1046 2401 63
Edge 1046 2584 81
Edge 1046 2627 65
Edge 1046 2917 59
Edge 1046 2996 78
Edge 1046 3027 81
Edge 1046 3047 86
Edge 1046 3057 79
Edge 1046 3089 73
Edge 1046 3099 85
Edge 1046 3186 58
Edge 1046 3472 68
Edge 1046 3635 97
Edge 1047 1321 60
Edge 1047 1365 74
Edge 1047 1559 69
Edge 1047 1631 69
Edge 1047 1773 68
Edge 1047 1856 54
Edge 1047 1903 55
Edge 1047 1985 69
Edge 1047 2163 59
Edge 1047 2368 71
Edge 1047 2493 94
Edge 1047 2764 78
Edge 1047 2883 86
Edge 1047 3016 59
Edge 1047 3175 61
Edge 1047 3463 72
Edge 1047 3517 88
Edge 1048 1066 90
Edge 1048 1157 52
Edge 1048 1365 57
Edge 1048 1373 59
Edge 1048 1577 51
Edge 1048 1613 61
Edge 1048 2324 87
Edge 1048 2749 71
Edge 1048 2833 84
Edge 1048 2847 61
Edge 1048 2849 73
Edge 1048 2897 73
Edge 1048 3481 70
Edge 1048 3606 55
Edge 1049 1189 99
Edge 1049 1263 57
Edge 1049 1308 97
Edge 1049 1666 98
Edge 1049 1748 67
Edge 1049 1920 96
Edge 1049 2025 59
Edge 1049 2034 80
Edge 1049 2322 72
Edge 1049 2647 91
Edge 1049 3079 58
Edge 1049 3319 52
Edge 1049 3335 97
Edge 1049 3463 80
Edge 1049 3477 53
Edge 1049 3538 95
Edge 1050 1699 64
Edge 1050 1739 66
Edge 1050 1741 79
Edge 1050 2076 75
Edge 1050 2164 63
Edge 1050 2210 99
Edge 1050 2462 64
Edge 1050 2627 55
Edge 1050 2938 59
Edge 1050 2983 51
Edge 1050 3171 53
Edge 1050 3226 52
Edge 1050 3229 73
Edge 1051 1077 79
Edge 1051 1080 68
Edge 1051 1376 65
Edge 1051 1520 78
Edge 1051 1695 50
Edge 1051 1829 94
Edge 1051 2066 90
Edge 1051 2229 88
Edge 1051 2286 64
Edge 1051 2381 51
Edge 1051 2580 60
Edge 1051 2585 79
Edge 1051 2598 82
Edge 1051 2734 87
Edge 1051 2738 75
Edge 1051 3048 91
Edge 1051 3061 80
Edge 1051 3268 75
Edge 1051 3567 86
Edge 1052 1076 56
Edge 1052 1089 86
Edge 1052 1250 87
Edge 1052 1259 79
Edge 1052 1628 50
Edge 1052 1831 95
Edge 1052 2125 56
Edge 1052 2177 72
Edge 1052 2396 92
Edge 1052 2660 86
Edge 1052 2708 88
Edge 1052 2923 74
Edge 1052 2986 55
Edge 1052 3376 66
Edge 1052 3384 68
Edge 1053 1098 71
Edge 1053 1303 75
Edge 1053 1396 97
Edge 1053 1412 66
Edge 1053 1553 83
Edge 1053 1704 53
Edge 1053 1719 54
Edge 1053 1811 82
Edge 1053 2129 74
Edge 1053 2185 89
Edge 1053 2377 74
Edge 1053 2906 68
Edge 1053 3328 53
Edge 1053 3572 65
Edge 1053 3602 69
Edge 1054 1071 52
Edge 1054 1342 82
Edge 1054 1356 74
Edge 1054 1395 64
Edge 1054 1396 87
Edge 1054 1429 71
Edge 1054 1448 84
Edge 1054 1491 52
Edge 1054 1502 72
Edge 1054 1911 71
Edge 1054 2029 83
Edge 1054 2056 83
Edge 1054 2278 51
Edge 1054 2821 85
Edge 1054 3043 71
Edge 1055 1235 71
Edge 1055 1377 67
Edge 1055 1451 98
Edge 1055 1583 61
Edge 1055 2024 95
Edge 1055 2365 98
Edge 1055 2465 64
Edge 1055 2584 99
Edge 1055 2685 92
Edge 1055 2808 79
Edge 1055 2817 63
Edge 1055 2880 91
Edge 1055 2956 84
Edge 1055 3153 86
Edge 1055 3263 51
Edge 1055 3419 64
Edge 1056 1165 91
Edge 1056 1167 72
Edge 1056 1180 74
Edge 1056 1194 75
Edge 1056 1304 74
Edge 1056 1353 89
Edge 1056 1447 59
Edge 1056 2351 56
Edge 1056 2404 73
Edge 1056 2422 65
Edge 1056 2435 61
Edge 1056 2561 70
Edge 1056 2627 56
Edge 1056 3311 53
Edge 1056 3384 53
Edge 1056 3584 50
Edge 1057 1449 50
Edge 1057 2010 82
Edge 1057 2434 89
Edge 1057 2473 79
Edge 1057 2618 95
Edge 1057 2681 67
Edge 1057 2828 71
Edge 1057 2965 99
Edge 1057 3011 66
Edge 1057 3065 89
Edge 1057 3115 67
Edge 1058 1373 71
Edge 1058 1526 61
Edge 1058 1528 61
Edge 1058 1680 64
Edge 1058 2131 77
Edge 1058 2175 88
Edge 1058 2375 72
Edge 1058 2741 88
Edge 1058 2762 57
Edge 1058 3218 55
Edge 1058 3381 64
Edge 1058 3554 52
Edge 1058 3604 91
Edge 1059 1124 62
Edge 1059 1182 98
Edge 1059 1212 88
Edge 1059 1414 50
Edge 1059 1446 62
Edge 1059 1454 88
Edge 1059 1689 73
Edge 1059 1695 72
Edge 1059 2132 70
Edge 1059 2312 55
Edge 1059 2433 65
Edge 1059 2819 83
Edge 1059 2964 98
Edge 1059 3064 76
Edge 1059 3578 91
Edge 1060 1233 91
Edge 1060 1377 66
Edge 1060 1433 80
Edge 1060 1803 91
Edge 1060 2016 57
Edge 1060 2085 81
Edge 1060 2427 74
Edge 1060 2521 97
Edge 1060 2834 74
Edge 1060 2989 60
Edge 1060 3568 85
Edge 1061 1382 96
Edge 1061 1423 65
Edge 1061 1470 80
Edge 1061 1658 77
Edge 1061 1662 71
Edge 1061 1747 71
Edge 1061 1748 92
Edge 1061 1778 89
Edge 1061 2096 97
Edge 1061 2609 93
Edge 1061 2762 80
Edge 1061 2824 66
Edge 1061 2825 81
Edge 1061 3070 61
Edge 1061 3204 50
Edge 1061 3230 96
Edge 1062 1614 70
Edge 1062 1835 87
Edge 1062 1841 80
Edge 1062 1909 94
Edge 1062 2163 79
Edge 1062 2283 73
Edge 1062 2285 70
Edge 1062 2545 67
Edge 1062 2730 59
Edge 1062 2815 79
Edge 1062 2974 68
Edge 1063 1502 67
Edge 1063 1736 98
Edge 1063 1820 88
Edge 1063 1834 97
Edge 1063 1926 51
Edge 1063 2094 50
Edge 1063 2332 53
Edge 1063 2365 94
Edge 1063 2383 64
Edge 1063 2643 72
Edge 1063 2767 73
Edge 1063 2931 62
Edge 1063 2989 97
Edge 1063 3098 66
Edge 1063 3578 97
Edge 1064 1184 68
Edge 1064 1325 63
Edge 1064 1500 71
Edge 1064 1544 65
Edge 1064 1910 62
Edge 1064 2234 57
Edge 1064 2375 65
Edge 1064 2413 96
Edge 1064 2968 64
Edge 1064 3190 87
Edge 1064 3405 98
Edge 1064 3578 95
Edge 1065 1171 92
Edge 1065 1240 84
Edge 1065 1409 94
Edge 1065 1585 93
Edge 1065 1766 74
Edge 1065 2465 89
Edge 1065 2514 95
Edge 1065 2543 62
Edge 1065 2637 50
Edge 1065 2850 67
Edge 1065 2922 90
Edge 1065 3094 86
Edge 1065 3285 71
Edge 1065 3346 71
Edge 1065 3568 72
Edge 1066 1078 89
Edge 1066 1300 71
Edge 1066 1333 60
Edge 1066 1740 75
Edge 1066 1777 71
Edge 1066 1878 53
Edge 1066 1910 92
Edge 1066 1913 91
Edge 1066 1941 88
Edge 1066 2103 54
Edge 1066 2382 77
Edge 1066 3051 83
Edge 1066 3271 99
Edge 1067 1085 97
Edge 1067 1146 79
Edge 1067 1325 84
Edge 1067 1444 91
Edge 1067 1830 95
Edge 1067 2121 66
Edge 1067 2565 61
Edge 1067 2636 64
Edge 1067 2699 81
Edge 1067 2872 62
Edge 1067 2962 82
Edge 1067 3004 94
Edge 1067 3088 81
Edge 1067 3274 51
Edge 1067 3619 52
Edge 1068 1127 63
Edge 1068 1294 93
Edge 1068 1397 88
Edge 1068 1572 50
Edge 1068 1822 63
Edge 1068 2199 71
Edge 1068 2344 83
Edge 1068 2372 97
Edge 1068 2408 51
Edge 1068 2599 55
Edge 1068 2837 65
Edge 1068 3182 68
Edge 1068 3298 61
Edge 1068 3348 61
Edge 1068 3385 98
Edge 1068 3617 58
Edge 1068 3623 81
Edge 1069 1202 72
Edge 1069 1233 86
Edge 1069 1425 72
Edge 1069 1542 59
Edge 1069 1632 78
Edge 1069 1709 55
Edge 1069 1886 80
Edge 1069 1976 77
Edge 1069 2068 62
Edge 1069 2194 99
Edge 1069 2402 58
Edge 1069 2555 79
Edge 1069 2772 69
Edge 1069 2845 73
Edge 1069 3319 93
Edge 1069 3639 73
Edge 1070 1146 59
Edge 1070 1204 68
Edge 1070 1321 91
Edge 1070 1514 94
Edge 1070 1568 98
Edge 1070 1841 92
Edge 1070 2142 61
Edge 1070 2155 91
Edge 1070 2238 61
Edge 1070 2381 77
Edge 1070 2437 58
Edge 1070 2845 71
Edge 1071 1079 85
Edge 1071 1194 82
Edge 1071 1729 59
Edge 1071 1860 93
Edge 1071 1869 60
Edge 1071 1980 85
Edge 1071 2203 98
Edge 1071 3065 51
Edge 1071 3292 69
Edge 1071 3406 52
Edge 1071 3475 68
Edge 1071 3516 56
Edge 1071 3602 57
Edge 1072 1458 82
Edge 1072 1614 77
Edge 1072 1620 63
Edge 1072 1697 89
Edge 1072 1739 62
Edge 1072 1854 89
Edge 1072 1891 50
Edge 1072 1949 67
Edge 1072 1966 76
Edge 1072 2076 57
Edge 1072 2210 58
Edge 1072 2261 75
Edge 1072 2561 56
Edge 1072 2911 78
Edge 1072 3004 61
Edge 1073 1080 81
Edge 1073 1139 96
Edge 1073 1286 88
Edge 1073 1455 86
Edge 1073 1567 90
Edge 1073 1602 71
Edge 1073 1659 73
Edge 1073 1938 67
Edge 1073 1953 57
Edge 1073 2077 71
Edge 1073 2227 91
Edge 1073 2582 71
Edge 1073 2607 80
Edge 1073 2966 55
Edge 1073 3085 51
Edge 1073 3233 82
Edge 1073 3238 85
Edge 1073 3573 73
Edge 1074 1488 79
Edge 1074 1801 75
Edge 1074 1824 52
Edge 1074 1940 79
Edge 1074 2112 89
Edge 1074 2226 95
Edge 1074 2260 64
Edge 1074 2561 87
Edge 1074 2580 57
Edge 1074 3026 72
Edge 1074 3265 62
Edge 1074 3434 64
Edge 1074 3439 94
Edge 1074 3536 99
Edge 1075 1161 95
Edge 1075 1682 92
Edge 1075 1831 72
Edge 1075 2215 55
Edge 1075 2298 53
Edge 1075 2380 99
Edge 1075 2398 60
Edge 1075 2655 63
Edge 1075 2695 56
Edge 1075 2758 77
Edge 1075 2809 64
Edge 1075 2878 91
Edge 1075 3216 85
Edge 1076 1085 86
Edge 1076 1197 70
Edge 1076 1251 89
Edge 1076 1382 65
Edge 1076 1905 91
Edge 1076 1933 77
Edge 1076 2351 97
Edge 1076 2651 92
Edge 1076 2741 72
Edge 1076 2969 74
Edge 1076 3023 98
Edge 1076 3035 76
Edge 1076 3327 80
Edge 1076 3552 70
Edge 1077 1463 81
Edge 1077 1813 52
Edge 1077 1843 59
Edge 1077 1883 90
Edge 1077 2259 98
Edge 1077 2578 52
Edge 1077 2711 87
Edge 1077 2785 71
Edge 1077 2998 75
Edge 1077 3361 90
Edge 1077 3532 63
Edge 1078 1176 97
Edge 1078 1258 53
Edge 1078 1422 97
Edge 1078 1426 96
Edge 1078 1492 84
Edge 1078 1685 77
Edge 1078 2013 57
Edge 1078 2143 83
Edge 1078 2209 87
Edge 1078 3076 57
Edge 1078 3166 64
Edge 1078 3229 55
Edge 1078 3455 79
Edge 1078 3627 58
Edge 1079 1196 75
Edge 1079 1382 61
Edge 1079 1447 85
Edge 1079 1462 67
Edge 1079 1635 62
Edge 1079 1677 90
Edge 1079 1816 75
Edge 1079 1817 95
Edge 1079 2363 92
Edge 1079 3305 85
Edge 1080 1811 50
Edge 1080 1992 55
Edge 1080 2242 54
Edge 1080 2374 93
Edge 1080 2407 55
Edge 1080 2546 59
Edge 1080 2686 70
Edge 1080 2755 92
Edge 1080 2856 63
Edge 1080 3340 68
Edge 1080 3591 88
Edge 1081 1121 77
Edge 1081 1366 100
Edge 1081 1402 55
Edge 1081 2003 61
Edge 1081 2008 96
Edge 1081 2094 64
Edge 1081 2154 69
Edge 1081 2362 71
Edge 1081 2482 64
Edge 1081 2803 63
Edge 1081 3002 61
Edge 1081 3127 69
Edge 1081 3261 72
Edge 1081 3296 58
Edge 1081 3324 60
Edge 1082 1211 53
Edge 1082 1257 57
Edge 1082 1514 73
Edge 1082 1516 92
Edge 1082 1577 64
Edge 1082 1616 90
Edge 1082 1666 80
Edge 1082 1788 81
Edge 1082 1796 67
Edge 1082 1988 62
Edge 1082 2063 77
Edge 1082 2290 84
Edge 1082 2540 59
Edge 1082 2572 54
Edge 1082 2640 65
Edge 1082 3504 90
Edge 1082 3544 92
Edge 1083 1129 75
Edge 1083 1206 66
Edge 1083 1332 65
Edge 1083 1374 81
Edge 1083 1429 81
Edge 1083 1784 60
Edge 1083 1847 63
Edge 1083 1895 52
Edge 1083 1927 75
Edge 1083 1981 93
Edge 1083 2023 95
Edge 1083 2035 59
Edge 1083 2090 81
Edge 1083 2380 88
Edge 1083 2950 93
Edge 1083 3516 82
Edge 1083 3665 68
Edge 1084 1283 97
Edge 1084 1543 77
Edge 1084 1665 97
Edge 1084 1674 96
Edge 1084 1675 78
Edge 1084 1704 73
Edge 1084 1795 82
Edge 1084 2418 86
Edge 1084 2781 99
Edge 1084 3034 98
Edge 1084 3138 77
Edge 1084 3244 76
Edge 1084 3356 89
Edge 1085 1358 93
Edge 1085 1373 58
Edge 1085 1417 52
Edge 1085 1554 81
Edge 1085 1616 84
Edge 1085 2149 68
Edge 1085 2207 51
Edge 1085 2351 68
Edge 1085 3081 98
Edge 1085 3108 73
Edge 1085 3160 98
Edge 1085 3361 89
Edge 1086 1118 57
Edge 1086 1194 92
Edge 1086 1244 69
Edge 1086 1257 99
Edge 1086 1282 88
Edge 1086 1761 83
Edge 1086 1915 90
Edge 1086 2008 73
Edge 1086 2479 87
Edge 1086 2692 56
Edge 1086 2693 80
Edge 1086 3157 69
Edge 1086 3333 54
Edge 1087 1132 80
Edge 1087 1229 88
Edge 1087 1631 70
Edge 1087 1698 63
Edge 1087 1991 77
Edge 1087 1995 92
Edge 1087 2482 66
Edge 1087 2602 73
Edge 1087 2672 90
Edge 1087 2732 51
Edge 1087 2766 61
Edge 1087 3164 58
Edge 1087 3571 98
Edge 1087 3601 63
Edge 1088 1438 85
Edge 1088 1509 54
Edge 1088 1640 52
Edge 1088 1677 85
Edge 1088 1736 82
Edge 1088 1850 67
Edge 1088 1859 71
Edge 1088 2234 96
Edge 1088 2529 62
Edge 1088 3141 82
Edge 1089 1384 78
Edge 1089 1404 93
Edge 1089 1671 89
Edge 1089 1818 87
Edge 1089 1863 51
Edge 1089 1898 69
Edge 1089 1950 51
Edge 1089 2153 64
Edge 1089 2221 90
Edge 1089 2254 54
Edge 1089 2749 65
Edge 1089 2777 93
Edge 1089 2893 69
Edge 1089 3062 67
Edge 1089 3166 81
Edge 1090 1117 51
Edge 1090 1170 62
Edge 1090 1337 72
Edge 1090 1400 86
Edge 1090 1437 85
Edge 1090 1440 64
Edge 1090 1545 78
Edge 1090 1615 86
Edge 1090 1787 66
Edge 1090 1923 79
Edge 1090 2320 77
Edge 1090 2372 87
Edge 1090 2568 77
Edge 1090 2904 76
Edge 1090 3191 78
Edge 1090 3386 74
Edge 1090 3470 90
Edge 1090 3495 67
Edge 1091 1105 52
Edge 1091 1114 57
Edge 1091 1150 98
Edge 1091 1176 64
Edge 1091 1265 83
Edge 1091 1334 99
Edge 1091 1376 72
Edge 1091 1770 96
Edge 1091 1779 70
Edge 1091 1873 56
Edge 1091 1901 94
Edge 1091 2076 58
Edge 1091 2386 61
Edge 1091 2393 73
Edge 1091 2499 70
Edge 1091 3502 56
Edge 1091 3577 91
Edge 1092 1523 91
Edge 1092 1613 70
Edge 1092 2297 86
Edge 1092 2426 73
Edge 1092 2575 66
Edge 1092 2679 89
Edge 1092 2698 99
Edge 1092 3033 92
Edge 1092 3055 76
Edge 1092 3058 82
Edge 1092 3277 55
Edge 1092 3344 94
Edge 1092 3529 78
Edge 1092 3659 77
Edge 1093 1471 53
Edge 1093 1797 98
Edge 1093 1812 93
Edge 1093 1819 77
Edge 1093 2253 73
Edge 1093 2334 73
Edge 1093 2837 70
Edge 1093 2937 64
Edge 1093 2959 90
Edge 1093 3215 88
Edge 1093 3351 75
Edge 1093 3422 55
Edge 1093 3483 58
Edge 1093 3634 55
Edge 1094 1319 55
Edge 1094 1345 64
Edge 1094 1353 83
Edge 1094 1654 62
Edge 1094 1750 96
Edge 1094 1800 66
Edge 1094 2006 67
Edge 1094 2297 94
Edge 1094 2425 75
Edge 1094 2473 51
Edge 1094 2531 70
Edge 1094 2773 54
Edge 1094 3004 93
Edge 1094 3229 90
Edge 1095 1322 50
Edge 1095 1347 60
Edge 1095 1360 88
Edge 1095 1399 75
Edge 1095 1724 58
Edge 1095 1816 63
Edge 1095 1971 95
Edge 1095 2129 82
Edge 1095 2307 61
Edge 1095 2347 90
Edge 1095 2376 74
Edge 1095 2390 86
Edge 1095 2925 57
Edge 1095 3144 83
Edge 1095 3247 66
Edge 1095 3426 80
Edge 1095 3492 69
Edge 1096 1220 55
Edge 1096 1265 93
Edge 1096 1403 59
Edge 1096 1463 75
Edge 1096 1540 85
Edge 1096 1642 55
Edge 1096 1804 69
Edge 1096 2012 70
Edge 1096 2048 51
Edge 1096 2062 76
Edge 1096 2368 50
Edge 1096 2605 87
Edge 1096 2773 63
Edge 1096 2778 96
Edge 1096 3088 72
Edge 1096 3615 66
Edge 1097 1169 58
Edge 1097 1334 78
Edge 1097 1717 52
Edge 1097 1857 69
Edge 1097 1882 66
Edge 1097 2157 70
Edge 1097 2332 80
Edge 1097 2371 59
Edge 1097 2560 71
Edge 1097 3082 67
Edge 1097 3226 84
Edge 1098 1270 69
Edge 1098 1400 60
Edge 1098 1434 62
Edge 1098 1620 56
Edge 1098 1722 72
Edge 1098 1747 67
Edge 1098 1749 88
Edge 1098 1823 87
Edge 1098 2308 73
Edge 1098 2393 61
Edge 1098 3221 65
Edge 1099 1215 85
Edge 1099 1297 88
Edge 1099 1318 83
Edge 1099 1462 66
Edge 1099 1596 73
Edge 1099 1676 65
Edge 1099 1708 61
Edge 1099 1819 80
Edge 1099 1924 70
Edge 1099 2274 92
Edge 1099 2276 82
Edge 1099 2425 71
Edge 1099 2681 68
Edge 1099 2795 50
Edge 1099 2866 76
Edge 1099 2985 91
Edge 1099 3372 56
Edge 1099 3646 98
Edge 1100 1124 80
Edge 1100 1203 60
Edge 1100 1244 80
Edge 1100 1660 71
Edge 1100 1774 66
Edge 1100 1900 66
Edge 1100 2078 73
Edge 1100 2176 66
Edge 1100 2220 63
Edge 1100 2238 92
Edge 1100 2855 55
Edge 1100 3209 88
Edge 1100 3398 54
Edge 1100 3553 56
Edge 1101 1245 96
Edge 1101 1598 66
Edge 1101 1616 60
Edge 1101 1618 91
Edge 1101 1831 69
Edge 1101 2167 80
Edge 1101 2387 78
Edge 1101 2756 100
Edge 1101 2760 78
Edge 1101 3215 98
Edge 1101 3237 54
Edge 1101 3346 71
Edge 1101 3490 70
Edge 1102 1119 95
Edge 1102 1267 66
Edge 1102 1650 67
Edge 1102 1703 96
Edge 1102 1706 96
Edge 1102 1776 57
Edge 1102 1781 89
Edge 1102 1938 66
Edge 1102 2148 53
Edge 1102 2183 73
Edge 1102 2357 65
Edge 1102 2652 91
Edge 1102 2678 68
Edge 1102 2889 83
Edge 1103 1177 87
Edge 1103 1288 52
Edge 1103 1350 93
Edge 1103 1375 65
Edge 1103 1472 58
Edge 1103 1522 77
Edge 1103 1541 89
Edge 1103 1615 83
Edge 1103 2022 84
Edge 1103 2154 95
Edge 1103 2383 51
Edge 1103 2387 77
Edge 1103 2457 90
Edge 1103 2480 95
Edge 1103 3416 93
Edge 1103 3648 70
Edge 1104 1153 73
Edge 1104 1166 69
Edge 1104 1242 60
Edge 1104 1859 80
Edge 1104 1988 51
Edge 1104 2813 83
Edge 1104 3380 78
Edge 1105 1366 61
Edge 1105 1408 72
Edge 1105 1429 79
Edge 1105 1536 87
Edge 1105 1582 55
Edge 1105 1825 61
Edge 1105 2162 85
Edge 1105 2671 87
Edge 1105 3060 83
Edge 1105 3144 64
Edge 1105 3364 72
Edge 1105 3440 92
Edge 1106 1140 92
Edge 1106 1188 62
Edge 1106 1377 90
Edge 1106 1756 84
Edge 1106 1769 51
Edge 1106 2212 63
Edge 1106 2217 71
Edge 1106 2335 63
Edge 1106 2348 72
Edge 1106 2566 87
Edge 1106 2823 75
Edge 1106 3068 99
Edge 1106 3189 73
Edge 1106 3440 71
Edge 1107 1215 54
Edge 1107 1269 69
Edge 1107 1314 51
Edge 1107 1911 98
Edge 1107 1954 73
Edge 1107 2069 54
Edge 1107 2128 91
Edge 1107 2150 53
Edge 1107 2248 95
Edge 1107 2260 86
Edge 1107 2280 58
Edge 1107 2415 75
Edge 1107 2502 94
Edge 1107 2621 52
Edge 1107 2950 63
Edge 1107 3062 91
Edge 1107 3460 94
Edge 1107 3582 52
Edge 1107 3625 77
Edge 1107 3628 69
Edge 1108 1212 52
Edge 1108 1243 98
Edge 1108 1925 62
Edge 1108 2039 96
Edge 1108 2402 73
Edge 1108 2614 61
Edge 1108 2810 95
Edge 1108 2959 52
Edge 1108 3542 58
Edge 1109 1184 53
Edge 1109 1260 59
Edge 1109 1294 55
Edge 1109 1415 74
Edge 1109 1478 60
Edge 1109 1642 58
Edge 1109 1959 75
Edge 1109 2166 80
Edge 1109 2223 62
Edge 1109 2248 87
Edge 1109 2447 74
Edge 1109 2918 77
Edge 1110 1238 71
Edge 1110 1458 71
Edge 1110 1520 70
Edge 1110 1536 53
Edge 1110 1779 99
Edge 1110 2021 97
Edge 1110 2376 67
Edge 1110 2430 65
Edge 1110 2499 50
Edge 1110 2757 94
Edge 1110 2856 78
Edge 1110 2887 65
Edge 1110 3598 60
Edge 1110 3603 94
Edge 1111 1371 95
Edge 1111 1448 51
Edge 1111 1571 88
Edge 1111 1688 61
Edge 1111 2078 97
Edge 1111 2118 70
Edge 1111 3100 68
Edge 1111 3126 77
Edge 1111 3230 60
Edge 1111 3239 90
Edge 1111 3466 68
Edge 1111 3589 81
Edge 1112 1290 83
Edge 1112 1303 71
Edge 1112 1320 54
Edge 1112 1332 91
Edge 1112 1414 88
Edge 1112 1416 77
Edge 1112 1497 96
Edge 1112 1742 56
Edge 1112 1845 73
Edge 1112 2140 98
Edge 1112 2226 75
Edge 1112 2238 53
Edge 1112 2401 66
Edge 1112 2827 51
Edge 1112 3490 96
Edge 1112 3633 74
Edge 1113 1159 91
Edge 1113 1224 50
Edge 1113 1433 88
Edge 1113 1454 57
Edge 1113 1636 95
Edge 1113 1821 68
Edge 1113 2459 64
Edge 1113 2552 63
Edge 1113 2559 61
Edge 1113 2582 91
Edge 1113 2659 96
Edge 1113 2698 71
Edge 1113 2700 80
Edge 1113 2727 76
Edge 1113 2763 78
Edge 1113 2879 72
Edge 1113 3313 89
Edge 1113 3604 96
Edge 1114 1550 66
Edge 1114 1844 84
Edge 1114 1929 56
Edge 1114 2059 89
Edge 1114 2095 97
Edge 1114 2265 84
Edge 1114 2279 61
Edge 1114 2414 91
Edge 1114 3205 97
Edge 1114 3388 54
Edge 1114 3463 92
Edge 1115 1265 90
Edge 1115 1272 57
Edge 1115 1450 78
Edge 1115 1549 84
Edge 1115 1601 77
Edge 1115 1626 79
Edge 1115 2081 57
Edge 1115 2266 94
Edge 1115 2449 77
Edge 1115 2908 89
Edge 1115 3364 85
Edge 1115 3641 58
Edge 1116 1217 57
Edge 1116 1330 90
Edge 1116 1414 80
Edge 1116 1636 53
Edge 1116 1796 59
Edge 1116 1892 68
Edge 1116 2294 52
Edge 1116 2320 96
Edge 1116 2577 89
Edge 1116 2751 73
Edge 1116 2931 62
Edge 1116 3049 56
Edge 1116 3428 96
Edge 1116 3581 54
Edge 1117 1287 86
Edge 1117 1325 66
Edge 1117 1399 88
Edge 1117 1452 95
Edge 1117 1576 66
Edge 1117 1923 77
Edge 1117 2154 68
Edge 1117 2667 79
Edge 1117 2882 59
Edge 1117 3239 65
Edge 1117 3436 54
Edge 1117 3441 59
Edge 1118 1526 88
Edge 1118 1581 98
Edge 1118 1609 70
Edge 1118 1630 81
Edge 1118 1827 64
Edge 1118 1884 57
Edge 1118 2059 67
Edge 1118 2403 68
Edge 1118 2448 93
Edge 1118 2548 74
Edge 1118 2807 81
Edge 1118 3324 61
Edge 1119 1203 82
Edge 1119 1519 59
Edge 1119 1663 83
Edge 1119 2015 82
Edge 1119 2326 58
Edge 1119 2698 92
Edge 1119 2699 75
Edge 1119 2829 69
Edge 1119 2996 55
Edge 1119 3007 53
Edge 1119 3045 69
Edge 1119 3063 80
Edge 1119 3075 72
Edge 1119 3475 55
Edge 1119 3535 56
Edge 1120 1150 86
Edge 1120 1256 97
Edge 1120 1342 55
Edge 1120 1378 81
Edge 1120 1399 97
Edge 1120 1516 51
Edge 1120 1728 62
Edge 1120 1823 55
Edge 1120 2194 94
Edge 1120 2302 91
Edge 1120 2446 86
Edge 1120 2836 53
Edge 1120 2965 60
Edge 1120 3174 86
Edge 1120 3255 50
Edge 1120 3306 60
Edge 1121 1131 62
Edge 1121 1147 55
Edge 1121 1335 69
Edge 1121 1494 63
Edge 1121 1688 97
Edge 1121 1774 74
Edge 1121 1795 86
Edge 1121 1947 50
Edge 1121 2276 54
Edge 1121 2309 52
Edge 1121 2634 76
Edge 1121 2985 62
Edge 1121 3435 83
Edge 1122 1826 76
Edge 1122 2158 52
Edge 1122 2159 69
Edge 1122 2369 69
Edge 1122 2415 62
Edge 1122 2679 77
Edge 1122 3221 54
Edge 1122 3482 52
Edge 1123 1190 59
Edge 1123 1198 84
Edge 1123 1236 98
Edge 1123 1417 59
Edge 1123 1566 90
Edge 1123 1602 80
Edge 1123 2086 81
Edge 1123 2461 60
Edge 1123 2470 70
Edge 1123 2598 55
Edge 1123 2823 67
Edge 1123 2871 57
Edge 1123 3155 95
Edge 1123 3189 76
Edge 1123 3230 54
Edge 1123 3513 87
Edge 1123 3597 67
Edge 1124 1293 62
Edge 1124 1576 56
Edge 1124 1640 65
Edge 1124 1862 62
Edge 1124 2128 77
Edge 1124 2276 59
Edge 1124 2475 82
Edge 1124 3031 56
Edge 1124 3173 55
Edge 1124 3411 97
Edge 1125 1159 67
Edge 1125 1311 78
Edge 1125 1431 91
Edge 1125 1491 74
Edge 1125 1557 79
Edge 1125 1887 87
Edge 1125 2052 88
Edge 1125 2300 92
Edge 1125 2323 64
Edge 1125 2858 55
Edge 1125 2982 78
Edge 1125 3141 72
Edge 1125 3349 73
Edge 1125 3489 61
Edge 1126 1180 80
Edge 1126 1255 73
Edge 1126 1274 77
Edge 1126 1535 73
Edge 1126 1776 71
Edge 1126 2152 50
Edge 1126 2350 59
Edge 1126 2660 88
Edge 1126 2718 53
Edge 1126 2724 88
Edge 1126 2821 65
Edge 1126 3027 94
Edge 1126 3171 82
Edge 1126 3273 71
Edge 1126 3434 54
Edge 1127 1148 79
Edge 1127 1277 97
Edge 1127 1661 52
Edge 1127 2015 58
Edge 1127 2090 92
Edge 1127 2335 94
Edge 1127 2523 76
Edge 1127 3495 57
Edge 1127 3514 98
Edge 1127 3567 82
Edge 1128 1245 95
Edge 1128 1379 56
Edge 1128 1545 53
Edge 1128 1838 78
Edge 1128 2225 96
Edge 1128 2730 86
Edge 1128 3107 58
Edge 1128 3138 63
Edge 1128 3200 53
Edge 1128 3231 89
Edge 1128 3382 60
Edge 1128 3416 56
Edge 1128 3449 75
Edge 1128 3481 84
Edge 1129 1413 70
Edge 1129 1435 91
Edge 1129 1454 78
Edge 1129 1519 83
Edge 1129 1531 59
Edge 1129 1664 99
Edge 1129 1695 80
Edge 1129 1726 75
Edge 1129 1887 83
Edge 1129 1913 84
Edge 1129 2104 75
Edge 1129 2220 62
Edge 1129 2384 60
Edge 1129 2665 57
Edge 1129 2730 57
Edge 1129 2952 56
Edge 1129 2953 70
Edge 1129 3079 52
Edge 1130 1191 59
Edge 1130 1446 79
Edge 1130 1703 81
Edge 1130 1959 93
Edge 1130 2052 85
Edge 1130 2097 94
Edge 1130 2134 98
Edge 1130 2156 92
Edge 1130 2215 67
Edge 1130 2308 93
Edge 1130 2458 60
Edge 1130 2633 54
Edge 1130 2810 67
Edge 1130 2969 75
Edge 1130 3259 96
Edge 1130 3353 60
Edge 1130 3409 86
Edge 1130 3633 69
Edge 1131 1320 54
Edge 1131 1361 79
Edge 1131 1435 78
Edge 1131 1575 80
Edge 1131 2405 76
Edge 1131 2465 95
Edge 1131 2592 73
Edge 1131 3122 76
Edge 1131 3222 73
Edge 1131 3572 67
Edge 1131 3590 65
Edge 1131 3611 98
Edge 1131 3656 99
Edge 1132 1361 69
Edge 1132 1433 61
Edge 1132 1441 54
Edge 1132 1550 94
Edge 1132 1683 87
Edge 1132 1792 57
Edge 1132 2128 52
Edge 1132 2140 97
Edge 1132 3054 81
Edge 1132 3220 50
Edge 1132 3436 70
Edge 1133 1640 54
Edge 1133 1757 55
Edge 1133 1973 90
Edge 1133 2151 86
Edge 1133 2173 82
Edge 1133 2203 74
Edge 1133 2312 70
Edge 1133 2410 77
Edge 1133 2450 99
Edge 1133 2833 94
Edge 1133 2843 96
Edge 1133 3521 97
Edge 1133 3626 78
Edge 1134 1207 99
Edge 1134 1336 61
Edge 1134 1369 60
Edge 1134 1489 55
Edge 1134 1587 72
Edge 1134 1653 74
Edge 1134 1730 65
Edge 1134 1871 63
Edge 1134 1901 71
Edge 1134 2186 74
Edge 1134 2698 93
Edge 1134 2961 84
Edge 1134 3581 94
Edge 1135 1253 80
Edge 1135 1272 50
Edge 1135 1391 52
Edge 1135 1520 95
Edge 1135 1570 95
Edge 1135 1697 73
Edge 1135 1871 87
Edge 1135 2094 90
Edge 1135 2112 63
Edge 1135 2121 98
Edge 1135 2284 97
Edge 1135 2308 87
Edge 1135 2335 69
Edge 1135 2672 53
Edge 1135 2813 58
Edge 1135 3207 97
Edge 1135 3480 55
Edge 1135 3562 81
Edge 1135 3619 85
Edge 1136 1939 53
Edge 1136 1960 56
Edge 1136 1976 78
Edge 1136 2002 62
Edge 1136 2054 72
Edge 1136 2168 92
Edge 1136 2306 95
Edge 1136 2479 51
Edge 1136 2485 86
Edge 1136 2693 98
Edge 1136 2984 58
Edge 1136 3059 57
Edge 1136 3546 60
Edge 1137 1188 79
Edge 1137 1594 55
Edge 1137 2340 81
Edge 1137 2596 92
Edge 1137 2653 67
Edge 1137 2731 76
Edge 1137 3357 51
Edge 1137 3464 50
Edge 1137 3491 68
Edge 1138 1270 75
Edge 1138 1313 85
Edge 1138 1314 56
Edge 1138 1359 76
Edge 1138 1575 53
Edge 1138 2438 63
Edge 1138 2530 83
Edge 1138 2707 89
Edge 1138 2798 69
Edge 1138 2856 93
Edge 1138 3043 81
Edge 1138 3080 68
Edge 1138 3100 56
Edge 1138 3206 81
Edge 1138 3409 98
Edge 1139 1255 78
Edge 1139 1271 95
Edge 1139 1299 63
Edge 1139 1371 65
Edge 1139 1396 56
Edge 1139 1603 67
Edge 1139 1651 52
Edge 1139 1681 85
Edge 1139 1819 73
Edge 1139 2414 88
Edge 1139 2489 84
Edge 1139 2506 60
Edge 1139 2869 72
Edge 1139 2974 85
Edge 1139 3277 94
Edge 1139 3608 79
Edge 1140 1224 58
Edge 1140 1298 70
Edge 1140 1412 91
Edge 1140 1729 99
Edge 1140 2609 84
Edge 1140 2626 92
Edge 1140 2650 55
Edge 1140 2870 73
Edge 1140 2897 65
Edge 1140 3266 85
Edge 1141 1256 51
Edge 1141 1372 88
Edge 1141 1524 85
Edge 1141 1655 63
Edge 1141 1754 95
Edge 1141 1888 50
Edge 1141 2625 76
Edge 1141 2635 52
Edge 1141 2997 56
Edge 1141 3214 69
Edge 1141 3371 88
Edge 1141 3538 57
Edge 1142 1211 76
Edge 1142 1231 53
Edge 1142 1245 60
Edge 1142 1391 80
Edge 1142 1478 57
Edge 1142 1531 98
Edge 1142 2126 73
Edge 1142 2790 74
Edge 1142 2960 81
Edge 1142 3189 66
Edge 1142 3323 74
Edge 1142 3615 52
Edge 1143 1145 99
Edge 1143 1524 53
Edge 1143 1842 65
Edge 1143 1876 77
Edge 1143 1898 91
Edge 1143 1966 84
Edge 1143 2068 90
Edge 1143 2227 98
Edge 1143 2442 84
Edge 1143 2611 75
Edge 1143 2750 71
Edge 1143 2765 68
Edge 1143 2980 74
Edge 1143 2983 57
Edge 1143 3102 92
Edge 1144 1196 59
Edge 1144 1274 89
Edge 1144 1349 89
Edge 1144 1470 69
Edge 1144 1492 82
Edge 1144 1579 55
Edge 1144 2236 59
Edge 1144 2318 50
Edge 1144 2449 60
Edge 1144 2518 66
Edge 1144 2584 81
Edge 1144 2910 89
Edge 1144 3176 94
Edge 1144 3196 78
Edge 1144 3262 75
Edge 1144 3296 87
Edge 1144 3570 85
Edge 1145 1297 97
Edge 1145 1473 84
Edge 1145 1627 84
Edge 1145 1718 78
Edge 1145 1742 90
Edge 1145 1869 71
Edge 1145 2011 67
Edge 1145 2024 85
Edge 1145 2354 76
Edge 1145 2439 66
Edge 1145 2486 88
Edge 1145 2717 88
Edge 1145 2946 59
Edge 1145 3045 71
Edge 1145 3067 88
Edge 1145 3384 76
Edge 1146 1200 64
Edge 1146 1227 68
Edge 1146 1243 50
Edge 1146 1652 63
Edge 1146 1802 57
Edge 1146 1930 53
Edge 1146 2032 61
Edge 1146 2125 96
Edge 1146 2498 72
Edge 1146 3394 54
Edge 1146 3553 55
Edge 1147 1208 61
Edge 1147 1226 99
Edge 1147 1469 80
Edge 1147 1565 64
Edge 1147 1661 56
Edge 1147 1921 73
Edge 1147 2544 71
Edge 1147 2790 64
Edge 1147 2997 56
Edge 1147 3252 97
Edge 1147 3255 78
Edge 1147 3349 91
Edge 1147 3500 66
Edge 1148 1290 66
Edge 1148 1311 82
Edge 1148 1349 64
Edge 1148 1364 79
Edge 1148 1440 74
Edge 1148 2018 75
Edge 1148 2093 85
Edge 1148 2161 66
Edge 1148 2357 95
Edge 1148 2771 77
Edge 1148 2974 61
Edge 1148 3036 51
Edge 1148 3233 53
Edge 1148 3236 63
Edge 1149 1156 80
Edge 1149 1194 62
Edge 1149 1325 99
Edge 1149 1574 79
Edge 1149 1618 81
Edge 1149 1862 58
Edge 1149 2010 53
Edge 1149 2873 74
Edge 1149 3157 57
Edge 1149 3174 70
Edge 1149 3580 96
Edge 1150 1506 58
Edge 1150 1653 91
Edge 1150 1658 70
Edge 1150 1692 79
Edge 1150 1700 73
Edge 1150 1840 90
Edge 1150 1954 53
Edge 1150 1995 93
Edge 1150 2054 96
Edge 1150 2131 77
Edge 1150 2150 52
Edge 1150 2357 54
Edge 1150 2602 55
Edge 1151 1253 97
Edge 1151 1659 78
Edge 1151 1852 96
Edge 1151 2002 95
Edge 1151 2090 85
Edge 1151 2107 51
Edge 1151 2185 80
Edge 1151 2378 54
Edge 1151 2950 85
Edge 1151 3135 78
Edge 1151 3169 96
Edge 1151 3253 98
Edge 1151 3417 56
Edge 1151 3497 94
Edge 1152 1173 69
Edge 1152 1285 89
Edge 1152 1343 79
Edge 1152 1386 67
Edge 1152 1535 65
Edge 1152 1653 96
Edge 1152 1868 79
Edge 1152 1947 61
Edge 1152 2113 52
Edge 1152 2353 98
Edge 1152 2656 50
Edge 1152 3200 78
Edge 1152 3266 86
Edge 1153 1533 81
Edge 1153 1632 67
Edge 1153 2036 97
Edge 1153 2170 90
Edge 1153 2174 80
Edge 1153 2332 72
Edge 1153 2598 73
Edge 1153 2972 65
Edge 1153 3250 96
Edge 1153 3365 90
Edge 1153 3467 61
Edge 1153 3519 79
Edge 1154 1325 92
Edge 1154 1547 54
Edge 1154 1631 51
Edge 1154 2041 60
Edge 1154 2184 92
Edge 1154 2248 60
Edge 1154 2413 75
Edge 1154 2643 60
Edge 1154 2670 55
Edge 1154 2789 99
Edge 1154 3156 97
Edge 1155 1220 50
Edge 1155 1340 99
Edge 1155 1694 82
Edge 1155 1800 64
Edge 1155 1841 88
Edge 1155 2108 87
Edge 1155 2308 96
Edge 1155 2411 87
Edge 1155 2469 61
Edge 1155 2588 63
Edge 1155 2683 75
Edge 1155 3085 88
Edge 1155 3380 82
Edge 1155 3454 77
Edge 1156 1171 97
Edge 1156 1198 99
Edge 1156 1233 59
Edge 1156 1694 91
Edge 1156 1842 70
Edge 1156 1937 80
Edge 1156 1988 71
Edge 1156 2208 50
Edge 1156 2422 77
Edge 1156 2698 60
Edge 1156 2729 77
Edge 1156 2813 92
Edge 1156 2828 58
Edge 1156 3146 89
Edge 1156 3204 96
Edge 1156 3342 93
Edge 1157 1465 50
Edge 1157 2103 57
Edge 1157 2188 88
Edge 1157 2262 51
Edge 1157 2419 95
Edge 1157 2633 55
Edge 1157 2753 90
Edge 1157 2910 56
Edge 1157 2917 50
Edge 1157 3065 91
Edge 1157 3236 75
Edge 1157 3299 62
Edge 1158 1191 95
Edge 1158 1289 88
Edge 1158 1312 94
Edge 1158 1335 55
Edge 1158 1563 99
Edge 1158 1636 89
Edge 1158 1646 76
Edge 1158 1868 73
Edge 1158 2237 89
Edge 1158 2452 69
Edge 1158 2677 60
Edge 1158 2764 64
Edge 1158 2895 60
Edge 1158 3125 54
Edge 1158 3256 82
Edge 1159 1631 66
Edge 1159 1710 62
Edge 1159 1732 83
Edge 1159 2510 79
Edge 1159 2624 98
Edge 1159 3050 66
Edge 1159 3213 85
Edge 1159 3247 57
Edge 1159 3384 81
Edge 1159 3462 77
Edge 1159 3511 55
Edge 1159 3559 99
Edge 1160 1262 67
Edge 1160 1388 57
Edge 1160 1586 77
Edge 1160 1664 72
Edge 1160 1830 80
Edge 1160 1868 50
Edge 1160 1914 87
Edge 1160 2154 66
Edge 1160 2204 59
Edge 1160 2231 92
Edge 1160 2258 90
Edge 1160 2441 60
Edge 1160 2736 63
Edge 1160 2934 83
Edge 1160 3152 77
Edge 1160 3211 90
Edge 1160 3280 66
Edge 1160 3497 56
Edge 1160 3519 59
Edge 1161 1430 59
Edge 1161 1588 69
Edge 1161 1625 78
Edge 1161 1938 73
Edge 1161 2105 61
Edge 1161 2256 92
Edge 1161 2290 79
Edge 1161 2339 64
Edge 1161 2524 74
Edge 1161 2960 50
Edge 1161 2977 92
Edge 1161 3256 50
Edge 1161 3417 68
Edge 1162 1185 76
Edge 1162 1386 88
Edge 1162 1661 51
Edge 1162 1719 62
Edge 1162 1875 81
Edge 1162 1876 94
Edge 1162 2086 71
Edge 1162 2095 79
Edge 1162 2137 93
Edge 1162 2309 51
Edge 1162 2366 63
Edge 1162 2612 59
Edge 1162 3307 52
Edge 1163 1190 63
Edge 1163 1453 96
Edge 1163 1772 68
Edge 1163 1791 67
Edge 1163 2101 63
Edge 1163 2558 59
Edge 1163 2633 97
Edge 1163 3313 58
Edge 1163 3345 74
Edge 1163 3347 53
Edge 1163 3401 54
Edge 1163 3479 50
Edge 1164 1221 50
Edge 1164 1285 85
Edge 1164 1691 99
Edge 1164 1832 71
Edge 1164 1979 67
Edge 1164 2736 50
Edge 1164 3133 56
Edge 1164 3158 74
Edge 1165 1206 57
Edge 1165 1247 75
Edge 1165 1358 76
Edge 1165 1500 78
Edge 1165 1880 62
Edge 1165 1973 67
Edge 1165 2375 80
Edge 1165 2522 52
Edge 1165 2681 51
Edge 1165 2927 65
Edge 1165 3023 60
Edge 1165 3236 96
Edge 1165 3272 79
Edge 1165 3445 94
Edge 1166 1174 70
Edge 1166 1222 72
Edge 1166 1473 87
Edge 1166 1580 71
Edge 1166 1902 98
Edge 1166 1985 74
Edge 1166 2012 88
Edge 1166 2046 87
Edge 1166 2232 97
Edge 1166 2298 58
Edge 1166 2562 54
Edge 1166 2743 95
Edge 1166 3213 68
Edge 1166 3613 90
Edge 1166 3668 87
Edge 1167 1193 74
Edge 1167 1205 71
Edge 1167 1263 58
Edge 1167 1274 78
Edge 1167 1413 85
Edge 1167 1449 97
Edge 1167 1815 76
Edge 1167 2613 76
Edge 1167 2650 65
Edge 1167 3525 89
Edge 1168 1394 86
Edge 1168 1634 95
Edge 1168 2478 91
Edge 1168 2640 92
Edge 1168 2701 58
Edge 1168 2779 95
Edge 1168 2892 95
Edge 1168 3130 90
Edge 1168 3152 92
Edge 1168 3276 85
Edge 1169 1186 61
Edge 1169 1251 64
Edge 1169 1310 63
Edge 1169 1505 56
Edge 1169 1717 82
Edge 1169 1950 75
Edge 1169 1960 52
Edge 1169 1997 95
Edge 1169 2007 98
Edge 1169 2075 71
Edge 1169 2370 55
Edge 1169 2405 51
Edge 1169 2618 97
Edge 1169 2671 83
Edge 1169 3029 73
Edge 1169 3046 96
Edge 1169 3404 74
Edge 1170 1265 50
Edge 1170 1281 86
Edge 1170 1403 89
Edge 1170 1428 89
Edge 1170 1472 99
Edge 1170 1530 96
Edge 1170 1903 96
Edge 1170 2067 84
Edge 1170 2079 99
Edge 1170 2151 74
Edge 1170 2200 53
Edge 1170 2654 78
Edge 1170 2807 92
Edge 1170 2843 86
Edge 1170 3076 59
Edge 1170 3290 69
Edge 1170 3446 93
Edge 1171 1401 70
Edge 1171 1437 93
Edge 1171 1829 50
Edge 1171 1948 91
Edge 1171 1966 79
Edge 1171 2122 53
Edge 1171 2297 60
Edge 1171 3264 76
Edge 1171 3564 94
Edge 1172 1229 55
Edge 1172 1608 57
Edge 1172 1629 71
Edge 1172 1686 67
Edge 1172 1749 81
Edge 1172 1855 61
Edge 1172 1889 94
Edge 1172 2190 54
Edge 1172 2312 66
Edge 1172 2372 78
Edge 1172 2393 76
Edge 1172 2556 57
Edge 1172 2792 59
Edge 1172 2806 89
Edge 1172 3188 90
Edge 1173 1206 94
Edge 1173 1269 67
Edge 1173 1617 62
Edge 1173 1822 68
Edge 1173 1884 90
Edge 1173 1958 82
Edge 1173 2251 52
Edge 1173 2465 91
Edge 1173 2576 65
Edge 1173 2776 65
Edge 1173 3094 75
Edge 1173 3336 52
Edge 1173 3356 87
Edge 1174 1419 51
Edge 1174 1596 97
Edge 1174 1942 73
Edge 1174 2141 71
Edge 1174 2378 50
Edge 1174 2382 69
Edge 1174 2435 63
Edge 1174 2468 50
Edge 1174 2898 66
Edge 1174 2957 95
Edge 1174 3171 82
Edge 1174 3332 71
Edge 1174 3445 57
Edge 1174 3624 87
Edge 1175 1435 52
Edge 1175 1441 67
Edge 1175 1450 92
Edge 1175 1573 54
Edge 1175 1841 59
Edge 1175 2181 73
Edge 1175 2305 50
Edge 1175 2555 66
Edge 1175 2847 75
Edge 1175 3187 68
Edge 1175 3547 99
Edge 1175 3566 79
Edge 1175 3571 77
Edge 1175 3575 67
Edge 1176 1256 53
Edge 1176 1387 81
Edge 1176 1584 78
Edge 1176 1642 55
Edge 1176 1811 84
Edge 1176 1862 79
Edge 1176 1982 54
Edge 1176 2236 79
Edge 1176 2295 70
Edge 1176 3010 68
Edge 1176 3044 67
Edge 1176 3111 62
Edge 1176 3450 63
Edge 1176 3477 51
Edge 1176 3645 91
Edge 1176 3656 83
Edge 1177 1445 72
Edge 1177 1647 66
Edge 1177 1768 94
Edge 1177 2056 98
Edge 1177 2121 98
Edge 1177 2620 92
Edge 1177 2889 98
Edge 1177 3321 55
Edge 1177 3588 65
Edge 1177 3631 59
Edge 1178 1342 90
Edge 1178 1402 74
Edge 1178 1441 60
Edge 1178 1461 67
Edge 1178 1732 96
Edge 1178 1829 86
Edge 1178 1856 90
Edge 1178 1883 64
Edge 1178 2151 85
Edge 1178 2189 83
Edge 1178 2321 97
Edge 1178 2515 55
Edge 1178 2550 72
Edge 1178 2826 54
Edge 1178 3255 87
Edge 1178 3600 72
Edge 1179 1381 84
Edge 1179 1392 71
Edge 1179 1735 80
Edge 1179 1838 80
Edge 1179 1954 57
Edge 1179 2348 70
Edge 1179 2385 52
Edge 1179 2772 65
Edge 1179 3067 67
Edge 1179 3557 81
Edge 1179 3597 79
Edge 1180 1370 67
Edge 1180 1907 62
Edge 1180 2040 58
Edge 1180 2267 76
Edge 1180 2348 51
Edge 1180 2683 61
Edge 1180 2837 52
Edge 1180 2918 85
Edge 1180 2945 66
Edge 1180 3006 68
Edge 1180 3129 58
Edge 1180 3257 82
Edge 1180 3274 64
Edge 1180 3282 68
Edge 1181 1294 55
Edge 1181 1668 79
Edge 1181 1724 68
Edge 1181 1789 81
Edge 1181 1797 55
Edge 1181 1989 96
Edge 1181 2022 91
Edge 1181 2112 88
Edge 1181 2198 56
Edge 1181 2667 83
Edge 1181 3359 94
Edge 1181 3607 79
Edge 1182 1404 67
Edge 1182 1419 96
Edge 1182 1527 59
Edge 1182 1549 88
Edge 1182 1762 57
Edge 1182 2138 77
Edge 1182 2334 84
Edge 1182 2427 75
Edge 1182 2705 52
Edge 1182 2749 56
Edge 1182 2854 84
Edge 1182 2977 74
Edge 1182 3187 92
Edge 1182 3247 54
Edge 1182 3434 75
Edge 1182 3621 83
Edge 1183 1514 80
Edge 1183 1770 75
Edge 1183 2146 90
Edge 1183 2259 65
Edge 1183 2581 73
Edge 1183 2657 58
Edge 1183 2923 83
Edge 1183 3463 57
Edge 1183 3504 77
Edge 1184 1425 92
Edge 1184 1541 65
Edge 1184 1749 79
Edge 1184 2201 73
Edge 1184 2314 50
Edge 1184 2552 52
Edge 1184 2625 64
Edge 1184 2674 97
Edge 1184 2684 68
Edge 1184 2812 95
Edge 1184 2823 99
Edge 1184 3156 71
Edge 1184 3246 77
Edge 1184 3603 91
Edge 1185 1212 74
Edge 1185 1395 78
Edge 1185 2172 66
Edge 1185 2215 84
Edge 1185 2329 90
Edge 1185 2371 85
Edge 1185 2373 87
Edge 1185 2578 83
Edge 1185 2862 83
Edge 1185 3091 84
Edge 1185 3156 76
Edge 1185 3490 78
Edge 1186 1221 66
Edge 1186 1253 77
Edge 1186 1474 100
Edge 1186 1526 83
Edge 1186 2034 99
Edge 1186 2064 87
Edge 1186 2110 99
Edge 1186 2549 97
Edge 1186 2768 95
Edge 1186 2914 85
Edge 1186 3195 83
Edge 1186 3307 50
Edge 1186 3508 96
Edge 1186 3665 70
Edge 1187 1288 73
Edge 1187 1474 59
Edge 1187 1480 72
Edge 1187 1591 88
Edge 1187 1710 72
Edge 1187 1826 70
Edge 1187 2083 89
Edge 1187 2084 50
Edge 1187 2171 75
Edge 1187 2368 75
Edge 1187 2735 63
Edge 1187 2748 91
Edge 1188 1352 72
Edge 1188 1621 79
Edge 1188 1690 98
Edge 1188 1788 90
Edge 1188 1922 65
Edge 1188 2044 72
Edge 1188 2204 53
Edge 1188 2502 85
Edge 1188 2935 63
Edge 1188 3137 94
Edge 1188 3184 70
Edge 1188 3404 75
Edge 1188 3421 70
Edge 1189 1323 66
Edge 1189 1413 76
Edge 1189 1698 93
Edge 1189 1798 91
Edge 1189 1875 88
Edge 1189 1918 85
Edge 1189 2161 89
Edge 1189 2247 57
Edge 1189 2304 63
Edge 1189 2306 66
Edge 1189 2379 84
Edge 1189 2405 64
Edge 1189 2441 64
Edge 1189 2476 96
Edge 1190 1994 59
Edge 1190 2135 70
Edge 1190 2207 51
Edge 1190 2657 88
Edge 1190 2782 78
Edge 1190 2928 75
Edge 1190 3252 83
Edge 1190 3551 77
Edge 1191 1230 85
Edge 1191 1254 82
Edge 1191 1469 89
Edge 1191 1824 91
Edge 1191 2218 51
Edge 1191 2473 78
Edge 1191 2512 55
Edge 1191 2698 75
Edge 1191 2889 89
Edge 1191 3301 76
Edge 1191 3459 83
Edge 1191 3668 96
Edge 1192 1218 55
Edge 1192 1375 64
Edge 1192 1435 61
Edge 1192 1561 63
Edge 1192 1738 68
Edge 1192 1761 50
Edge 1192 2478 95
Edge 1192 2678 70
Edge 1192 2704 75
Edge 1192 2802 86
Edge 1192 3120 87
Edge 1192 3200 77
Edge 1193 1266 79
Edge 1193 1430 83
Edge 1193 1445 96
Edge 1193 1780 87
Edge 1193 1856 89
Edge 1193 1996 61
Edge 1193 2378 92
Edge 1193 2513 66
Edge 1193 2608 92
Edge 1193 2671 78
Edge 1193 2731 90
Edge 1193 3118 82
Edge 1194 1217 59
Edge 1194 1266 88
Edge 1194 1295 70
Edge 1194 1321 88
Edge 1194 1402 58
Edge 1194 1507 53
Edge 1194 1651 79
Edge 1194 1767 99
Edge 1194 1895 75
Edge 1194 2652 51
Edge 1194 2655 99
Edge 1194 2940 63
Edge 1194 3388 97
Edge 1194 3414 77
Edge 1195 1477 75
Edge 1195 1752 55
Edge 1195 1790 79
Edge 1195 1833 50
Edge 1195 1905 55
Edge 1195 2069 56
Edge 1195 2146 98
Edge 1195 2347 52
Edge 1195 3103 83
Edge 1195 3242 88
Edge 1196 1259 74
Edge 1196 1496 83
Edge 1196 1610 72
Edge 1196 1742 53
Edge 1196 1871 87
Edge 1196 1948 64
Edge 1196 2017 57
Edge 1196 2075 50
Edge 1196 2133 53
Edge 1196 2304 92
Edge 1196 2305 50
Edge 1196 2509 84
Edge 1196 2536 51
Edge 1196 2766 60
Edge 1196 2922 81
Edge 1196 3241 94
Edge 1196 3532 68
Edge 1197 1406 73
Edge 1197 1454 55
Edge 1197 1499 52
Edge 1197 1540 83
Edge 1197 1566 67
Edge 1197 1606 56
Edge 1197 1860 66
Edge 1197 1971 57
Edge 1197 2189 65
Edge 1197 2329 70
Edge 1197 2336 84
Edge 1197 2825 81
Edge 1197 2882 80
Edge 1197 2896 96
Edge 1197 3072 50
Edge 1197 3144 85
Edge 1197 3470 80
Edge 1198 1627 71
Edge 1198 1635 77
Edge 1198 1767 58
Edge 1198 1870 99
Edge 1198 1886 86
Edge 1198 2118 71
Edge 1198 2245 82
Edge 1198 2250 66
Edge 1198 2603 70
Edge 1198 2728 82
Edge 1198 3039 71
Edge 1198 3145 80
Edge 1198 3235 96
Edge 1198 3317 99
Edge 1198 3601 54
Edge 1199 1212 96
Edge 1199 1311 88
Edge 1199 1485 83
Edge 1199 1544 62
Edge 1199 1546 71
Edge 1199 1583 57
Edge 1199 1820 65
Edge 1199 2001 63
Edge 1199 2279 85
Edge 1199 2782 76
Edge 1199 2838 68
Edge 1199 2889 82
Edge 1199 2977 61
Edge 1199 3373 70
Edge 1199 3446 67
Edge 1199 3496 71
Edge 1200 1372 59
Edge 1200 1509 73
Edge 1200 1523 65
Edge 1200 2058 68
Edge 1200 2398 58
Edge 1200 2499 93
Edge 1200 2635 63
Edge 1200 3020 54
Edge 1200 3227 92
Edge 1200 3412 70
Edge 1201 1247 76
Edge 1201 1278 76
Edge 1201 1507 58
Edge 1201 2019 74
Edge 1201 2116 97
Edge 1201 2129 89
Edge 1201 2267 89
Edge 1201 2350 92
Edge 1201 2501 83
Edge 1201 2559 66
Edge 1201 2620 68
Edge 1201 2779 56
Edge 1201 2870 76
Edge 1201 3419 71
Edge 1201 3625 54
Edge 1202 1203 75
Edge 1202 1279 90
Edge 1202 1284 55
Edge 1202 1516 53
Edge 1202 1877 64
Edge 1202 1896 76
Edge 1202 1956 65
Edge 1202 2019 63
Edge 1202 2035 51
Edge 1202 2491 54
Edge 1202 2582 55
Edge 1202 2650 76
Edge 1202 2754 51
Edge 1202 3037 63
Edge 1202 3453 54
Edge 1202 3482 70
Edge 1203 1278 62
Edge 1203 1441 87
Edge 1203 2050 95
Edge 1203 2690 57
Edge 1203 2691 93
Edge 1203 2980 96
Edge 1203 3037 61
Edge 1203 3066 96
Edge 1203 3067 90
Edge 1203 3488 54
Edge 1204 1439 80
Edge 1204 1553 98
Edge 1204 1772 72
Edge 1204 1822 76
Edge 1204 2093 93
Edge 1204 2183 57
Edge 1204 2475 70
Edge 1204 2736 70
Edge 1204 2796 74
Edge 1204 2829 86
Edge 1204 2989 84
Edge 1204 3158 99
Edge 1204 3192 76
Edge 1204 3286 78
Edge 1204 3357 87
Edge 1204 3392 72
Edge 1204 3526 82
Edge 1205 1480 62
Edge 1205 1496 88
Edge 1205 1840 90
Edge 1205 1880 70
Edge 1205 2062 60
Edge 1205 2294 85
Edge 1205 2625 65
Edge 1205 2807 64
Edge 1205 3090 80
Edge 1205 3411 70
Edge 1205 3449 59
Edge 1206 1465 83
Edge 1206 1510 59
Edge 1206 1536 95
Edge 1206 1696 95
Edge 1206 1971 71
Edge 1206 2020 61
Edge 1206 2151 91
Edge 1206 2247 81
Edge 1206 2429 60
Edge 1206 2519 73
Edge 1206 2984 85
Edge 1206 3306 51
Edge 1206 3394 70
Edge 1206 3472 60
Edge 1207 1287 91
Edge 1207 1388 68
Edge 1207 1604 99
Edge 1207 1701 77
Edge 1207 1826 89
Edge 1207 2130 64
Edge 1207 2646 65
Edge 1207 2653 61
Edge 1207 2805 65
Edge 1207 2917 85
Edge 1207 2937 61
Edge 1207 2939 91
Edge 1207 3417 62
Edge 1207 3442 83
Edge 1207 3666 82
Edge 1208 1359 53
Edge 1208 1369 64
Edge 1208 1417 71
Edge 1208 1718 71
Edge 1208 1902 67
Edge 1208 2051 80
Edge 1208 2889 97
Edge 1208 3045 63
Edge 1208 3279 91
Edge 1208 3493 90
Edge 1208 3496 82
Edge 1208 3519 94
Edge 1209 1309 96
Edge 1209 1314 61
Edge 1209 1421 65
Edge 1209 1450 64
Edge 1209 1515 91
Edge 1209 1684 60
Edge 1209 1836 50
Edge 1209 1849 64
Edge 1209 2084 75
Edge 1209 2181 82
Edge 1209 2196 88
Edge 1209 2730 88
Edge 1209 2746 84
Edge 1209 2826 61
Edge 1209 2828 83
Edge 1209 2919 71
Edge 1209 3304 94
Edge 1209 3317 98
Edge 1210 1425 86
Edge 1210 1483 97
Edge 1210 1601 96
Edge 1210 1690 68
Edge 1210 2603 85
Edge 1210 2720 74
Edge 1210 2722 52
Edge 1210 3075 56
Edge 1210 3166 55
Edge 1210 3221 81
Edge 1210 3370 65
Edge 1210 3375 81
Edge 1211 1278 80
Edge 1211 1388 55
Edge 1211 1727 72
Edge 1211 1735 71
Edge 1211 2388 83
Edge 1211 2583 98
Edge 1211 2824 79
Edge 1211 2922 59
Edge 1211 3199 52
Edge 1211 3373 89
Edge 1211 3502 53
Edge 1211 3529 99
Edge 1211 3563 51
Edge 1212 1387 75
Edge 1212 1625 79
Edge 1212 1829 77
Edge 1212 1849 86
Edge 1212 1919 97
Edge 1212 2057 89
Edge 1212 2626 73
Edge 1212 2704 91
Edge 1212 3183 83
Edge 1212 3193 92
Edge 1213 1311 55
Edge 1213 1404 86
Edge 1213 1406 92
Edge 1213 1612 53
Edge 1213 1767 94
Edge 1213 1821 60
Edge 1213 1921 77
Edge 1213 2014 69
Edge 1213 2073 90
Edge 1213 2200 72
Edge 1213 2457 61
Edge 1213 2904 61
Edge 1213 3268 55
Edge 1213 3280 80
Edge 1214 2008 60
Edge 1214 2032 63
Edge 1214 2079 83
Edge 1214 2101 98
Edge 1214 2219 57
Edge 1214 2456 61
Edge 1214 2461 92
Edge 1214 2693 65
Edge 1214 2732 80
Edge 1214 3040 92
Edge 1214 3163 77
Edge 1214 3213 57
Edge 1215 1397 93
Edge 1215 1499 99
Edge 1215 1826 90
Edge 1215 1886 70
Edge 1215 1929 70
Edge 1215 2252 97
Edge 1215 2270 69
Edge 1215 2291 78
Edge 1215 2728 53
Edge 1215 3171 67
Edge 1215 3292 95
Edge 1215 3414 82
Edge 1216 1290 63
Edge 1216 1483 66
Edge 1216 1778 65
Edge 1216 1855 79
Edge 1216 1886 98
Edge 1216 1971 61
Edge 1216 2054 60
Edge 1216 2091 81
Edge 1216 2266 84
Edge 1216 2859 69
Edge 1216 2986 79
Edge 1216 3018 93
Edge 1216 3314 50
Edge 1216 3430 87
Edge 1216 3516 58
Edge 1216 3641 87
Edge 1217 1277 50
Edge 1217 1370 80
Edge 1217 1412 75
Edge 1217 1447 73
Edge 1217 1734 70
Edge 1217 1887 96
Edge 1217 2048 81
Edge 1217 2190 91
Edge 1217 2271 78
Edge 1217 2750 72
Edge 1217 3037 75
Edge 1217 3282 67
Edge 1217 3645 63
Edge 1218 1259 79
Edge 1218 1577 53
Edge 1218 1631 54
Edge 1218 1635 88
Edge 1218 2138 56
Edge 1218 2315 71
Edge 1218 2386 98
Edge 1218 2969 73
Edge 1218 3476 94
Edge 1219 1389 59
Edge 1219 1937 89
Edge 1219 2095 69
Edge 1219 2128 60
Edge 1219 2135 52
Edge 1219 2392 99
Edge 1219 2491 75
Edge 1219 2619 73
Edge 1219 2653 74
Edge 1219 3281 80
Edge 1219 3437 86
Edge 1219 3533 93
Edge 1220 1367 92
Edge 1220 1491 53
Edge 1220 1575 78
Edge 1220 1608 65
Edge 1220 2359 72
Edge 1220 2830 81
Edge 1221 1430 56
Edge 1221 1501 79
Edge 1221 1924 66
Edge 1221 2414 77
Edge 1221 2967 96
Edge 1221 3171 80
Edge 1221 3173 50
Edge 1221 3426 64
Edge 1221 3431 63
Edge 1221 3650 58
Edge 1222 1352 94
Edge 1222 1473 87
Edge 1222 1500 92
Edge 1222 1563 54
Edge 1222 1591 66
Edge 1222 1635 52
Edge 1222 1835 89
Edge 1222 1968 78
Edge 1222 2012 89
Edge 1222 2033 62
Edge 1222 2106 89
Edge 1222 2209 65
Edge 1222 2213 65
Edge 1222 2371 81
Edge 1222 2524 88
Edge 1222 3650 74
Edge 1223 1360 55
Edge 1223 1363 86
Edge 1223 1609 71
Edge 1223 1666 88
Edge 1223 1711 89
Edge 1223 1785 66
Edge 1223 1921 71
Edge 1223 2059 90
Edge 1223 2288 62
Edge 1223 2680 69
Edge 1223 3144 63
Edge 1223 3162 61
Edge 1224 1237 85
Edge 1224 1267 63
Edge 1224 1502 64
Edge 1224 1544 73
Edge 1224 1547 55
Edge 1224 1743 57
Edge 1224 1868 53
Edge 1224 1982 58
Edge 1224 2020 94
Edge 1224 2325 61
Edge 1224 2395 67
Edge 1224 2502 73
Edge 1224 2509 77
Edge 1224 2944 95
Edge 1224 3545 90
Edge 1225 1441 72
Edge 1225 1470 61
Edge 1225 1614 92
Edge 1225 1793 62
Edge 1225 1838 63
Edge 1225 1842 57
Edge 1225 1919 99
Edge 1225 1985 70
Edge 1225 2050 74
Edge 1225 2398 70
Edge 1225 2486 94
Edge 1225 2606 69
Edge 1225 2753 97
Edge 1225 2865 54
Edge 1225 2979 66
Edge 1225 3480 50
Edge 1226 1260 60
Edge 1226 1321 94
Edge 1226 1390 98
Edge 1226 1423 81
Edge 1226 1437 83
Edge 1226 1463 89
Edge 1226 1925 97
Edge 1226 1995 92
Edge 1226 2343 81
Edge 1226 2417 72
Edge 1226 2715 98
Edge 1226 2719 94
Edge 1226 2984 98
Edge 1226 3246 98
Edge 1226 3508 73
Edge 1227 1374 54
Edge 1227 1619 96
Edge 1227 1693 75
Edge 1227 1973 89
Edge 1227 1976 93
Edge 1227 2237 65
Edge 1227 2518 57
Edge 1227 2604 57
Edge 1227 2795 90
Edge 1227 2803 96
Edge 1227 3549 55
Edge 1228 1457 85
Edge 1228 1658 99
Edge 1228 1779 60
Edge 1228 1871 54
Edge 1228 1897 50
Edge 1228 1987 92
Edge 1228 2044 88
Edge 1228 2209 58
Edge 1228 2424 88
Edge 1228 2608 60
Edge 1228 2637 90
Edge 1228 3140 53
Edge 1228 3238 97
Edge 1228 3261 81
Edge 1228 3386 70
Edge 1228 3555 64
Edge 1229 1438 91
Edge 1229 1538 80
Edge 1229 1576 64
Edge 1229 1580 85
Edge 1229 1589 83
Edge 1229 1682 61
Edge 1229 1925 76
Edge 1229 2422 66
Edge 1229 2551 94
Edge 1229 2665 81
Edge 1229 2716 54
Edge 1229 2913 97
Edge 1229 3281 52
Edge 1230 1234 77
Edge 1230 1539 89
Edge 1230 1587 80
Edge 1230 1807 99
Edge 1230 2040 81
Edge 1230 2046 88
Edge 1230 2055 65
Edge 1230 2071 97
Edge 1230 2167 53
Edge 1230 2509 55
Edge 1230 2516 90
Edge 1230 2776 54
Edge 1230 2849 99
Edge 1230 3048 78
Edge 1230 3125 84
Edge 1230 3640 54
Edge 1231 1468 65
Edge 1231 1556 61
Edge 1231 1576 67
Edge 1231 1856 95
Edge 1231 1867 93
Edge 1231 1948 81
Edge 1231 2127 80
Edge 1231 2313 75
Edge 1231 2626 84
Edge 1231 3005 51
Edge 1231 3514 97
Edge 1231 3632 59
Edge 1232 1335 97
Edge 1232 1487 93
Edge 1232 1515 54
Edge 1232 1702 58
Edge 1232 1961 89
Edge 1232 2010 78
Edge 1232 2224 79
Edge 1232 2317 76
Edge 1232 2490 51
Edge 1232 2519 60
Edge 1232 2532 52
Edge 1232 2754 96
Edge 1232 2945 56
Edge 1232 3026 97
Edge 1233 1437 81
Edge 1233 1455 74
Edge 1233 1822 67
Edge 1233 2013 71
Edge 1233 2102 73
Edge 1233 2200 70
Edge 1233 2203 64
Edge 1233 2233 66
Edge 1233 2355 78
Edge 1233 3060 76
Edge 1233 3486 64
Edge 1234 1578 73
Edge 1234 1694 75
Edge 1234 1720 73
Edge 1234 1835 91
Edge 1234 1873 89
Edge 1234 2013 62
Edge 1234 2040 82
Edge 1234 2068 51
Edge 1234 2200 72
Edge 1234 2237 88
Edge 1234 2370 61
Edge 1234 3111 69
Edge 1234 3213 69
Edge 1234 3406 59
Edge 1235 1248 68
Edge 1235 1363 64
Edge 1235 1431 67
Edge 1235 1584 58
Edge 1235 1678 63
Edge 1235 1704 93
Edge 1235 1754 73
Edge 1235 2104 67
Edge 1235 2305 51
Edge 1235 2774 97
Edge 1235 2881 96
Edge 1235 2918 88
Edge 1235 2997 83
Edge 1235 3174 82
Edge 1235 3438 64
Edge 1236 1609 77
Edge 1236 1924 63
Edge 1236 2062 93
Edge 1236 2272 77
Edge 1236 2407 60
Edge 1236 2487 90
Edge 1236 2752 100
Edge 1236 2928 58
Edge 1236 2939 85
Edge 1236 3194 56
Edge 1236 3223 87
Edge 1236 3447 93
Edge 1236 3568 60
Edge 1237 1794 50
Edge 1237 1942 87
Edge 1237 2078 54
Edge 1237 2085 56
Edge 1237 2322 58
Edge 1237 2668 54
Edge 1237 2911 53
Edge 1237 2963 94
Edge 1237 3410 97
Edge 1238 1248 59
Edge 1238 1355 87
Edge 1238 1571 81
Edge 1238 1632 64
Edge 1238 2011 72
Edge 1238 2720 56
Edge 1238 2820 97
Edge 1238 2915 54
Edge 1238 2973 61
Edge 1238 3004 91
Edge 1238 3240 51
Edge 1238 3408 53
Edge 1238 3557 98
Edge 1238 3576 86
Edge 1239 1353 68
Edge 1239 1469 54
Edge 1239 1479 74
Edge 1239 1562 62
Edge 1239 1599 57
Edge 1239 1940 70
Edge 1239 1956 92
Edge 1239 1960 84
Edge 1239 2046 67
Edge 1239 2306 95
Edge 1239 2430 65
Edge 1239 2490 75
Edge 1239 2919 71
Edge 1239 2960 62
Edge 1239 3315 59
Edge 1240 1404 87
Edge 1240 1439 85
Edge 1240 2320 81
Edge 1240 2408 60
Edge 1240 2725 57
Edge 1240 2827 75
Edge 1240 2856 82
Edge 1240 2888 93
Edge 1240 2958 79
Edge 1240 3103 85
Edge 1240 3414 51
Edge 1240 3526 72
Edge 1241 1281 89
Edge 1241 1350 60
Edge 1241 1381 90
Edge 1241 1482 85
Edge 1241 1563 69
Edge 1241 2224 91
Edge 1241 2244 66
Edge 1241 2589 91
Edge 1241 2634 61
Edge 1241 2663 77
Edge 1241 3243 75
Edge 1241 3282 61
Edge 1241 3448 66
Edge 1241 3502 68
Edge 1242 1313 59
Edge 1242 1851 80
Edge 1242 1936 89
Edge 1242 2271 99
Edge 1242 2340 79
Edge 1242 2446 98
Edge 1242 2447 73
Edge 1242 2902 67
Edge 1242 3102 52
Edge 1242 3473 91
Edge 1242 3474 50
Edge 1243 1266 86
Edge 1243 1381 75
Edge 1243 1871 54
Edge 1243 1950 64
Edge 1243 2196 96
Edge 1243 2350 81
Edge 1243 2355 89
Edge 1243 2399 57
Edge 1243 2563 51
Edge 1243 2817 67
Edge 1243 3295 52
Edge 1244 1389 68
Edge 1244 1688 65
Edge 1244 1780 63
Edge 1244 1883 62
Edge 1244 1889 83
Edge 1244 2843 78
Edge 1244 3215 72
Edge 1244 3542 75
Edge 1244 3659 98
Edge 1245 1470 60
Edge 1245 1635 70
Edge 1245 1681 95
Edge 1245 1721 54
Edge 1245 1882 56
Edge 1245 2648 58
Edge 1245 2888 57
Edge 1245 2906 84
Edge 1245 3378 77
Edge 1245 3452 88
Edge 1246 1253 96
Edge 1246 1503 73
Edge 1246 1604 76
Edge 1246 1689 97
Edge 1246 1699 94
Edge 1246 1712 94
Edge 1246 1860 78
Edge 1246 2050 57
Edge 1246 2095 81
Edge 1246 2221 82
Edge 1246 2371 73
Edge 1246 2488 76
Edge 1246 2604 79
Edge 1246 2749 74
Edge 1246 2978 59
Edge 1246 3350 64
Edge 1246 3354 84
Edge 1246 3659 54
Edge 1247 1281 63
Edge 1247 1471 89
Edge 1247 1543 69
Edge 1247 1685 85
Edge 1247 2084 72
Edge 1247 2177 95
Edge 1247 2385 56
Edge 1247 2672 74
Edge 1247 2778 51
Edge 1247 3136 50
Edge 1247 3229 97
Edge 1247 3349 55
Edge 1247 3389 67
Edge 1247 3504 83
Edge 1248 1279 55
Edge 1248 1284 94
Edge 1248 1317 81
Edge 1248 1449 65
Edge 1248 1581 70
Edge 1248 1731 89
Edge 1248 1883 92
Edge 1248 2252 72
Edge 1248 2428 81
Edge 1248 2612 59
Edge 1248 2621 64
Edge 1248 2667 62
Edge 1248 3500 91
Edge 1248 3664 78
Edge 1249 1300 77
Edge 1249 1532 82
Edge 1249 1660 82
Edge 1249 1837 66
Edge 1249 1945 90
Edge 1249 2014 79
Edge 1249 2120 64
Edge 1249 2245 67
Edge 1249 2468 74
Edge 1249 2540 89
Edge 1249 2621 82
Edge 1249 2949 51
Edge 1249 3355 94
Edge 1249 3527 92
Edge 1250 1298 90
Edge 1250 1409 83
Edge 1250 1426 97
Edge 1250 1490 71
Edge 1250 1570 67
Edge 1250 2199 82
Edge 1250 3009 82
Edge 1250 3013 80
Edge 1250 3404 71
Edge 1250 3428 92
Edge 1250 3440 87
Edge 1250 3510 67
Edge 1251 1292 73
Edge 1251 1406 89
Edge 1251 1510 86
Edge 1251 1800 74
Edge 1251 1997 91
Edge 1251 2029 87
Edge 1251 2202 87
Edge 1251 2348 68
Edge 1251 2456 99
Edge 1251 3385 90
Edge 1251 3541 69
Edge 1251 3637 59
Edge 1252 1306 60
Edge 1252 1320 90
Edge 1252 1426 83
Edge 1252 1761 69
Edge 1252 1953 65
Edge 1252 2257 86
Edge 1252 2305 78
Edge 1252 2363 82
Edge 1252 2503 64
Edge 1252 2869 89
Edge 1252 2976 74
Edge 1252 3232 73
Edge 1252 3338 50
Edge 1253 1298 97
Edge 1253 1522 75
Edge 1253 1721 97
Edge 1253 1737 59
Edge 1253 1929 69
Edge 1253 1930 63
Edge 1253 1968 96
Edge 1253 2263 70
Edge 1253 2508 64
Edge 1253 2725 82
Edge 1253 2826 90
Edge 1253 3570 61
Edge 1253 3629 75
Edge 1254 1263 92
Edge 1254 1322 86
Edge 1254 1384 50
Edge 1254 1557 91
Edge 1254 1885 53
Edge 1254 1891 81
Edge 1254 1965 84
Edge 1254 2278 84
Edge 1254 2283 87
Edge 1254 2776 98
Edge 1254 2802 99
Edge 1254 3090 91
Edge 1254 3442 73
Edge 1255 1320 67
Edge 1255 1560 58
Edge 1255 1753 51
Edge 1255 2286 78
Edge 1255 2293 86
Edge 1255 2519 75
Edge 1255 2653 68
Edge 1255 2764 97
Edge 1255 3028 86
Edge 1255 3240 57
Edge 1255 3470 77
Edge 1255 3489 77
Edge 1256 1424 86
Edge 1256 1523 96
Edge 1256 2143 80
Edge 1256 2160 64
Edge 1256 2336 56
Edge 1256 2432 73
Edge 1256 2588 83
Edge 1256 2673 83
Edge 1256 2686 78
Edge 1256 2709 91
Edge 1256 2850 78
Edge 1256 2990 73
Edge 1256 3002 51
Edge 1256 3314 95
Edge 1256 3381 53
Edge 1256 3424 93
Edge 1257 1664 90
Edge 1257 2065 73
Edge 1257 2153 65
Edge 1257 2232 91
Edge 1257 2485 83
Edge 1257 2639 89
Edge 1257 2653 81
Edge 1257 2706 97
Edge 1257 2865 71
Edge 1257 2968 50
Edge 1257 3191 56
Edge 1257 3443 93
Edge 1258 1282 63
Edge 1258 1305 92
Edge 1258 1786 79
Edge 1258 1895 63
Edge 1258 2115 54
Edge 1258 2439 78
Edge 1258 2549 76
Edge 1258 2711 59
Edge 1258 2967 61
Edge 1258 3016 72
Edge 1258 3638 99
Edge 1258 3661 58
Edge 1259 1836 67
Edge 1259 1935 91
Edge 1259 2037 68
Edge 1259 2113 95
Edge 1259 2198 97
Edge 1259 2562 50
Edge 1259 2602 67
Edge 1259 2866 56
Edge 1259 3245 78
Edge 1259 3252 89
Edge 1259 3379 88
Edge 1259 3411 54
Edge 1259 3600 66
Edge 1260 1402 55
Edge 1260 1467 88
Edge 1260 1796 64
Edge 1260 1828 67
Edge 1260 1906 83
Edge 1260 1914 91
Edge 1260 2088 73
Edge 1260 2336 97
Edge 1260 2985 71
Edge 1260 3136 87
Edge 1260 3309 59
Edge 1260 3317 74
Edge 1260 3428 79
Edge 1261 1300 96
Edge 1261 1416 92
Edge 1261 1480 93
Edge 1261 1574 86
Edge 1261 1667 81
Edge 1261 1875 53
Edge 1261 1967 59
Edge 1261 1968 52
Edge 1261 2277 93
Edge 1261 2360 59
Edge 1261 2873 65
Edge 1261 2971 69
Edge 1261 3257 63
Edge 1261 3258 89
Edge 1261 3538 93
Edge 1262 1295 55
Edge 1262 1303 84
Edge 1262 1373 74
Edge 1262 1736 60
Edge 1262 1775 55
Edge 1262 1949 76
Edge 1262 2080 94
Edge 1262 2120 93
Edge 1262 2177 60
Edge 1262 2287 55
Edge 1262 2294 54
Edge 1262 2725 91
Edge 1262 2876 70
Edge 1263 1270 52
Edge 1263 1666 96
Edge 1263 1675 97
Edge 1263 1813 91
Edge 1263 2190 97
Edge 1263 2623 75
Edge 1263 2650 96
Edge 1263 2796 75
Edge 1263 2853 54
Edge 1263 2880 78
Edge 1263 2897 72
Edge 1263 2951 68
Edge 1263 3631 79
Edge 1263 3639 79
Edge 1264 1309 74
Edge 1264 1441 51
Edge 1264 1758 69
Edge 1264 1919 63
Edge 1264 2190 78
Edge 1264 2366 83
Edge 1264 2533 90
Edge 1264 2796 55
Edge 1264 2807 67
Edge 1264 3037 51
Edge 1264 3049 73
Edge 1264 3171 67
Edge 1264 3204 99
Edge 1264 3394 70
Edge 1265 1412 91
Edge 1265 1515 86
Edge 1265 1634 66
Edge 1265 1674 85
Edge 1265 1843 54
Edge 1265 1879 98
Edge 1265 2359 99
Edge 1265 2370 62
Edge 1265 2417 50
Edge 1265 2529 64
Edge 1265 2658 87
Edge 1266 1461 61
Edge 1266 1559 72
Edge 1266 1808 66
Edge 1266 1903 73
Edge 1266 2017 73
Edge 1266 2196 53
Edge 1266 2311 82
Edge 1266 2337 73
Edge 1266 2637 93
Edge 1266 2872 94
Edge 1266 2945 91
Edge 1267 1437 71
Edge 1267 1524 89
Edge 1267 1813 50
Edge 1267 1814 93
Edge 1267 1966 56
Edge 1267 2022 95
Edge 1267 2147 68
Edge 1267 2226 64
Edge 1267 2507 78
Edge 1267 2514 58
Edge 1267 2723 81
Edge 1267 2822 68
Edge 1267 3230 82
Edge 1267 3286 68
Edge 1268 1357 66
Edge 1268 1446 77
Edge 1268 1630 50
Edge 1268 1724 53
Edge 1268 1942 73
Edge 1268 2028 66
Edge 1268 2266 59
Edge 1268 2597 56
Edge 1268 2699 91
Edge 1268 2708 91
Edge 1268 2761 73
Edge 1268 2990 71
Edge 1268 3103 56
Edge 1268 3238 72
Edge 1268 3543 84
Edge 1269 1328 84
Edge 1269 1548 83
Edge 1269 1578 90
Edge 1269 1714 94
Edge 1269 1900 50
Edge 1269 2055 56
Edge 1269 2193 67
Edge 1269 2359 96
Edge 1269 2477 91
Edge 1269 2605 75
Edge 1269 3115 63
Edge 1269 3306 71
Edge 1269 3484 71
Edge 1269 3597 68
Edge 1270 1434 91
Edge 1270 1530 59
Edge 1270 1623 71
Edge 1270 1733 75
Edge 1270 1787 69
Edge 1270 1818 85
Edge 1270 1974 91
Edge 1270 2084 68
Edge 1270 2357 73
Edge 1270 2390 64
Edge 1270 2839 69
Edge 1270 2980 82
Edge 1270 3388 65
Edge 1270 3437 71
Edge 1271 1342 89
Edge 1271 1677 51
Edge 1271 1807 52
Edge 1271 1836 94
Edge 1271 2189 57
Edge 1271 2340 53
Edge 1271 2603 90
Edge 1271 2688 51
Edge 1271 2838 93
Edge 1271 3313 99
Edge 1271 3487 89
Edge 1272 1500 86
Edge 1272 1526 60
Edge 1272 1541 60
Edge 1272 1714 90
Edge 1272 1741 58
Edge 1272 1886 66
Edge 1272 1920 73
Edge 1272 1924 69
Edge 1272 2439 60
Edge 1272 2577 91
Edge 1272 2580 68
Edge 1272 2784 64
Edge 1272 2835 76
Edge 1272 2875 85
Edge 1272 3002 71
Edge 1273 1437 82
Edge 1273 1691 67
Edge 1273 1719 91
Edge 1273 1954 68
Edge 1273 1979 99
Edge 1273 2265 98
Edge 1273 2397 78
Edge 1273 2514 59
Edge 1273 2574 77
Edge 1273 3124 50
Edge 1274 1390 83
Edge 1274 1628 76
Edge 1274 1675 98
Edge 1274 1737 76
Edge 1274 2051 91
Edge 1274 2137 81
Edge 1274 2475 94
Edge 1274 2735 61
Edge 1274 2849 80
Edge 1274 2930 87
Edge 1274 2986 87
Edge 1274 3305 68
Edge 1275 1287 54
Edge 1275 2013 82
Edge 1275 2101 98
Edge 1275 2128 73
Edge 1275 2188 50
Edge 1275 2212 75
Edge 1275 2269 82
Edge 1275 2299 97
Edge 1275 2393 50
Edge 1275 2471 96
Edge 1275 2541 50
Edge 1275 2815 87
Edge 1275 2820 78
Edge 1275 2950 51
Edge 1275 2957 98
Edge 1275 2999 57
Edge 1275 3630 78
Edge 1276 1461 67
Edge 1276 1556 71
Edge 1276 1650 98
Edge 1276 1706 57
Edge 1276 1894 92
Edge 1276 2085 57
Edge 1276 2474 69
Edge 1276 2677 63
Edge 1276 2785 67
Edge 1276 2885 94
Edge 1276 3311 83
Edge 1276 3470 94
Edge 1276 3529 94
Edge 1277 1338 95
Edge 1277 1344 74
Edge 1277 1382 70
Edge 1277 1396 95
Edge 1277 1511 85
Edge 1277 1863 71
Edge 1277 1902 60
Edge 1277 1927 93
Edge 1277 1997 85
Edge 1277 2371 64
Edge 1277 2958 86
Edge 1277 3072 60
Edge 1277 3212 86
Edge 1277 3515 85
Edge 1278 1288 84
Edge 1278 1503 92
Edge 1278 1523 98
Edge 1278 1635 79
Edge 1278 1684 82
Edge 1278 2248 80
Edge 1278 2957 91
Edge 1278 3086 54
Edge 1278 3107 76
Edge 1278 3509 96
Edge 1279 1467 50
Edge 1279 1487 59
Edge 1279 1672 55
Edge 1279 1724 89
Edge 1279 1909 98
Edge 1279 1916 69
Edge 1279 3220 61
Edge 1279 3341 79
Edge 1279 3350 94
Edge 1279 3368 91
Edge 1279 3454 88
Edge 1279 3556 87
Edge 1280 1463 54
Edge 1280 2003 86
Edge 1280 2071 71
Edge 1280 2333 91
Edge 1280 2495 88
Edge 1280 2536 91
Edge 1280 2726 73
Edge 1280 2856 53
Edge 1280 2883 63
Edge 1280 2944 71
Edge 1280 3177 97
Edge 1280 3379 82
Edge 1280 3399 74
Edge 1280 3594 54
Edge 1281 1308 87
Edge 1281 1367 68
Edge 1281 2034 99
Edge 1281 2056 57
Edge 1281 2083 87
Edge 1281 2090 54
Edge 1281 2328 98
Edge 1281 2867 88
Edge 1281 2930 95
Edge 1281 3003 52
Edge 1281 3461 51
Edge 1281 3648 98
Edge 1282 1323 91
Edge 1282 1408 75
Edge 1282 1617 74
Edge 1282 1684 86
Edge 1282 2057 81
Edge 1282 2329 78
Edge 1282 2489 92
Edge 1282 2542 60
Edge 1282 2786 85
Edge 1282 2801 75
Edge 1282 3259 79
Edge 1282 3524 68
Edge 1282 3557 87
Edge 1283 1395 67
Edge 1283 1667 89
Edge 1283 1848 57
Edge 1283 2154 61
Edge 1283 2281 58
Edge 1283 2886 87
Edge 1283 2963 98
Edge 1283 3202 53
Edge 1283 3209 65
Edge 1283 3531 94
Edge 1284 1564 61
Edge 1284 1591 66
Edge 1284 1626 69
Edge 1284 2013 74
Edge 1284 2030 61
Edge 1284 2153 63
Edge 1284 2470 62
Edge 1284 2672 79
Edge 1284 2694 64
Edge 1284 2846 82
Edge 1284 3199 55
Edge 1284 3626 91
Edge 1285 1292 98
Edge 1285 1301 87
Edge 1285 1348 84
Edge 1285 1453 85
Edge 1285 1601 70
Edge 1285 1664 62
Edge 1285 2021 62
Edge 1285 2117 65
Edge 1285 2272 61
Edge 1285 2356 54
Edge 1285 2645 75
Edge 1285 3146 94
Edge 1286 1315 99
Edge 1286 1379 57
Edge 1286 1413 99
Edge 1286 1532 51
Edge 1286 1690 86
Edge 1286 1722 99
Edge 1286 2375 63
Edge 1286 2493 69
Edge 1286 2516 58
Edge 1286 2666 81
Edge 1286 2670 76
Edge 1286 3123 75
Edge 1286 3270 82
Edge 1286 3350 66
Edge 1287 1383 80
Edge 1287 1657 72
Edge 1287 2129 96
Edge 1287 2340 98
Edge 1287 2422 92
Edge 1287 2567 82
Edge 1287 2717 83
Edge 1287 2795 84
Edge 1288 1329 98
Edge 1288 1435 90
Edge 1288 1443 88
Edge 1288 1497 98
Edge 1288 1527 85
Edge 1288 1547 64
Edge 1288 1563 83
Edge 1288 1688 77
Edge 1288 1908 82
Edge 1288 2436 84
Edge 1288 2486 52
Edge 1288 2969 54
Edge 1288 3115 85
Edge 1288 3557 93
Edge 1289 1525 58
Edge 1289 1733 56
Edge 1289 1882 70
Edge 1289 2076 87
Edge 1289 2133 60
Edge 1289 2364 64
Edge 1289 2756 98
Edge 1289 2938 53
Edge 1289 2963 72
Edge 1289 3327 53
Edge 1289 3389 93
Edge 1290 1639 88
Edge 1290 1697 50
Edge 1290 1812 70
Edge 1290 2000 88
Edge 1290 2143 62
Edge 1290 2163 57
Edge 1290 2671 61
Edge 1290 2717 81
Edge 1290 2948 89
Edge 1290 3272 97
Edge 1291 1334 70
Edge 1291 1501 97
Edge 1291 1869 70
Edge 1291 2127 52
Edge 1291 2172 54
Edge 1291 2200 97
Edge 1291 2673 68
Edge 1291 2734 89
Edge 1291 2842 63
Edge 1291 2974 95
Edge 1291 3012 63
Edge 1291 3480 77
Edge 1291 3659 67
Edge 1292 1616 65
Edge 1292 1761 64
Edge 1292 1926 74
Edge 1292 2027 76
Edge 1292 2223 88
Edge 1292 2280 96
Edge 1292 2456 91
Edge 1292 2497 76
Edge 1292 2677 91
Edge 1292 2685 54
Edge 1292 3127 55
Edge 1292 3144 54
Edge 1292 3181 93
Edge 1292 3206 63
Edge 1292 3385 60
Edge 1292 3500 88
Edge 1293 1714 90
Edge 1293 1901 81
Edge 1293 2153 68
Edge 1293 2243 59
Edge 1293 2261 56
Edge 1293 2265 84
Edge 1293 2322 71
Edge 1293 2571 50
Edge 1293 2587 76
Edge 1293 2595 62
Edge 1293 2636 88
Edge 1293 3144 83
Edge 1293 3255 91
Edge 1293 3257 70
Edge 1293 3261 96
Edge 1294 1362 59
Edge 1294 1431 89
Edge 1294 1515 54
Edge 1294 1558 81
Edge 1294 2051 74
Edge 1294 2387 92
Edge 1294 2639 77
Edge 1294 2854 82
Edge 1294 3049 95
Edge 1294 3133 94
Edge 1294 3408 97
Edge 1294 3412 88
Edge 1294 3483 89
Edge 1295 1349 81
Edge 1295 1533 71
Edge 1295 1806 84
Edge 1295 2067 60
Edge 1295 2160 76
Edge 1295 2207 78
Edge 1295 2244 79
Edge 1295 2324 87
Edge 1295 2520 77
Edge 1295 2868 82
Edge 1295 2883 86
Edge 1295 3078 71
Edge 1295 3101 94
Edge 1295 3219 57
Edge 1296 1394 86
Edge 1296 1483 56
Edge 1296 1500 59
Edge 1296 1595 52
Edge 1296 2002 81
Edge 1296 2110 74
Edge 1296 2220 99
Edge 1296 2542 85
Edge 1296 2582 90
Edge 1296 2784 54
Edge 1296 3055 84
Edge 1296 3108 62
Edge 1296 3511 94
Edge 1297 1398 55
Edge 1297 1426 61
Edge 1297 1626 72
Edge 1297 1648 65
Edge 1297 1999 75
Edge 1297 2031 50
Edge 1297 2166 92
Edge 1297 2183 52
Edge 1297 2216 90
Edge 1297 2329 80
Edge 1297 3652 61
Edge 1298 1301 61
Edge 1298 1435 53
Edge 1298 1704 92
Edge 1298 2077 66
Edge 1298 2115 73
Edge 1298 2128 88
Edge 1298 2244 91
Edge 1298 2506 52
Edge 1298 2726 74
Edge 1298 2905 77
Edge 1298 3018 61
Edge 1298 3189 65
Edge 1298 3239 93
Edge 1298 3375 83
Edge 1298 3663 76
Edge 1299 1519 78
Edge 1299 1778 74
Edge 1299 1781 97
Edge 1299 2110 72
Edge 1299 2267 57
Edge 1299 2277 70
Edge 1299 2432 80
Edge 1299 2656 91
Edge 1299 2810 72
Edge 1299 2992 50
Edge 1299 3602 81
Edge 1300 1952 80
Edge 1300 2054 57
Edge 1300 2184 52
Edge 1300 2203 85
Edge 1300 2216 55
Edge 1300 2741 75
Edge 1300 2940 67
Edge 1300 3033 67
Edge 1300 3035 50
Edge 1300 3214 59
Edge 1300 3510 59
Edge 1301 1380 62
Edge 1301 1552 70
Edge 1301 1592 52
Edge 1301 1791 98
Edge 1301 2083 67
Edge 1301 2087 87
Edge 1301 2320 97
Edge 1301 2406 50
Edge 1301 2604 83
Edge 1301 2742 54
Edge 1301 2858 58
Edge 1301 2883 69
Edge 1301 3427 75
Edge 1301 3447 56
Edge 1301 3534 98
Edge 1302 1392 91
Edge 1302 2133 85
Edge 1302 2299 79
Edge 1302 2303 86
Edge 1302 2532 76
Edge 1302 2552 59
Edge 1302 2592 62
Edge 1302 2676 98
Edge 1302 2754 82
Edge 1302 2840 95
Edge 1302 3003 89
Edge 1302 3166 65
Edge 1303 1331 62
Edge 1303 1510 59
Edge 1303 1718 86
Edge 1303 1837 97
Edge 1303 1904 75
Edge 1303 2084 83
Edge 1303 2250 78
Edge 1303 2938 66
Edge 1303 3212 55
Edge 1303 3364 77
Edge 1303 3638 77
Edge 1304 1331 54
Edge 1304 1528 85
Edge 1304 1810 82
Edge 1304 1811 69
Edge 1304 1896 55
Edge 1304 2021 82
Edge 1304 2419 87
Edge 1304 2456 56
Edge 1304 3049 59
Edge 1304 3092 96
Edge 1304 3151 82
Edge 1304 3158 55
Edge 1304 3382 70
Edge 1305 1573 67
Edge 1305 1611 50
Edge 1305 1915 83
Edge 1305 2131 95
Edge 1305 2299 62
Edge 1305 2338 53
Edge 1305 2389 72
Edge 1305 2487 92
Edge 1305 2612 75
Edge 1305 3471 71
Edge 1306 1526 73
Edge 1306 1754 54
Edge 1306 1963 68
Edge 1306 2330 76
Edge 1306 2418 80
Edge 1306 2471 74
Edge 1306 2615 97
Edge 1306 3632 71
Edge 1307 1632 82
Edge 1307 1864 50
Edge 1307 1883 72
Edge 1307 2130 65
Edge 1307 2198 86
Edge 1307 2952 57
Edge 1307 2973 54
Edge 1307 3041 92
Edge 1307 3175 90
Edge 1307 3196 53
Edge 1307 3317 71
Edge 1307 3335 79
Edge 1307 3639 98
Edge 1308 1328 61
Edge 1308 1690 92
Edge 1308 1775 56
Edge 1308 1845 60
Edge 1308 1917 87
Edge 1308 2164 62
Edge 1308 2174 93
Edge 1308 2331 50
Edge 1308 2360 57
Edge 1308 2433 76
Edge 1308 2474 60
Edge 1308 2515 86
Edge 1308 2740 82
Edge 1308 2903 58
Edge 1309 1341 51
Edge 1309 1352 54
Edge 1309 1424 92
Edge 1309 1530 76
Edge 1309 1634 94
Edge 1309 1720 57
Edge 1309 1809 85
Edge 1309 2415 87
Edge 1309 2682 51
Edge 1309 2792 67
Edge 1309 3070 96
Edge 1309 3159 54
Edge 1309 3272 86
Edge 1309 3442 98
Edge 1309 3463 68
Edge 1310 1565 98
Edge 1310 1745 86
Edge 1310 2122 74
Edge 1310 2364 58
Edge 1310 2677 83
Edge 1310 2727 70
Edge 1310 2786 71
Edge 1310 2912 90
Edge 1310 2961 81
Edge 1310 2985 54
Edge 1310 3030 66
Edge 1310 3245 93
Edge 1310 3467 69
Edge 1311 1330 52
Edge 1311 1379 69
Edge 1311 2042 76
Edge 1311 2141 53
Edge 1311 2394 70
Edge 1311 2737 79
Edge 1311 2778 71
Edge 1311 2852 82
Edge 1311 2896 57
Edge 1311 3227 58
Edge 1311 3510 83
Edge 1311 3636 95
Edge 1312 1315 94
Edge 1312 1382 81
Edge 1312 1408 50
Edge 1312 1491 67
Edge 1312 1583 80
Edge 1312 1831 72
Edge 1312 1834 80
Edge 1312 1864 76
Edge 1312 2128 51
Edge 1312 2145 72
Edge 1312 2307 98
Edge 1312 2318 68
Edge 1312 2816 94
Edge 1312 3127 84
Edge 1313 1431 64
Edge 1313 1579 79
Edge 1313 1597 76
Edge 1313 1907 79
Edge 1313 2090 99
Edge 1313 2096 94
Edge 1313 2107 75
Edge 1313 2258 73
Edge 1313 2503 86
Edge 1313 2651 94
Edge 1313 2893 77
Edge 1313 3192 97
Edge 1313 3327 61
Edge 1313 3439 69
Edge 1313 3566 55
Edge 1314 1444 53
Edge 1314 1598 93
Edge 1314 1636 84
Edge 1314 1645 85
Edge 1314 1934 87
Edge 1314 2181 57
Edge 1314 2230 86
Edge 1314 2334 83
Edge 1314 2822 95
Edge 1314 3042 54
Edge 1315 1320 90
Edge 1315 1416 86
Edge 1315 1439 65
Edge 1315 1595 50
Edge 1315 1740 69
Edge 1315 1827 60
Edge 1315 2096 79
Edge 1315 2139 98
Edge 1315 2141 86
Edge 1315 2154 81
Edge 1315 2252 77
Edge 1315 2662 75
Edge 1315 2856 62
Edge 1315 2917 59
Edge 1315 3211 64
Edge 1315 3288 50
Edge 1315 3387 99
Edge 1315 3483 75
Edge 1316 1637 88
Edge 1316 1723 62
Edge 1316 1859 88
Edge 1316 1955 86
Edge 1316 2129 86
Edge 1316 2164 93
Edge 1316 2271 90
Edge 1316 2414 98
Edge 1316 2451 75
Edge 1316 2491 68
Edge 1316 2756 57
Edge 1317 1453 95
Edge 1317 1634 87
Edge 1317 1972 58
Edge 1317 2006 93
Edge 1317 2332 73
Edge 1317 2461 93
Edge 1317 2469 82
Edge 1317 2504 77
Edge 1317 2508 73
Edge 1317 2526 56
Edge 1317 2933 82
Edge 1317 2944 68
Edge 1317 2985 82
Edge 1317 3017 68
Edge 1317 3443 78
Edge 1318 1328 96
Edge 1318 1423 58
Edge 1318 1556 77
Edge 1318 1684 78
Edge 1318 1732 83
Edge 1318 1753 95
Edge 1318 1843 68
Edge 1318 1867 50
Edge 1318 2001 84
Edge 1318 2619 57
Edge 1318 2799 98
Edge 1318 3089 77
Edge 1318 3104 72
Edge 1318 3465 85
Edge 1318 3548 78
Edge 1318 3561 76
Edge 1318 3629 84
Edge 1319 1409 73
Edge 1319 2103 78
Edge 1319 2604 80
Edge 1319 2674 87
Edge 1319 3014 98
Edge 1319 3174 72
Edge 1319 3389 65
Edge 1319 3436 60
Edge 1319 3545 92
Edge 1319 3571 81
Edge 1320 1392 60
Edge 1320 1965 81
Edge 1320 2121 93
Edge 1320 2275 66
Edge 1320 2482 57
Edge 1320 2495 95
Edge 1320 2539 64
Edge 1320 2715 66
Edge 1320 2806 89
Edge 1320 2922 95
Edge 1320 3028 53
Edge 1320 3445 89
Edge 1321 1652 72
Edge 1321 1901 100
Edge 1321 2382 92
Edge 1321 2768 79
Edge 1321 2818 67
Edge 1321 3035 85
Edge 1321 3156 72
Edge 1321 3157 60
Edge 1321 3367 93
Edge 1322 1597 62
Edge 1322 1782 76
Edge 1322 1789 50
Edge 1322 2122 88
Edge 1322 2284 92
Edge 1322 2324 84
Edge 1322 2614 69
Edge 1322 2643 85
Edge 1322 3033 66
Edge 1322 3275 70
Edge 1322 3512 63
Edge 1323 1327 65
Edge 1323 1385 52
Edge 1323 1452 91
Edge 1323 1879 64
Edge 1323 1897 99
Edge 1323 1939 89
Edge 1323 2279 71
Edge 1323 2590 87
Edge 1323 2774 68
Edge 1323 2921 65
Edge 1323 3562 93
Edge 1324 1413 83
Edge 1324 1630 61
Edge 1324 2146 60
Edge 1324 2233 72
Edge 1324 2388 76
Edge 1324 2712 93
Edge 1324 2893 95
Edge 1324 2896 76
Edge 1324 2957 74
Edge 1324 3200 69
Edge 1324 3210 94
Edge 1324 3401 70
Edge 1324 3544 94
Edge 1324 3605 61
Edge 1324 3620 80
Edge 1325 1359 75
Edge 1325 1507 52
Edge 1325 1624 90
Edge 1325 2146 75
Edge 1325 2159 69
Edge 1325 2471 63
Edge 1325 2710 75
Edge 1325 2929 51
Edge 1325 3387 60
Edge 1326 1502 80
Edge 1326 1554 74
Edge 1326 1561 93
Edge 1326 1625 88
Edge 1326 1721 73
Edge 1326 1759 52
Edge 1326 2326 55
Edge 1326 2544 64
Edge 1326 2765 91
Edge 1326 3054 84
Edge 1326 3388 62
Edge 1326 3628 66
Edge 1327 1532 91
Edge 1327 1581 60
Edge 1327 1593 71
Edge 1327 1764 61
Edge 1327 1898 65
Edge 1327 1989 92
Edge 1327 2182 78
Edge 1327 2489 70
Edge 1327 2737 61
Edge 1327 2795 57
Edge 1327 2914 69
Edge 1327 3029 94
Edge 1328 1436 88
Edge 1328 2010 84
Edge 1328 2018 50
Edge 1328 2396 84
Edge 1328 2434 67
Edge 1328 2516 53
Edge 1328 2766 84
Edge 1328 2780 72
Edge 1328 3149 73
Edge 1328 3403 58
Edge 1328 3436 82
Edge 1329 1480 52
Edge 1329 1571 73
Edge 1329 1583 77
Edge 1329 1610 62
Edge 1329 1806 99
Edge 1329 1905 58
Edge 1329 1961 74
Edge 1329 2211 83
Edge 1329 2333 55
Edge 1329 2460 56
Edge 1329 2717 94
Edge 1329 3114 70
Edge 1329 3214 57
Edge 1329 3311 93
Edge 1329 3443 99
Edge 1330 1386 72
Edge 1330 1549 55
Edge 1330 1721 50
Edge 1330 1776 75
Edge 1330 1804 87
Edge 1330 2106 50
Edge 1330 2514 97
Edge 1330 3185 51
Edge 1331 1421 53
Edge 1331 1434 93
Edge 1331 1801 72
Edge 1331 2053 66
Edge 1331 2229 75
Edge 1331 2245 72
Edge 1331 3073 69
Edge 1331 3203 58
Edge 1331 3212 97
Edge 1331 3229 51
Edge 1331 3339 73
Edge 1332 1463 79
Edge 1332 1867 79
Edge 1332 2011 85
Edge 1332 2128 93
Edge 1332 2169 60
Edge 1332 2195 58
Edge 1332 2247 60
Edge 1332 3276 51
Edge 1332 3603 97
Edge 1333 1359 83
Edge 1333 1658 54
Edge 1333 1664 82
Edge 1333 1789 52
Edge 1333 1855 97
Edge 1333 1866 95
Edge 1333 1970 51
Edge 1333 2221 51
Edge 1333 2251 76
Edge 1333 2396 78
Edge 1333 2863 100
Edge 1333 3020 54
Edge 1333 3571 69
Edge 1334 1570 86
Edge 1334 1716 74
Edge 1334 1993 98
Edge 1334 1996 86
Edge 1334 2085 75
Edge 1334 2242 85
Edge 1334 2292 53
Edge 1334 3118 65
Edge 1334 3282 83
Edge 1334 3340 77
Edge 1335 1385 67
Edge 1335 1665 50
Edge 1335 1889 69
Edge 1335 2206 78
Edge 1335 2374 54
Edge 1335 2378 95
Edge 1335 2424 59
Edge 1335 2560 92
Edge 1335 2616 61
Edge 1335 2987 58
Edge 1335 3272 66
Edge 1336 1382 95
Edge 1336 1613 60
Edge 1336 1623 68
Edge 1336 1719 99
Edge 1336 2219 94
Edge 1336 2246 96
Edge 1336 3003 75
Edge 1336 3533 88
Edge 1337 1695 76
Edge 1337 1754 57
Edge 1337 2543 68
Edge 1337 2568 79
Edge 1337 2592 99
Edge 1337 2738 77
Edge 1337 2902 71
Edge 1337 2910 84
Edge 1337 2933 54
Edge 1337 3053 74
Edge 1337 3182 62
Edge 1337 3418 68
Edge 1337 3511 99
Edge 1337 3636 58
Edge 1338 1402 80
Edge 1338 1577 65
Edge 1338 1623 67
Edge 1338 1731 78
Edge 1338 1752 86
Edge 1338 1829 56
Edge 1338 2024 55
Edge 1338 2037 67
Edge 1338 2868 68
Edge 1338 3093 78
Edge 1338 3146 69
Edge 1338 3272 74
Edge 1338 3407 96
Edge 1338 3519 82
Edge 1339 1601 80
Edge 1339 1718 73
Edge 1339 2223 99
Edge 1339 2341 58
Edge 1339 2588 69
Edge 1339 2836 84
Edge 1339 3090 89
Edge 1339 3118 86
Edge 1339 3147 87
Edge 1339 3234 57
Edge 1339 3257 65
Edge 1339 3278 82
Edge 1339 3308 68
Edge 1339 3646 70
Edge 1340 1522 56
Edge 1340 1543 71
Edge 1340 2201 85
Edge 1340 2329 96
Edge 1340 2768 64
Edge 1340 2798 68
Edge 1340 3118 56
Edge 1340 3159 52
Edge 1340 3377 74
Edge 1340 3632 88
Edge 1341 1343 75
Edge 1341 1481 54
Edge 1341 1709 88
Edge 1341 1760 77
Edge 1341 2517 58
Edge 1341 2563 71
Edge 1341 2765 76
Edge 1341 2949 79
Edge 1341 3243 72
Edge 1341 3383 66
Edge 1342 1523 50
Edge 1342 1790 90
Edge 1342 1921 67
Edge 1342 1931 86
Edge 1342 2191 86
Edge 1342 2354 87
Edge 1342 2654 86
Edge 1342 2909 74
Edge 1342 3150 96
Edge 1343 1390 61
Edge 1343 1417 86
Edge 1343 1855 96
Edge 1343 2383 73
Edge 1343 2745 50
Edge 1343 2769 75
Edge 1343 2911 79
Edge 1343 2999 86
Edge 1343 3059 89
Edge 1343 3281 85
Edge 1343 3616 84
Edge 1344 1349 90
Edge 1344 1739 94
Edge 1344 1961 90
Edge 1344 2053 95
Edge 1344 2172 62
Edge 1344 2182 57
Edge 1344 2443 76
Edge 1344 2456 97
Edge 1344 2464 86
Edge 1344 2503 56
Edge 1344 2667 83
Edge 1344 2993 80
Edge 1344 3519 54
Edge 1344 3558 56
Edge 1345 1439 76
Edge 1345 1448 73
Edge 1345 1609 78
Edge 1345 1838 69
Edge 1345 1999 76
Edge 1345 2374 67
Edge 1345 2384 96
Edge 1345 2415 96
Edge 1345 2436 91
Edge 1345 2438 95
Edge 1345 2767 85
Edge 1345 2784 53
Edge 1345 2797 87
Edge 1345 3016 78
Edge 1346 2002 70
Edge 1346 2067 74
Edge 1346 2100 88
Edge 1346 2122 63
Edge 1346 2444 91
Edge 1346 2705 99
Edge 1346 2738 98
Edge 1346 3130 94
Edge 1346 3143 54
Edge 1346 3535 63
Edge 1347 1734 96
Edge 1347 1769 68
Edge 1347 1788 66
Edge 1347 1954 97
Edge 1347 1957 67
Edge 1347 2040 90
Edge 1347 2064 63
Edge 1347 3073 80
Edge 1347 3162 80
Edge 1347 3303 68
Edge 1347 3385 84
Edge 1348 1521 74
Edge 1348 1771 57
Edge 1348 1804 77
Edge 1348 1806 60
Edge 1348 2099 64
Edge 1348 2104 54
Edge 1348 2237 82
Edge 1348 2342 53
Edge 1348 2432 72
Edge 1348 2612 88
Edge 1348 2766 55
Edge 1348 3026 61
Edge 1348 3043 55
Edge 1348 3184 64
Edge 1348 3219 86
Edge 1348 3270 69
Edge 1348 3622 50
Edge 1349 1363 99
Edge 1349 1649 50
Edge 1349 1775 74
Edge 1349 2224 50
Edge 1349 2276 69
Edge 1349 2406 82
Edge 1349 2665 75
Edge 1349 2769 96
Edge 1349 2921 65
Edge 1349 3193 97
Edge 1349 3536 54
Edge 1350 2022 77
Edge 1350 2091 88
Edge 1350 2135 71
Edge 1350 2167 83
Edge 1350 2305 72
Edge 1350 2308 81
Edge 1350 2630 51
Edge 1350 2637 93
Edge 1350 3062 69
Edge 1350 3162 73
Edge 1350 3296 52
Edge 1351 1465 50
Edge 1351 1736 59
Edge 1351 1969 84
Edge 1351 1986 74
Edge 1351 2213 91
Edge 1351 2619 75
Edge 1351 2626 89
Edge 1351 2933 70
Edge 1351 3068 56
Edge 1351 3273 87
Edge 1352 1932 81
Edge 1352 2139 77
Edge 1352 2401 87
Edge 1352 2442 85
Edge 1352 2449 69
Edge 1352 2757 59
Edge 1352 3016 80
Edge 1352 3085 95
Edge 1352 3214 55
Edge 1352 3516 96
Edge 1353 1404 93
Edge 1353 1536 72
Edge 1353 1905 85
Edge 1353 1992 72
Edge 1353 2524 90
Edge 1353 2879 85
Edge 1353 2899 54
Edge 1353 2966 93
Edge 1353 3204 66
Edge 1353 3223 65
Edge 1353 3440 95
Edge 1353 3546 91
Edge 1354 1639 85
Edge 1354 1954 50
Edge 1354 2067 55
Edge 1354 2463 86
Edge 1354 2635 93
Edge 1354 2647 93
Edge 1354 2736 53
Edge 1354 2771 83
Edge 1354 3125 89
Edge 1354 3419 73
Edge 1354 3623 92
Edge 1355 1565 68
Edge 1355 1874 89
Edge 1355 2156 88
Edge 1355 2597 90
Edge 1355 2658 50
Edge 1355 2675 95
Edge 1355 2852 70
Edge 1355 2887 60
Edge 1355 3016 94
Edge 1355 3030 91
Edge 1355 3218 50
Edge 1355 3627 88
Edge 1356 1457 62
Edge 1356 1523 60
Edge 1356 1578 61
Edge 1356 2406 67
Edge 1356 2689 55
Edge 1356 2716 63
Edge 1356 2840 86
Edge 1356 3226 51
Edge 1356 3470 92
Edge 1357 1398 56
Edge 1357 1553 90
Edge 1357 1587 58
Edge 1357 2587 80
Edge 1357 2824 94
Edge 1357 3173 83
Edge 1358 1490 79
Edge 1358 1674 73
Edge 1358 1680 68
Edge 1358 1934 60
Edge 1358 2227 90
Edge 1358 2301 83
Edge 1358 2508 55
Edge 1358 2525 51
Edge 1358 2876 67
Edge 1358 3446 80
Edge 1359 1536 90
Edge 1359 1603 57
Edge 1359 1786 62
Edge 1359 2248 99
Edge 1359 2330 73
Edge 1359 2778 65
Edge 1359 3490 62
Edge 1359 3512 61
Edge 1359 3583 81
Edge 1360 1518 69
Edge 1360 1694 56
Edge 1360 1802 85
Edge 1360 2010 66
Edge 1360 2040 51
Edge 1360 2058 50
Edge 1360 2365 56
Edge 1360 2667 66
Edge 1360 2753 90
Edge 1360 3043 52
Edge 1360 3337 70
Edge 1360 3579 71
Edge 1361 1417 95
Edge 1361 1627 72
Edge 1361 1766 68
Edge 1361 1783 69
Edge 1361 1818 65
Edge 1361 2141 70
Edge 1361 2172 54
Edge 1361 2481 50
Edge 1361 2484 73
Edge 1361 2999 66
Edge 1361 3091 77
Edge 1361 3114 83
Edge 1361 3198 52
Edge 1361 3638 80
Edge 1362 1377 65
Edge 1362 1522 79
Edge 1362 1730 51
Edge 1362 1801 78
Edge 1362 1850 100
Edge 1362 2066 55
Edge 1362 2261 60
Edge 1362 2272 93
Edge 1362 2348 71
Edge 1362 2967 81
Edge 1362 3010 70
Edge 1362 3011 63
Edge 1362 3286 69
Edge 1362 3320 63
Edge 1363 1445 52
Edge 1363 1658 90
Edge 1363 1837 72
Edge 1363 2015 77
Edge 1363 2321 93
Edge 1363 2354 51
Edge 1363 2626 78
Edge 1363 2770 68
Edge 1363 2991 84
Edge 1363 3131 88
Edge 1363 3255 51
Edge 1363 3300 50
Edge 1363 3505 72
Edge 1364 1467 56
Edge 1364 1588 53
Edge 1364 1602 77
Edge 1364 1924 79
Edge 1364 2086 72
Edge 1364 2101 55
Edge 1364 2307 90
Edge 1364 2349 51
Edge 1364 2525 58
Edge 1364 2529 57
Edge 1364 2959 74
Edge 1364 2984 54
Edge 1364 3284 83
Edge 1365 1514 81
Edge 1365 1888 89
Edge 1365 2225 51
Edge 1365 2384 78
Edge 1365 2495 94
Edge 1365 3106 74
Edge 1365 3121 90
Edge 1366 1618 63
Edge 1366 1694 94
Edge 1366 1863 77
Edge 1366 2133 51
Edge 1366 2145 92
Edge 1366 2215 91
Edge 1366 2316 90
Edge 1366 2522 90
Edge 1366 3089 68
Edge 1366 3261 96
Edge 1366 3440 81
Edge 1366 3508 96
Edge 1367 1494 94
Edge 1367 2082 82
Edge 1367 2158 82
Edge 1367 2550 55
Edge 1367 2993 75
Edge 1367 3010 74
Edge 1367 3015 57
Edge 1367 3054 71
Edge 1367 3144 99
Edge 1367 3210 72
Edge 1368 1581 50
Edge 1368 1938 55
Edge 1368 2152 57
Edge 1368 2205 53
Edge 1368 2543 92
Edge 1368 2613 89
Edge 1368 2790 76
Edge 1368 2794 94
Edge 1368 2839 56
Edge 1368 2946 95
Edge 1368 3242 93
Edge 1368 3302 72
Edge 1368 3640 52
Edge 1369 1542 50
Edge 1369 2119 92
Edge 1369 2251 97
Edge 1369 2500 70
Edge 1369 3232 90
Edge 1369 3377 83
Edge 1369 3412 63
Edge 1370 1413 72
Edge 1370 1517 61
Edge 1370 1966 98
Edge 1370 2047 92
Edge 1370 2444 61
Edge 1370 2468 88
Edge 1370 2777 68
Edge 1370 2917 63
Edge 1370 3023 94
Edge 1370 3287 79
Edge 1370 3315 98
Edge 1371 1556 64
Edge 1371 1642 88
Edge 1371 2002 62
Edge 1371 2142 97
Edge 1371 2678 58
Edge 1371 2869 58
Edge 1371 2953 88
Edge 1371 3168 98
Edge 1371 3288 85
Edge 1371 3393 69
Edge 1371 3569 89
Edge 1372 1389 94
Edge 1372 1405 59
Edge 1372 1750 77
Edge 1372 1751 60
Edge 1372 2027 93
Edge 1372 2268 86
Edge 1372 2831 86
Edge 1372 2882 61
Edge 1372 2900 50
Edge 1372 3350 92
Edge 1372 3425 68
Edge 1373 1782 83
Edge 1373 1979 57
Edge 1373 2114 98
Edge 1373 2451 85
Edge 1373 2604 56
Edge 1373 3073 76
Edge 1373 3243 74
Edge 1374 1390 55
Edge 1374 1539 70
Edge 1374 1573 89
Edge 1374 1654 50
Edge 1374 1789 90
Edge 1374 2031 87
Edge 1374 2740 58
Edge 1374 2884 67
Edge 1374 2897 76
Edge 1374 2976 97
Edge 1374 3299 51
Edge 1375 1380 79
Edge 1375 1490 73
Edge 1375 1682 75
Edge 1375 1817 74
Edge 1375 1832 62
Edge 1375 1837 81
Edge 1375 2313 82
Edge 1375 2553 88
Edge 1375 2679 63
Edge 1375 2774 86
Edge 1376 1641 73
Edge 1376 1651 63
Edge 1376 1731 77
Edge 1376 2191 97
Edge 1376 2238 94
Edge 1376 2636 52
Edge 1376 3247 56
Edge 1377 1443 56
Edge 1377 1451 84
Edge 1377 1494 74
Edge 1377 1986 65
Edge 1377 2011 98
Edge 1377 2197 82
Edge 1377 3453 61
Edge 1378 1480 60
Edge 1378 1548 71
Edge 1378 1800 50
Edge 1378 1938 80
Edge 1378 2012 82
Edge 1378 2270 74
Edge 1378 2339 52
Edge 1378 2360 93
Edge 1378 2539 74
Edge 1378 2597 79
Edge 1378 2813 68
Edge 1378 2862 66
Edge 1378 3345 86
Edge 1378 3535 58
Edge 1379 1404 71
Edge 1379 1567 95
Edge 1379 1619 83
Edge 1379 1704 67
Edge 1379 1838 89
Edge 1379 2233 62
Edge 1379 2403 55
Edge 1379 2494 77
Edge 1379 3080 66
Edge 1379 3509 85
Edge 1380 1661 56
Edge 1380 1726 60
Edge 1380 1738 50
Edge 1380 2417 97
Edge 1380 3000 62
Edge 1380 3122 76
Edge 1380 3222 91
Edge 1380 3234 65
Edge 1380 3238 84
Edge 1380 3382 71
Edge 1380 3457 77
Edge 1380 3469 98
Edge 1380 3477 76
Edge 1381 1439 73
Edge 1381 1462 51
Edge 1381 1609 61
Edge 1381 1724 88
Edge 1381 1819 83
Edge 1381 3457 85
Edge 1382 1755 89
Edge 1382 1891 58
Edge 1382 2119 77
Edge 1382 2467 57
Edge 1382 2533 67
Edge 1382 2703 99
Edge 1382 3296 74
Edge 1382 3637 99
Edge 1383 1635 58
Edge 1383 1847 96
Edge 1383 2395 50
Edge 1383 2510 78
Edge 1383 2798 91
Edge 1383 2822 65
Edge 1383 2841 94
Edge 1383 2908 64
Edge 1383 3207 78
Edge 1383 3313 74
Edge 1383 3549 95
Edge 1384 1510 91
Edge 1384 1694 52
Edge 1384 1959 50
Edge 1384 2130 54
Edge 1384 2191 71
Edge 1384 2401 64
Edge 1384 2744 66
Edge 1384 2783 91
Edge 1384 3332 85
Edge 1384 3337 66
Edge 1384 3552 60
Edge 1385 1612 76
Edge 1385 1879 89
Edge 1385 2199 79
Edge 1385 2492 81
Edge 1385 2779 83
Edge 1385 3172 62
Edge 1385 3300 50
Edge 1385 3397 76
Edge 1385 3455 76
Edge 1386 1392 63
Edge 1386 1422 59
Edge 1386 1541 89
Edge 1386 1613 55
Edge 1386 1763 57
Edge 1386 1777 93
Edge 1386 2004 91
Edge 1386 2417 99
Edge 1386 2477 94
Edge 1386 2661 53
Edge 1386 2829 93
Edge 1386 2915 79
Edge 1386 3500 84
Edge 1387 1405 84
Edge 1387 1444 59
Edge 1387 1557 76
Edge 1387 1595 81
Edge 1387 1719 80
Edge 1387 1927 55
Edge 1387 2019 78
Edge 1387 2212 94
Edge 1387 2939 97
Edge 1387 3037 87
Edge 1387 3344 75
Edge 1387 3364 51
Edge 1388 1520 61
Edge 1388 1577 55
Edge 1388 1680 64
Edge 1388 2152 79
Edge 1388 2297 76
Edge 1388 2496 81
Edge 1388 2542 92
Edge 1388 2600 96
Edge 1388 2934 66
Edge 1388 3311 80
Edge 1388 3325 77
Edge 1389 1613 79
Edge 1389 1750 56
Edge 1389 1933 51
Edge 1389 2135 85
Edge 1389 2232 95
Edge 1389 2347 54
Edge 1389 2468 59
Edge 1389 2499 94
Edge 1389 2620 89
Edge 1389 2780 57
Edge 1389 2892 83
Edge 1390 1467 87
Edge 1390 1599 89
Edge 1390 2063 77
Edge 1390 2720 51
Edge 1390 2998 57
Edge 1390 3110 94
Edge 1390 3294 91
Edge 1390 3352 99
Edge 1391 1422 78
Edge 1391 1427 94
Edge 1391 1479 67
Edge 1391 1572 64
Edge 1391 1700 95
Edge 1391 1720 96
Edge 1391 1818 75
Edge 1391 2229 84
Edge 1391 2439 81
Edge 1391 2569 65
Edge 1391 2579 94
Edge 1391 2906 69
Edge 1391 3022 94
Edge 1391 3074 62
Edge 1392 1991 73
Edge 1392 2107 68
Edge 1392 2472 95
Edge 1392 2498 72
Edge 1392 2505 67
Edge 1392 2778 68
Edge 1392 2805 72
Edge 1392 2867 78
Edge 1392 3106 59
Edge 1392 3327 80
Edge 1392 3334 96
Edge 1392 3637 98
Edge 1393 1553 58
Edge 1393 1593 50
Edge 1393 1685 69
Edge 1393 1789 99
Edge 1393 1834 57
Edge 1393 1869 65
Edge 1393 2542 52
Edge 1393 2557 93
Edge 1393 2757 53
Edge 1393 2928 74
Edge 1393 2930 84
Edge 1393 3087 82
Edge 1393 3447 56
Edge 1394 1452 68
Edge 1394 1885 64
Edge 1394 1934 94
Edge 1394 2018 60
Edge 1394 2059 67
Edge 1394 2130 95
Edge 1394 2250 64
Edge 1394 2707 84
Edge 1394 2746 69
Edge 1394 2763 76
Edge 1394 2998 50
Edge 1394 3543 66
Edge 1395 1427 63
Edge 1395 1489 64
Edge 1395 1670 89
Edge 1395 1674 58
Edge 1395 1796 79
Edge 1395 1855 62
Edge 1395 2124 93
Edge 1395 2337 94
Edge 1395 2455 78
Edge 1395 3021 58
Edge 1395 3173 76
Edge 1395 3431 65
Edge 1396 1608 62
Edge 1396 1622 61
Edge 1396 1759 67
Edge 1396 1928 71
Edge 1396 2350 67
Edge 1396 2401 90
Edge 1396 2405 60
Edge 1396 2746 82
Edge 1396 3046 80
Edge 1396 3060 91
Edge 1396 3541 93
Edge 1397 1622 76
Edge 1397 1644 71
Edge 1397 1706 56
Edge 1397 2215 76
Edge 1397 2935 77
Edge 1397 3231 57
Edge 1397 3297 88
Edge 1397 3532 86
Edge 1397 3580 55
Edge 1398 1436 82
Edge 1398 1547 59
Edge 1398 1611 57
Edge 1398 1640 99
Edge 1398 1676 51
Edge 1398 1759 81
Edge 1398 1849 53
Edge 1398 2183 97
Edge 1398 2358 81
Edge 1398 3113 88
Edge 1398 3465 89
Edge 1399 1658 89
Edge 1399 1665 76
Edge 1399 1666 89
Edge 1399 2127 99
Edge 1399 2319 63
Edge 1399 2607 78
Edge 1399 2885 79
Edge 1399 3054 72
Edge 1399 3355 72
Edge 1400 2138 79
Edge 1400 2533 82
Edge 1400 2730 63
Edge 1400 2755 88
Edge 1400 2804 95
Edge 1400 2933 80
Edge 1400 3015 96
Edge 1400 3176 90
Edge 1400 3481 97
Edge 1400 3523 86
Edge 1401 1476 55
Edge 1401 1623 75
Edge 1401 1735 96
Edge 1401 1744 66
Edge 1401 1768 82
Edge 1401 1830 66
Edge 1401 1888 61
Edge 1401 1899 94
Edge 1401 2595 67
Edge 1401 2943 88
Edge 1401 2981 87
Edge 1401 3080 92
Edge 1402 1490 56
Edge 1402 1571 91
Edge 1402 1631 95
Edge 1402 2054 51
Edge 1402 2080 84
Edge 1402 2607 59
Edge 1402 3097 74
Edge 1402 3110 53
Edge 1402 3535 90
Edge 1403 1439 51
Edge 1403 1552 70
Edge 1403 1553 81
Edge 1403 1867 70
Edge 1403 2461 61
Edge 1403 2550 92
Edge 1403 2566 55
Edge 1403 3063 59
Edge 1403 3117 73
Edge 1403 3444 78
Edge 1403 3633 69
Edge 1404 1410 86
Edge 1404 1592 97
Edge 1404 1874 99
Edge 1404 2427 51
Edge 1404 2464 81
Edge 1404 2605 89
Edge 1404 2815 92
Edge 1404 3403 62
Edge 1405 1534 63
Edge 1405 1566 77
Edge 1405 1612 93
Edge 1405 1659 87
Edge 1405 2063 51
Edge 1405 2256 99
Edge 1405 2271 91
Edge 1405 2332 50
Edge 1405 2521 77
Edge 1405 2562 83
Edge 1405 3141 99
Edge 1405 3406 92
Edge 1405 3409 95
Edge 1406 1567 55
Edge 1406 1853 83
Edge 1406 2060 92
Edge 1406 2275 67
Edge 1406 2330 53
Edge 1406 2440 82
Edge 1406 3367 53
Edge 1406 3542 94
Edge 1407 1633 66
Edge 1407 1715 78
Edge 1407 1756 59
Edge 1407 1848 88
Edge 1407 2032 77
Edge 1407 2234 56
Edge 1407 2360 72
Edge 1407 2454 88
Edge 1407 2522 92
Edge 1407 2814 55
Edge 1407 3117 99
Edge 1407 3478 58
Edge 1407 3537 81
Edge 1408 1463 50
Edge 1408 1504 80
Edge 1408 1543 88
Edge 1408 1959 70
Edge 1408 2167 72
Edge 1408 2635 65
Edge 1408 2818 56
Edge 1408 3050 69
Edge 1408 3471 79
Edge 1409 1457 62
Edge 1409 1698 61
Edge 1409 1947 78
Edge 1409 2163 78
Edge 1409 2405 50
Edge 1409 2779 85
Edge 1409 2995 62
Edge 1409 3328 51
Edge 1410 1452 91
Edge 1410 1816 58
Edge 1410 2132 69
Edge 1410 2212 79
Edge 1410 2775 54
Edge 1410 3165 66
Edge 1410 3231 84
Edge 1411 1544 50
Edge 1411 1624 77
Edge 1411 1836 64
Edge 1411 1927 83
Edge 1411 2208 65
Edge 1411 2225 91
Edge 1411 2369 54
Edge 1411 2415 90
Edge 1411 2828 63
Edge 1411 2959 65
Edge 1411 3433 95
Edge 1412 1511 51
Edge 1412 1799 81
Edge 1412 1933 89
Edge 1412 1949 75
Edge 1412 2057 55
Edge 1412 2058 87
Edge 1412 2134 50
Edge 1412 2390 91
Edge 1412 2479 52
Edge 1412 3147 98
Edge 1412 3590 77
Edge 1413 1515 87
Edge 1413 1903 53
Edge 1413 2168 51
Edge 1413 2379 58
Edge 1413 2396 77
Edge 1413 3386 60
Edge 1413 3388 83
Edge 1413 3620 50
Edge 1414 1421 68
Edge 1414 1816 75
Edge 1414 1831 58
Edge 1414 2323 68
Edge 1414 2561 95
Edge 1414 3111 74
Edge 1414 3126 77
Edge 1414 3155 81
Edge 1414 3159 74
Edge 1414 3235 57
Edge 1415 1477 94
Edge 1415 1715 58
Edge 1415 1895 52
Edge 1415 1896 98
Edge 1415 2357 95
Edge 1415 2551 89
Edge 1415 2665 61
Edge 1415 2767 77
Edge 1415 3371 55
Edge 1415 3502 94
Edge 1416 1729 59
Edge 1416 1730 87
Edge 1416 1872 62
Edge 1416 1954 57
Edge 1416 2291 52
Edge 1416 2469 80
Edge 1416 2501 83
Edge 1416 2821 57
Edge 1416 2965 79
Edge 1416 3028 73
Edge 1416 3384 67
Edge 1417 1427 74
Edge 1417 1450 77
Edge 1417 1710 68
Edge 1417 2164 97
Edge 1417 2269 69
Edge 1417 2287 53
Edge 1417 3333 52
Edge 1418 1502 70
Edge 1418 1607 58
Edge 1418 2334 73
Edge 1418 2514 94
Edge 1418 2522 95
Edge 1418 2645 63
Edge 1418 2693 77
Edge 1418 2970 89
Edge 1419 1441 92
Edge 1419 1621 56
Edge 1419 1636 94
Edge 1419 1781 90
Edge 1419 1803 88
Edge 1419 2275 93
Edge 1419 2813 66
Edge 1419 2829 59
Edge 1419 2852 65
Edge 1419 3156 84
Edge 1419 3383 86
Edge 1419 3450 97
Edge 1419 3580 54
Edge 1420 1453 91
Edge 1420 1647 96
Edge 1420 1719 86
Edge 1420 1952 92
Edge 1420 1986 80
Edge 1420 2119 93
Edge 1420 2265 70
Edge 1420 2342 76
Edge 1420 2363 78
Edge 1420 2424 72
Edge 1420 2488 74
Edge 1420 2898 58
Edge 1420 3010 95
Edge 1420 3230 98
Edge 1421 1691 52
Edge 1421 2102 77
Edge 1421 2157 88
Edge 1421 2163 81
Edge 1421 2455 72
Edge 1421 2529 87
Edge 1421 2621 78
Edge 1421 3655 99
Edge 1422 1546 97
Edge 1422 1603 75
Edge 1422 1832 95
Edge 1422 2064 80
Edge 1422 2333 63
Edge 1422 2362 88
Edge 1422 2795 94
Edge 1422 3083 65
Edge 1422 3186 70
Edge 1422 3340 78
Edge 1422 3435 97
Edge 1423 1509 74
Edge 1423 1716 64
Edge 1423 1990 78
Edge 1423 2560 83
Edge 1423 2577 77
Edge 1423 2690 89
Edge 1423 2943 81
Edge 1423 2993 97
Edge 1423 3617 58
Edge 1424 1437 77
Edge 1424 1438 84
Edge 1424 1526 51
Edge 1424 1656 53
Edge 1424 1709 68
Edge 1424 2045 81
Edge 1424 2341 80
Edge 1424 2431 82
Edge 1424 2825 75
Edge 1424 2842 54
Edge 1424 2888 65
Edge 1425 1619 95
Edge 1425 1748 56
Edge 1425 1948 63
Edge 1425 1991 77
Edge 1425 2135 56
Edge 1425 2583 84
Edge 1425 3079 60
Edge 1425 3111 74
Edge 1425 3143 73
Edge 1425 3351 50
Edge 1425 3519 59
Edge 1425 3655 87
Edge 1426 1432 84
Edge 1426 2541 68
Edge 1426 2547 57
Edge 1426 3160 60
Edge 1426 3215 70
Edge 1426 3405 56
Edge 1426 3437 75
Edge 1426 3517 61
Edge 1427 1457 77
Edge 1427 1465 68
Edge 1427 1485 51
Edge 1427 1805 71
Edge 1427 1862 53
Edge 1427 2144 56
Edge 1427 2313 95
Edge 1427 2666 97
Edge 1427 2923 95
Edge 1427 3565 82
Edge 1428 1876 99
Edge 1428 1934 62
Edge 1428 1971 74
Edge 1428 2210 79
Edge 1428 2249 82
Edge 1428 2250 98
Edge 1428 2319 74
Edge 1428 2356 51
Edge 1428 2756 56
Edge 1428 3503 83
Edge 1429 1499 65
Edge 1429 1512 72
Edge 1429 1525 94
Edge 1429 2333 83
Edge 1429 2631 80
Edge 1429 2842 68
Edge 1429 3598 76
Edge 1430 1710 70
Edge 1430 1735 51
Edge 1430 1777 66
Edge 1430 1799 82
Edge 1430 1925 64
Edge 1430 2249 63
Edge 1430 2576 79
Edge 1430 2728 59
Edge 1430 2839 73
Edge 1430 2885 99
Edge 1430 3161 74
Edge 1430 3165 93
Edge 1430 3517 91
Edge 1431 1795 52
Edge 1431 1846 60
Edge 1431 2135 92
Edge 1431 2236 67
Edge 1431 2768 73
Edge 1431 2788 61
Edge 1431 3292 50
Edge 1431 3654 72
Edge 1432 1792 68
Edge 1432 1810 72
Edge 1432 1855 66
Edge 1432 1897 96
Edge 1432 1955 83
Edge 1432 1968 90
Edge 1432 2049 86
Edge 1432 2344 69
Edge 1432 2354 78
Edge 1432 2368 91
Edge 1432 2861 51
Edge 1432 3011 94
Edge 1433 1510 95
Edge 1433 1700 50
Edge 1433 2235 90
Edge 1433 2485 96
Edge 1433 2914 53
Edge 1433 2951 59
Edge 1433 2962 95
Edge 1433 2984 89
Edge 1433 3074 90
Edge 1433 3420 92
Edge 1433 3566 51
Edge 1434 1607 51
Edge 1434 1628 66
Edge 1434 2181 82
Edge 1434 2567 55
Edge 1434 2702 72
Edge 1434 2722 69
Edge 1434 2917 94
Edge 1434 2942 84
Edge 1434 2986 76
Edge 1434 3330 68
Edge 1434 3405 74
Edge 1435 1857 93
Edge 1435 1939 73
Edge 1435 2048 88
Edge 1435 2201 97
Edge 1435 2232 74
Edge 1435 2949 55
Edge 1435 3162 86
Edge 1435 3357 94
Edge 1435 3387 94
Edge 1435 3577 96
Edge 1436 1528 57
Edge 1436 1546 84
Edge 1436 1572 66
Edge 1436 1603 50
Edge 1436 1979 54
Edge 1436 2039 96
Edge 1436 2121 67
Edge 1436 2322 93
Edge 1436 2893 99
Edge 1436 3112 56
Edge 1436 3287 90
Edge 1437 1750 68
Edge 1437 1837 71
Edge 1437 2087 88
Edge 1437 2519 51
Edge 1437 2685 51
Edge 1437 2810 57
Edge 1437 3041 51
Edge 1437 3139 70
Edge 1438 1586 99
Edge 1438 2129 86
Edge 1438 2134 56
Edge 1438 2171 81
Edge 1438 2411 98
Edge 1438 2538 50
Edge 1438 2603 80
Edge 1438 2766 52
Edge 1438 3015 52
Edge 1438 3654 98
Edge 1439 1581 72
Edge 1439 1613 51
Edge 1439 1894 69
Edge 1439 2535 90
Edge 1439 2566 79
Edge 1439 2619 54
Edge 1439 2761 57
Edge 1439 3484 92
Edge 1440 1627 56
Edge 1440 1681 74
Edge 1440 1779 87
Edge 1440 2161 93
Edge 1440 2398 78
Edge 1440 2585 81
Edge 1440 2824 72
Edge 1440 3035 69
Edge 1440 3287 56
Edge 1440 3374 61
Edge 1440 3480 83
Edge 1441 2003 88
Edge 1441 2060 76
Edge 1441 2345 58
Edge 1441 2849 63
Edge 1441 3233 73
Edge 1441 3293 51
Edge 1442 1826 95
Edge 1442 1989 88
Edge 1442 2075 70
Edge 1442 2151 86
Edge 1442 2174 91
Edge 1442 2556 63
Edge 1442 2601 93
Edge 1442 2990 52
Edge 1442 3271 60
Edge 1442 3416 64
Edge 1442 3496 71
Edge 1442 3551 76
Edge 1443 1472 91
Edge 1443 1564 68
Edge 1443 1607 99
Edge 1443 1711 73
Edge 1443 2214 70
Edge 1443 2239 95
Edge 1443 2520 69
Edge 1443 2529 70
Edge 1443 2780 60
Edge 1443 2903 80
Edge 1444 1445 60
Edge 1444 1776 81
Edge 1444 1792 68
Edge 1444 1967 79
Edge 1444 2069 92
Edge 1444 2140 84
Edge 1444 2262 67
Edge 1444 2444 56
Edge 1444 2580 95
Edge 1444 2678 67
Edge 1444 2928 93
Edge 1444 3349 53
Edge 1444 3606 84
Edge 1445 1515 90
Edge 1445 1745 67
Edge 1445 1913 97
Edge 1445 1921 80
Edge 1445 2047 79
Edge 1445 2345 93
Edge 1445 2354 66
Edge 1445 3009 63
Edge 1445 3095 55
Edge 1445 3306 56
Edge 1445 3418 68
Edge 1446 1557 74
Edge 1446 1592 80
Edge 1446 1794 62
Edge 1446 1837 64
Edge 1446 2090 51
Edge 1446 2339 63
Edge 1446 2443 80
Edge 1446 2699 88
Edge 1446 2965 82
Edge 1446 3107 75
Edge 1447 1485 72
Edge 1447 1634 81
Edge 1447 1974 96
Edge 1447 2000 89
Edge 1447 2496 94
Edge 1447 2830 97
Edge 1447 2971 60
Edge 1447 3098 83
Edge 1447 3304 98
Edge 1447 3423 65
Edge 1448 1500 73
Edge 1448 1736 65
Edge 1448 1756 76
Edge 1448 1856 51
Edge 1448 2026 55
Edge 1448 2062 63
Edge 1448 2193 50
Edge 1448 2477 58
Edge 1448 2679 57
Edge 1448 2904 53
Edge 1448 3053 71
Edge 1448 3613 54
Edge 1448 3649 65
Edge 1449 1500 81
Edge 1449 1524 83
Edge 1449 2006 55
Edge 1449 2225 50
Edge 1449 2268 80
Edge 1449 2454 84
Edge 1449 2818 58
Edge 1449 2839 83
Edge 1449 2856 55
Edge 1449 2883 58
Edge 1449 2939 61
Edge 1449 3347 63
Edge 1450 1490 94
Edge 1450 1878 84
Edge 1450 1934 95
Edge 1450 2016 67
Edge 1450 2284 88
Edge 1450 2617 53
Edge 1450 3177 72
Edge 1450 3341 58
Edge 1450 3377 69
Edge 1450 3596 96
Edge 1450 3607 59
Edge 1451 1480 98
Edge 1451 1525 67
Edge 1451 1615 55
Edge 1451 1944 76
Edge 1451 1956 66
Edge 1451 1968 83
Edge 1451 2108 67
Edge 1451 2225 65
Edge 1451 2425 51
Edge 1451 2585 71
Edge 1451 3391 65
Edge 1452 1520 54
Edge 1452 1550 53
Edge 1452 1929 94
Edge 1452 2185 63
Edge 1452 2535 59
Edge 1452 2602 95
Edge 1452 2645 51
Edge 1452 2752 94
Edge 1452 3171 53
Edge 1452 3315 50
Edge 1453 1457 72
Edge 1453 2050 58
Edge 1453 2311 79
Edge 1453 2723 55
Edge 1453 2820 76
Edge 1453 2886 59
Edge 1453 2990 87
Edge 1453 3097 77
Edge 1453 3555 80
Edge 1454 1621 93
Edge 1454 1697 72
Edge 1454 2025 91
Edge 1454 2432 93
Edge 1454 2478 50
Edge 1454 2689 87
Edge 1454 2760 100
Edge 1454 3550 61
Edge 1455 1458 71
Edge 1455 1492 91
Edge 1455 1493 77
Edge 1455 1540 54
Edge 1455 1854 75
Edge 1455 1976 78
Edge 1455 2193 77
Edge 1455 2381 65
Edge 1455 2445 83
Edge 1455 2568 53
Edge 1455 3113 57
Edge 1456 1526 68
Edge 1456 1567 89
Edge 1456 1609 95
Edge 1456 1610 72
Edge 1456 1624 66
Edge 1456 1804 58
Edge 1456 1965 73
Edge 1456 2100 82
Edge 1456 2192 71
Edge 1456 2296 78
Edge 1456 2584 90
Edge 1456 2611 62
Edge 1456 2696 53
Edge 1456 2754 87
Edge 1456 3336 63
Edge 1456 3636 90
Edge 1457 1576 82
Edge 1457 1578 72
Edge 1457 1634 50
Edge 1457 2663 91
Edge 1457 2717 61
Edge 1457 2826 59
Edge 1457 3202 89
Edge 1457 3594 95
Edge 1458 1832 72
Edge 1458 2275 62
Edge 1458 2519 60
Edge 1458 2633 51
Edge 1458 2822 63
Edge 1458 2964 50
Edge 1458 3289 78
Edge 1458 3623 69
Edge 1459 1549 85
Edge 1459 1733 81
Edge 1459 1771 77
Edge 1459 2253 72
Edge 1459 2509 76
Edge 1459 2930 51
Edge 1459 3053 80
Edge 1459 3102 90
Edge 1460 1575 69
Edge 1460 1748 53
Edge 1460 2028 76
Edge 1460 2357 86
Edge 1460 2449 56
Edge 1460 2581 80
Edge 1460 2613 52
Edge 1460 2941 86
Edge 1460 3048 60
Edge 1461 1532 72
Edge 1461 1721 60
Edge 1461 1958 63
Edge 1461 2077 100
Edge 1461 2190 97
Edge 1461 2225 54
Edge 1461 2331 58
Edge 1461 2849 55
Edge 1461 3133 100
Edge 1461 3150 81
Edge 1461 3421 69
Edge 1462 1497 73
Edge 1462 1712 51
Edge 1462 1756 94
Edge 1462 2029 56
Edge 1462 2261 74
Edge 1462 2265 55
Edge 1462 2600 64
Edge 1462 2636 86
Edge 1462 2658 72
Edge 1462 2659 84
Edge 1462 3229 99
Edge 1462 3581 78
Edge 1463 1612 58
Edge 1463 2112 74
Edge 1463 2333 63
Edge 1463 2527 89
Edge 1463 2554 50
Edge 1463 2622 82
Edge 1463 2687 57
Edge 1463 2737 60
Edge 1463 3254 53
Edge 1464 1648 91
Edge 1464 1674 68
Edge 1464 1679 94
Edge 1464 1888 62
Edge 1464 2091 70
Edge 1464 2204 100
Edge 1464 2232 58
Edge 1464 2444 70
Edge 1464 2767 55
Edge 1464 2774 57
Edge 1464 3241 70
Edge 1464 3371 72
Edge 1465 1500 54
Edge 1465 1680 73
Edge 1465 1769 62
Edge 1465 1870 55
Edge 1465 2411 72
Edge 1465 3264 71
Edge 1465 3269 65
Edge 1465 3318 94
Edge 1465 3540 74
Edge 1465 3633 73
Edge 1466 1513 65
Edge 1466 1561 56
Edge 1466 1727 94
Edge 1466 1989 81
Edge 1466 2345 90
Edge 1466 2381 68
Edge 1466 2428 79
Edge 1466 2437 91
Edge 1466 2446 65
Edge 1466 2735 65
Edge 1466 2897 55
Edge 1466 3012 82
Edge 1466 3038 73
Edge 1466 3122 89
Edge 1467 1927 98
Edge 1467 1960 50
Edge 1467 2087 96
Edge 1467 2135 67
Edge 1467 2278 71
Edge 1467 2630 87
Edge 1467 2637 75
Edge 1467 3264 74
Edge 1467 3464 72
Edge 1467 3635 73
Edge 1468 1773 81
Edge 1468 1899 77
Edge 1468 2029 61
Edge 1468 2367 90
Edge 1468 2401 99
Edge 1468 2578 95
Edge 1468 2812 60
Edge 1468 3014 51
Edge 1468 3473 58
Edge 1468 3528 99
Edge 1469 1548 96
Edge 1469 1676 89
Edge 1469 1933 51
Edge 1469 1936 58
Edge 1469 2359 65
Edge 1469 2409 68
Edge 1469 2555 57
Edge 1469 2878 64
Edge 1469 2968 56
Edge 1469 3087 66
Edge 1469 3194 92
Edge 1469 3441 98
Edge 1470 1494 78
Edge 1470 1522 68
Edge 1470 1558 66
Edge 1470 1756 74
Edge 1470 1911 75
Edge 1470 2068 89
Edge 1470 2160 58
Edge 1470 2868 96
Edge 1470 2953 51
Edge 1471 1514 86
Edge 1471 1574 71
Edge 1471 1576 86
Edge 1471 1684 95
Edge 1471 1864 83
Edge 1471 2246 67
Edge 1471 2478 90
Edge 1471 2521 70
Edge 1471 2606 71
Edge 1471 2748 93
Edge 1471 3089 86
Edge 1471 3622 56
Edge 1472 1799 65
Edge 1472 2172 74
Edge 1472 2222 72
Edge 1472 2540 69
Edge 1472 2761 73
Edge 1472 2790 53
Edge 1472 2824 89
Edge 1472 3427 51
Edge 1473 1527 99
Edge 1473 1557 67
Edge 1473 1808 93
Edge 1473 1950 99
Edge 1473 1967 84
Edge 1473 2400 52
Edge 1473 2527 62
Edge 1473 2612 90
Edge 1473 2636 85
Edge 1473 2680 88
Edge 1473 2699 67
Edge 1473 2883 96
Edge 1473 3247 91
Edge 1473 3418 67
Edge 1474 1568 80
Edge 1474 1811 69
Edge 1474 1901 52
Edge 1474 2001 96
Edge 1474 2044 94
Edge 1474 2554 88
Edge 1474 2792 72
Edge 1474 2827 52
Edge 1474 2975 99
Edge 1475 1478 79
Edge 1475 1648 51
Edge 1475 1802 68
Edge 1475 1878 64
Edge 1475 1889 65
Edge 1475 2123 84
Edge 1475 2147 69
Edge 1475 2228 77
Edge 1475 2336 62
Edge 1475 2514 92
Edge 1475 2553 54
Edge 1475 2607 72
Edge 1475 2725 95
Edge 1476 1551 73
Edge 1476 1647 86
Edge 1476 1821 56
Edge 1476 1872 58
Edge 1476 1958 77
Edge 1476 2006 76
Edge 1476 2050 64
Edge 1476 2149 87
Edge 1476 2408 98
Edge 1476 3035 95
Edge 1476 3221 69
Edge 1476 3524 64
Edge 1477 1627 77
Edge 1477 1760 98
Edge 1477 1956 89
Edge 1477 2190 99
Edge 1477 2192 84
Edge 1477 2407 79
Edge 1477 2553 78
Edge 1477 2797 98
Edge 1477 3002 78
Edge 1477 3135 65
Edge 1477 3375 68
Edge 1477 3501 54
Edge 1478 1612 66
Edge 1478 2158 92
Edge 1478 2167 85
Edge 1478 2330 91
Edge 1478 2386 60
Edge 1478 3032 63
Edge 1478 3211 59
Edge 1478 3333 70
Edge 1478 3477 99
Edge 1478 3527 78
Edge 1479 1543 61
Edge 1479 1750 92
Edge 1479 1944 57
Edge 1479 2163 69
Edge 1479 2446 79
Edge 1479 2605 69
Edge 1479 2609 62
Edge 1479 2717 75
Edge 1479 3205 51
Edge 1479 3215 86
Edge 1479 3495 80
Edge 1479 3504 64
Edge 1480 1755 83
Edge 1480 2001 65
Edge 1480 2354 70
Edge 1480 2377 53
Edge 1480 2390 86
Edge 1480 2571 59
Edge 1480 2647 63
Edge 1480 2721 50
Edge 1480 3453 57
Edge 1481 1574 60
Edge 1481 1577 55
Edge 1481 1613 68
Edge 1481 1954 74
Edge 1481 2240 96
Edge 1481 2349 67
Edge 1481 2657 89
Edge 1481 2658 69
Edge 1481 2667 85
Edge 1481 2718 75
Edge 1481 2732 80
Edge 1481 3241 71
Edge 1481 3438 71
Edge 1482 1601 76
Edge 1482 1766 91
Edge 1482 1851 95
Edge 1482 1875 66
Edge 1482 1886 98
Edge 1482 1962 55
Edge 1482 2137 55
Edge 1482 2247 66
Edge 1482 2657 61
Edge 1482 3309 55
Edge 1482 3336 59
Edge 1482 3614 75
Edge 1483 1581 59
Edge 1483 1598 90
Edge 1483 2083 98
Edge 1483 2189 88
Edge 1483 2198 86
Edge 1483 2205 79
Edge 1483 2229 95
Edge 1483 2480 97
Edge 1483 2491 66
Edge 1483 2712 62
Edge 1483 2787 69
Edge 1484 1500 66
Edge 1484 1600 81
Edge 1484 1768 55
Edge 1484 1949 93
Edge 1484 1950 68
Edge 1484 2039 89
Edge 1484 2048 51
Edge 1484 2072 63
Edge 1484 2105 68
Edge 1484 2569 69
Edge 1484 2632 85
Edge 1484 3308 55
Edge 1484 3498 97
Edge 1485 1506 87
Edge 1485 1596 56
Edge 1485 1908 70
Edge 1485 2170 81
Edge 1485 2339 62
Edge 1485 2599 85
Edge 1485 2695 90
Edge 1485 2952 85
Edge 1485 3181 87
Edge 1485 3213 76
Edge 1486 1559 70
Edge 1486 1608 55
Edge 1486 1944 56
Edge 1486 2180 64
Edge 1486 2357 75
Edge 1486 2413 52
Edge 1486 2643 61
Edge 1486 2668 54
Edge 1486 2943 83
Edge 1486 3091 95
Edge 1486 3318 59
Edge 1487 1687 65
Edge 1487 1830 52
Edge 1487 1982 55
Edge 1487 1995 95
Edge 1487 2009 60
Edge 1487 2066 66
Edge 1487 2213 81
Edge 1487 2273 96
Edge 1487 2427 92
Edge 1487 2570 83
Edge 1487 2722 79
Edge 1487 2818 97
Edge 1487 3033 79
Edge 1487 3049 83
Edge 1488 1657 89
Edge 1488 1795 63
Edge 1488 1819 58
Edge 1488 1835 91
Edge 1488 2235 91
Edge 1488 2828 72
Edge 1488 3014 51
Edge 1488 3189 97
Edge 1488 3556 65
Edge 1489 1608 59
Edge 1489 1712 70
Edge 1489 1779 51
Edge 1489 2076 75
Edge 1489 2622 60
Edge 1489 2742 56
Edge 1489 2838 93
Edge 1489 2974 97
Edge 1489 3052 84
Edge 1489 3091 71
Edge 1489 3537 69
Edge 1490 1622 79
Edge 1490 2119 99
Edge 1490 2254 76
Edge 1490 2771 98
Edge 1490 3001 77
Edge 1490 3633 90
Edge 1491 1499 70
Edge 1491 2187 57
Edge 1491 2505 72
Edge 1491 2865 58
Edge 1491 3169 62
Edge 1491 3340 54
Edge 1492 1553 70
Edge 1492 1593 50
Edge 1492 1646 80
Edge 1492 1930 52
Edge 1492 2179 84
Edge 1492 2217 77
Edge 1492 2290 58
Edge 1492 2344 69
Edge 1492 2348 58
Edge 1492 3039 84
Edge 1492 3212 53
Edge 1492 3656 68
Edge 1493 1560 95
Edge 1493 1888 70
Edge 1493 1987 99
Edge 1493 2080 70
Edge 1493 2102 96
Edge 1493 2879 51
Edge 1493 2992 81
Edge 1493 3051 77
Edge 1493 3061 74
Edge 1493 3608 79
Edge 1494 1600 51
Edge 1494 1687 58
Edge 1494 1819 65
Edge 1494 2415 60
Edge 1494 2522 86
Edge 1494 2653 75
Edge 1494 2730 78
Edge 1494 2835 87
Edge 1494 3108 97
Edge 1494 3273 97
Edge 1495 1525 70
Edge 1495 1554 51
Edge 1495 1744 94
Edge 1495 1834 86
Edge 1495 1942 58
Edge 1495 2164 99
Edge 1495 2210 97
Edge 1495 2463 90
Edge 1495 2840 53
Edge 1495 2961 71
Edge 1495 2987 62
Edge 1496 1725 63
Edge 1496 2010 56
Edge 1496 2045 54
Edge 1496 2169 53
Edge 1496 2316 94
Edge 1496 2372 66
Edge 1496 2553 87
Edge 1496 2594 54
Edge 1496 3089 66
Edge 1496 3498 90
Edge 1496 3621 73
Edge 1497 1556 70
Edge 1497 1839 51
Edge 1497 1916 76
Edge 1497 2022 72
Edge 1497 2195 60
Edge 1497 3024 61
Edge 1497 3089 56
Edge 1497 3128 87
Edge 1497 3137 92
Edge 1497 3254 93
Edge 1497 3446 71
Edge 1497 3605 92
Edge 1498 1605 79
Edge 1498 1946 86
Edge 1498 2023 97
Edge 1498 2031 78
Edge 1498 2076 77
Edge 1498 2366 81
Edge 1498 2460 67
Edge 1498 2574 55
Edge 1498 2688 60
Edge 1498 2761 92
Edge 1498 2969 87
Edge 1498 3173 92
Edge 1498 3253 53
Edge 1499 2055 87
Edge 1499 2127 62
Edge 1499 2506 78
Edge 1499 2810 98
Edge 1499 2908 52
Edge 1499 3108 92
Edge 1499 3228 78
Edge 1499 3391 51
Edge 1499 3510 70
Edge 1500 1691 95
Edge 1500 1836 96
Edge 1500 1906 61
Edge 1500 2200 73
Edge 1500 2281 82
Edge 1500 2296 95
Edge 1500 2585 98
Edge 1500 2980 86
Edge 1500 2995 67
Edge 1500 3035 62
Edge 1500 3487 75
Edge 1501 1655 91
Edge 1501 1719 69
Edge 1501 2139 97
Edge 1501 2597 52
Edge 1501 2848 62
Edge 1501 2864 65
Edge 1501 3014 54
Edge 1501 3179 99
Edge 1501 3353 52
Edge 1501 3622 91
Edge 1502 1655 71
Edge 1502 1832 98
Edge 1502 1878 80
Edge 1502 1964 95
Edge 1502 2013 55
Edge 1502 2069 89
Edge 1502 2193 86
Edge 1502 2270 98
Edge 1502 2480 68
Edge 1502 2540 98
Edge 1502 3435 78
Edge 1503 1811 84
Edge 1503 1981 78
Edge 1503 2374 65
Edge 1503 2414 59
Edge 1503 2490 54
Edge 1503 2598 87
Edge 1503 2658 68
Edge 1503 2979 89
Edge 1503 3103 90
Edge 1503 3360 51
Edge 1503 3477 82
Edge 1504 1520 65
Edge 1504 1599 56
Edge 1504 1655 51
Edge 1504 1675 93
Edge 1504 1722 53
Edge 1504 1725 80
Edge 1504 2156 57
Edge 1504 2777 59
Edge 1504 2782 96
Edge 1504 2997 89
Edge 1504 3055 99
Edge 1504 3547 69
Edge 1505 1641 61
Edge 1505 1663 98
Edge 1505 1742 75
Edge 1505 1900 87
Edge 1505 1954 77
Edge 1505 2443 55
Edge 1505 2486 83
Edge 1505 2610 97
Edge 1505 2614 70
Edge 1505 2939 97
Edge 1506 1528 92
Edge 1506 1661 70
Edge 1506 1780 50
Edge 1506 1910 84
Edge 1506 1930 65
Edge 1506 2052 90
Edge 1506 2246 61
Edge 1506 2606 87
Edge 1506 2697 65
Edge 1506 2884 88
Edge 1506 2948 67
Edge 1506 3049 88
Edge 1506 3131 53
Edge 1506 3405 62
Edge 1506 3489 54
Edge 1507 1800 84
Edge 1507 1838 84
Edge 1507 2105 75
Edge 1507 2220 69
Edge 1507 2267 80
Edge 1507 2823 68
Edge 1508 1536 81
Edge 1508 1844 64
Edge 1508 1868 76
Edge 1508 1920 94
Edge 1508 2115 65
Edge 1508 2130 56
Edge 1508 2136 60
Edge 1508 2184 96
Edge 1508 2396 63
Edge 1508 2434 99
Edge 1508 2541 82
Edge 1508 2580 89
Edge 1508 2754 90
Edge 1508 3221 79
Edge 1508 3434 87
Edge 1509 1877 94
Edge 1509 2451 82
Edge 1509 2557 79
Edge 1509 2570 51
Edge 1509 2737 78
Edge 1509 2833 92
Edge 1509 3032 67
Edge 1509 3347 58
Edge 1509 3498 92
Edge 1509 3656 52
Edge 1510 1614 81
Edge 1510 1624 74
Edge 1510 1944 70
Edge 1510 2016 90
Edge 1510 2343 55
Edge 1510 2671 85
Edge 1510 2883 64
Edge 1510 3027 64
Edge 1510 3200 82
Edge 1510 3546 58
Edge 1511 1754 77
Edge 1511 1918 68
Edge 1511 1939 70
Edge 1511 2232 86
Edge 1511 2259 53
Edge 1511 2268 79
Edge 1511 2426 67
Edge 1511 2639 72
Edge 1511 2676 85
Edge 1511 2702 90
Edge 1511 2944 90
Edge 1512 1568 67
Edge 1512 1880 92
Edge 1512 1933 98
Edge 1512 1937 75
Edge 1512 2097 85
Edge 1512 2113 75
Edge 1512 2264 62
Edge 1512 2314 97
Edge 1512 2350 97
Edge 1512 2416 77
Edge 1512 2522 95
Edge 1512 2759 54
Edge 1512 2833 59
Edge 1512 2916 91
Edge 1512 3018 65
Edge 1512 3101 92
Edge 1513 1556 59
Edge 1513 1694 52
Edge 1513 1754 89
Edge 1513 1981 86
Edge 1513 2032 79
Edge 1513 2141 52
Edge 1513 2438 54
Edge 1513 2504 76
Edge 1513 2593 97
Edge 1513 2687 58
Edge 1513 2709 55
Edge 1513 3030 74
Edge 1513 3438 84
Edge 1513 3494 67
Edge 1513 3655 73
Edge 1514 1601 56
Edge 1514 2328 67
Edge 1514 2433 50
Edge 1514 2626 57
Edge 1514 2685 63
Edge 1514 3068 50
Edge 1514 3468 78
Edge 1515 1681 74
Edge 1515 1683 60
Edge 1515 1884 55
Edge 1515 2572 73
Edge 1515 2724 81
Edge 1515 3314 78
Edge 1515 3322 50
Edge 1515 3636 81
Edge 1516 1571 97
Edge 1516 1665 55
Edge 1516 2322 90
Edge 1516 2395 71
Edge 1516 2897 77
Edge 1516 3031 81
Edge 1516 3231 71
Edge 1516 3521 52
Edge 1517 1620 82
Edge 1517 1665 70
Edge 1517 1947 69
Edge 1517 1985 63
Edge 1517 2355 98
Edge 1517 2608 56
Edge 1517 2696 88
Edge 1517 2738 55
Edge 1517 2811 65
Edge 1517 2823 60
Edge 1517 2949 80
Edge 1517 2965 64
Edge 1517 3219 60
Edge 1517 3430 50
Edge 1518 1555 54
Edge 1518 1586 63
Edge 1518 1596 78
Edge 1518 1987 82
Edge 1518 2366 78
Edge 1518 2510 98
Edge 1518 2618 58
Edge 1518 2822 92
Edge 1518 2826 59
Edge 1518 2850 84
Edge 1518 2896 77
Edge 1518 3234 89
Edge 1518 3299 84
Edge 1518 3356 83
Edge 1519 1550 56
Edge 1519 1965 87
Edge 1519 2156 50
Edge 1519 2290 95
Edge 1519 2326 93
Edge 1519 2904 87
Edge 1519 3091 60
Edge 1519 3498 75
Edge 1519 3516 93
Edge 1520 1802 73
Edge 1520 2145 79
Edge 1520 2439 97
Edge 1520 2594 98
Edge 1520 3179 54
Edge 1520 3201 69
Edge 1520 3469 58
Edge 1520 3562 56
Edge 1520 3606 76
Edge 1521 1680 90
Edge 1521 1686 74
Edge 1521 1740 94
Edge 1521 2077 96
Edge 1521 2305 88
Edge 1521 2468 72
Edge 1521 2500 90
Edge 1521 2548 98
Edge 1521 2613 92
Edge 1521 2683 68
Edge 1521 2810 97
Edge 1521 2935 99
Edge 1521 2959 55
Edge 1521 2962 66
Edge 1521 3047 61
Edge 1521 3138 53
Edge 1521 3541 89
Edge 1522 1729 65
Edge 1522 1808 52
Edge 1522 1949 61
Edge 1522 2049 87
Edge 1522 2114 85
Edge 1522 2234 85
Edge 1522 2368 66
Edge 1522 2471 98
Edge 1522 2480 80
Edge 1522 2930 85
Edge 1522 3202 98
Edge 1522 3477 90
Edge 1523 1887 57
Edge 1523 2000 80
Edge 1523 2215 87
Edge 1523 2304 75
Edge 1523 2636 73
Edge 1523 3239 74
Edge 1523 3525 72
Edge 1523 3538 52
Edge 1524 1525 87
Edge 1524 1549 68
Edge 1524 1677 61
Edge 1524 2100 70
Edge 1524 2506 89
Edge 1524 2769 55
Edge 1524 3005 82
Edge 1524 3342 99
Edge 1525 1888 69
Edge 1525 1935 52
Edge 1525 2147 90
Edge 1525 2241 67
Edge 1525 2362 51
Edge 1525 3523 80
Edge 1526 2221 56
Edge 1526 3094 91
Edge 1526 3493 95
Edge 1527 1603 61
Edge 1527 1691 52
Edge 1527 1728 56
Edge 1527 1864 79
Edge 1527 1996 86
Edge 1527 2051 99
Edge 1527 2139 97
Edge 1527 2547 92
Edge 1527 2592 54
Edge 1527 2711 76
Edge 1527 2800 54
Edge 1527 2806 87
Edge 1527 2941 68
Edge 1527 3612 59
Edge 1527 3642 66
Edge 1528 1803 74
Edge 1528 2203 92
Edge 1528 2236 95
Edge 1528 2284 71
Edge 1528 2425 69
Edge 1528 2459 77
Edge 1528 3060 73
Edge 1528 3339 71
Edge 1528 3456 68
Edge 1529 1595 68
Edge 1529 2379 50
Edge 1529 2481 83
Edge 1529 2492 59
Edge 1529 2749 70
Edge 1529 2842 72
Edge 1529 2879 55
Edge 1529 2941 60
Edge 1529 3021 60
Edge 1529 3092 82
Edge 1529 3252 76
Edge 1529 3491 68
Edge 1529 3498 58
Edge 1529 3512 88
Edge 1530 1800 91
Edge 1530 1824 95
Edge 1530 1861 71
Edge 1530 2054 50
Edge 1530 2058 98
Edge 1530 2206 96
Edge 1530 2226 95
Edge 1530 2728 50
Edge 1530 3021 99
Edge 1530 3187 60
Edge 1530 3614 93
Edge 1531 1752 79
Edge 1531 1922 76
Edge 1531 2025 70
Edge 1531 2492 61
Edge 1531 2602 56
Edge 1531 2724 87
Edge 1531 2762 91
Edge 1531 3218 62
Edge 1531 3299 72
Edge 1531 3328 59
Edge 1532 1533 69
Edge 1532 1567 95
Edge 1532 1979 65
Edge 1532 1984 95
Edge 1532 2296 57
Edge 1532 2501 87
Edge 1532 2581 96
Edge 1532 2885 56
Edge 1532 3036 70
Edge 1532 3225 82
Edge 1533 1705 87
Edge 1533 1951 90
Edge 1533 2138 85
Edge 1533 2472 55
Edge 1533 2846 63
Edge 1533 3019 57
Edge 1533 3179 53
Edge 1534 1615 84
Edge 1534 1814 61
Edge 1534 2120 59
Edge 1534 2272 63
Edge 1534 2388 50
Edge 1534 2420 92
Edge 1534 2449 59
Edge 1534 2775 73
Edge 1534 2782 81
Edge 1534 2952 99
Edge 1534 3220 90
Edge 1534 3327 97
Edge 1534 3347 59
Edge 1534 3585 79
Edge 1535 1924 72
Edge 1535 2055 98
Edge 1535 2157 94
Edge 1535 2187 87
Edge 1535 2195 74
Edge 1535 2214 55
Edge 1535 2563 76
Edge 1535 2878 88
Edge 1535 2973 72
Edge 1535 3496 87
Edge 1536 1746 55
Edge 1536 1768 57
Edge 1536 1775 53
Edge 1536 2163 79
Edge 1536 2542 74
Edge 1536 2838 56
Edge 1536 2890 50
Edge 1536 2925 72
Edge 1536 3139 99
Edge 1536 3214 54
Edge 1537 1639 55
Edge 1537 1641 94
Edge 1537 1937 73
Edge 1537 2084 72
Edge 1537 2185 59
Edge 1537 2190 99
Edge 1537 2247 88
Edge 1537 2656 76
Edge 1537 2693 69
Edge 1537 3068 77
Edge 1538 1632 88
Edge 1538 1683 85
Edge 1538 1735 64
Edge 1538 2001 66
Edge 1538 2108 68
Edge 1538 2246 82
Edge 1538 2311 73
Edge 1538 2401 96
Edge 1538 2685 95
Edge 1538 2823 56
Edge 1538 2895 85
Edge 1538 3082 76
Edge 1539 1953 50
Edge 1539 1988 84
Edge 1539 2042 93
Edge 1539 2062 69
Edge 1539 2099 88
Edge 1539 2205 77
Edge 1539 2260 60
Edge 1539 2360 94
Edge 1539 2369 88
Edge 1539 2694 78
Edge 1539 3205 56
Edge 1540 1722 89
Edge 1540 1746 88
Edge 1540 1860 72
Edge 1540 1861 53
Edge 1540 1957 52
Edge 1540 1961 76
Edge 1540 2002 79
Edge 1540 2836 53
Edge 1540 2964 58
Edge 1540 2980 51
Edge 1540 3202 71
Edge 1541 2249 87
Edge 1541 2501 63
Edge 1541 2524 96
Edge 1541 2825 54
Edge 1541 2940 67
Edge 1541 3122 97
Edge 1541 3259 94
Edge 1541 3326 81
Edge 1542 1830 56
Edge 1542 1862 65
Edge 1542 1923 54
Edge 1542 2090 53
Edge 1542 2278 85
Edge 1542 2320 94
Edge 1542 2479 81
Edge 1542 2583 97
Edge 1542 2674 51
Edge 1542 2712 57
Edge 1542 3057 56
Edge 1542 3190 82
Edge 1542 3432 54
Edge 1542 3453 75
Edge 1543 1635 64
Edge 1543 1744 60
Edge 1543 2750 65
Edge 1543 2985 75
Edge 1543 3030 66
Edge 1543 3142 72
Edge 1543 3232 96
Edge 1543 3260 82
Edge 1543 3649 84
Edge 1543 3659 93
Edge 1544 1700 88
Edge 1544 2329 63
Edge 1544 2631 62
Edge 1544 2784 50
Edge 1544 2841 56
Edge 1544 3118 88
Edge 1544 3418 50
Edge 1545 1549 83
Edge 1545 1720 80
Edge 1545 1794 85
Edge 1545 1930 53
Edge 1545 2070 64
Edge 1545 2141 63
Edge 1545 2431 93
Edge 1545 2509 77
Edge 1545 2520 72
Edge 1545 2643 62
Edge 1545 2888 76
Edge 1545 2919 53
Edge 1545 3053 94
Edge 1545 3266 81
Edge 1545 3295 68
Edge 1546 1892 84
Edge 1546 2052 57
Edge 1546 2212 99
Edge 1546 2377 82
Edge 1546 2495 84
Edge 1546 2528 78
Edge 1546 2759 69
Edge 1546 2839 97
Edge 1546 3234 53
Edge 1546 3381 91
Edge 1546 3386 92
Edge 1546 3622 68
Edge 1547 1548 93
Edge 1547 1837 63
Edge 1547 1995 71
Edge 1547 2116 93
Edge 1547 2224 88
Edge 1547 2557 90
Edge 1547 2563 88
Edge 1547 2675 55
Edge 1547 2833 82
Edge 1547 2986 51
Edge 1547 3481 56
Edge 1547 3565 65
Edge 1548 1679 62
Edge 1548 1821 55
Edge 1548 1890 74
Edge 1548 2023 78
Edge 1548 2413 98
Edge 1548 2541 68
Edge 1548 2633 95
Edge 1548 2973 51
Edge 1548 3318 66
Edge 1549 1969 63
Edge 1549 2457 99
Edge 1549 2993 96
Edge 1549 3044 51
Edge 1549 3658 99
Edge 1549 3661 58
Edge 1550 1616 82
Edge 1550 1761 86
Edge 1550 1779 76
Edge 1550 1873 50
Edge 1550 2378 88
Edge 1550 2720 85
Edge 1550 2994 92
Edge 1550 3140 53
Edge 1550 3151 78
Edge 1550 3190 81
Edge 1551 1554 95
Edge 1551 1578 99
Edge 1551 1650 81
Edge 1551 2350 83
Edge 1551 2560 96
Edge 1551 2782 73
Edge 1551 2872 60
Edge 1551 2881 92
Edge 1551 3045 53
Edge 1551 3098 95
Edge 1551 3658 53
Edge 1552 1653 96
Edge 1552 1752 73
Edge 1552 1890 60
Edge 1552 2021 68
Edge 1552 2073 60
Edge 1552 2463 94
Edge 1552 2847 52
Edge 1552 3323 94
Edge 1552 3352 92
Edge 1552 3601 55
Edge 1553 1964 55
Edge 1553 1984 96
Edge 1553 2068 66
Edge 1553 2937 53
Edge 1553 2999 72
Edge 1553 3584 77
Edge 1554 1610 94
Edge 1554 2264 61
Edge 1554 2449 57
Edge 1554 2501 67
Edge 1554 2553 63
Edge 1554 2825 57
Edge 1554 2887 79
Edge 1554 2924 59
Edge 1554 3144 81
Edge 1554 3229 73
Edge 1554 3514 97
Edge 1554 3632 90
Edge 1555 1572 51
Edge 1555 1591 55
Edge 1555 1604 61
Edge 1555 2136 64
Edge 1555 2442 78
Edge 1555 2538 86
Edge 1555 2582 50
Edge 1555 2670 95
Edge 1555 3092 90
Edge 1556 1641 74
Edge 1556 2182 70
Edge 1556 2217 99
Edge 1556 2588 60
Edge 1556 2598 50
Edge 1556 2815 79
Edge 1556 3078 69
Edge 1557 1720 82
Edge 1557 1742 56
Edge 1557 1847 59
Edge 1557 2060 74
Edge 1557 2110 75
Edge 1557 2181 99
Edge 1557 2297 60
Edge 1557 2816 98
Edge 1557 3077 94
Edge 1558 1604 92
Edge 1558 1922 73
Edge 1558 2123 77
Edge 1558 2145 76
Edge 1558 2388 64
Edge 1558 2468 53
Edge 1558 2641 55
Edge 1558 2831 60
Edge 1558 2913 96
Edge 1559 1619 73
Edge 1559 2080 82
Edge 1559 2111 87
Edge 1559 2117 54
Edge 1559 2276 50
Edge 1559 2438 63
Edge 1559 2629 59
Edge 1559 2718 60
Edge 1559 2757 67
Edge 1559 3307 88
Edge 1559 3423 95
Edge 1559 3489 96
Edge 1559 3530 54
Edge 1559 3549 60
Edge 1560 1635 63
Edge 1560 1667 59
Edge 1560 1816 59
Edge 1560 1840 99
Edge 1560 1843 61
Edge 1560 2002 56
Edge 1560 2127 73
Edge 1560 2301 72
Edge 1560 2330 58
Edge 1560 2553 59
Edge 1560 2841 78
Edge 1560 3491 66
Edge 1561 1945 72
Edge 1561 2126 68
Edge 1561 2181 97
Edge 1561 2510 56
Edge 1561 2679 65
Edge 1561 2908 93
Edge 1561 3001 54
Edge 1561 3031 71
Edge 1561 3142 98
Edge 1561 3393 58
Edge 1561 3540 75
Edge 1561 3618 89
Edge 1562 1772 81
Edge 1562 1850 68
Edge 1562 2074 89
Edge 1562 2089 84
Edge 1562 2418 52
Edge 1562 2426 53
Edge 1562 2654 80
Edge 1562 2665 71
Edge 1562 3232 76
Edge 1562 3306 93
Edge 1562 3450 83
Edge 1562 3573 94
Edge 1563 1594 67
Edge 1563 1749 83
Edge 1563 1846 53
Edge 1563 1953 59
Edge 1563 2165 52
Edge 1563 2319 70
Edge 1563 2361 65
Edge 1563 3066 81
Edge 1563 3154 91
Edge 1563 3576 69
Edge 1564 1972 68
Edge 1564 2337 85
Edge 1564 2365 85
Edge 1564 2436 69
Edge 1564 2478 69
Edge 1564 2617 61
Edge 1564 2697 86
Edge 1564 3050 79
Edge 1564 3144 58
Edge 1564 3198 78
Edge 1564 3432 86
Edge 1564 3621 86
Edge 1564 3627 64
Edge 1565 1612 95
Edge 1565 1755 51
Edge 1565 1778 92
Edge 1565 1972 92
Edge 1565 2025 69
Edge 1565 2038 86
Edge 1565 2134 97
Edge 1565 2237 79
Edge 1565 2251 51
Edge 1565 2295 88
Edge 1565 2687 51
Edge 1565 2905 65
Edge 1566 1626 90
Edge 1566 1711 96
Edge 1566 1735 85
Edge 1566 1834 60
Edge 1566 1848 76
Edge 1566 1957 59
Edge 1566 2127 83
Edge 1566 2584 79
Edge 1566 3148 52
Edge 1566 3609 57
Edge 1567 1652 58
Edge 1567 1846 54
Edge 1567 1920 65
Edge 1567 1963 72
Edge 1567 2334 87
Edge 1567 2538 97
Edge 1567 3140 99
Edge 1567 3286 91
Edge 1568 2040 79
Edge 1568 2204 76
Edge 1568 2318 89
Edge 1568 2397 78
Edge 1568 2432 63
Edge 1568 2510 85
Edge 1568 2609 76
Edge 1568 2904 81
Edge 1568 3045 65
Edge 1568 3129 84
Edge 1569 1584 82
Edge 1569 1617 67
Edge 1569 1656 73
Edge 1569 1658 98
Edge 1569 1702 83
Edge 1569 1811 54
Edge 1569 2024 84
Edge 1569 2523 86
Edge 1569 2951 59
Edge 1569 3320 54
Edge 1569 3458 80
Edge 1569 3590 80
Edge 1570 1617 63
Edge 1570 1628 55
Edge 1570 2174 53
Edge 1570 2255 65
Edge 1570 2319 63
Edge 1570 2770 83
Edge 1570 2819 72
Edge 1570 2917 60
Edge 1570 2927 74
Edge 1570 3030 73
Edge 1570 3258 92
Edge 1570 3333 59
Edge 1571 1660 59
Edge 1571 1661 99
Edge 1571 1688 65
Edge 1571 2082 83
Edge 1571 2142 61
Edge 1571 2526 97
Edge 1571 2912 50
Edge 1571 3095 67
Edge 1571 3104 94
Edge 1571 3192 53
Edge 1571 3316 97
Edge 1571 3507 81
Edge 1572 1649 64
Edge 1572 1880 87
Edge 1572 2253 83
Edge 1572 2351 51
Edge 1572 2445 79
Edge 1572 2463 96
Edge 1572 2537 86
Edge 1572 2591 55
Edge 1572 2768 80
Edge 1572 2786 66
Edge 1572 3414 97
Edge 1573 1597 55
Edge 1573 1935 65
Edge 1573 2014 65
Edge 1573 2180 76
Edge 1573 2236 86
Edge 1573 2261 99
Edge 1573 2277 83
Edge 1573 2314 67
Edge 1573 2481 57
Edge 1573 2633 80
Edge 1573 2743 97
Edge 1574 1621 61
Edge 1574 1665 73
Edge 1574 1856 79
Edge 1574 1869 52
Edge 1574 2140 73
Edge 1574 2224 94
Edge 1574 2540 59
Edge 1574 2665 60
Edge 1574 2727 87
Edge 1574 2836 81
Edge 1574 2880 86
Edge 1574 3639 80
Edge 1575 1744 80
Edge 1575 1864 84
Edge 1575 2048 78
Edge 1575 2138 77
Edge 1575 2250 96
Edge 1575 2358 52
Edge 1575 2588 82
Edge 1575 2606 55
Edge 1575 2798 81
Edge 1575 2808 72
Edge 1575 3128 76
Edge 1576 1644 55
Edge 1576 1667 99
Edge 1576 2033 77
Edge 1576 2142 92
Edge 1576 2237 77
Edge 1576 2454 97
Edge 1576 2558 56
Edge 1576 2961 79
Edge 1576 3037 74
Edge 1576 3196 67
Edge 1577 1979 70
Edge 1577 2256 71
Edge 1577 2260 66
Edge 1577 2316 72
Edge 1577 2549 80
Edge 1577 3277 50
Edge 1577 3475 85
Edge 1578 2211 52
Edge 1578 2299 92
Edge 1578 2547 95
Edge 1578 2748 54
Edge 1578 2797 67
Edge 1578 2981 73
Edge 1578 3132 60
Edge 1578 3199 90
Edge 1578 3206 97
Edge 1579 1687 69
Edge 1579 1927 56
Edge 1579 2361 57
Edge 1579 2423 59
Edge 1579 2430 57
Edge 1579 2507 56
Edge 1579 2565 57
Edge 1579 2680 60
Edge 1579 2743 88
Edge 1579 2889 79
Edge 1579 3211 64
Edge 1580 1766 58
Edge 1580 1770 99
Edge 1580 1816 50
Edge 1580 1970 98
Edge 1580 2516 56
Edge 1580 2761 99
Edge 1580 2794 93
Edge 1580 2805 76
Edge 1580 2899 63
Edge 1581 1587 61
Edge 1581 1938 90
Edge 1581 2701 58
Edge 1581 2780 83
Edge 1581 3559 78
Edge 1582 1910 88
Edge 1582 1928 77
Edge 1582 2007 67
Edge 1582 2042 62
Edge 1582 2108 76
Edge 1582 2364 65
Edge 1582 2474 67
Edge 1582 2492 85
Edge 1582 2634 57
Edge 1582 2681 97
Edge 1582 2682 61
Edge 1582 2906 85
Edge 1582 2996 79
Edge 1582 3006 50
Edge 1582 3020 83
Edge 1582 3240 73
Edge 1583 1840 81
Edge 1583 2015 90
Edge 1583 2377 92
Edge 1583 2522 67
Edge 1583 2556 91
Edge 1583 3352 68
Edge 1584 1665 83
Edge 1584 1673 85
Edge 1584 1938 66
Edge 1584 1973 94
Edge 1584 1993 82
Edge 1584 2420 54
Edge 1584 2602 52
Edge 1585 1604 95
Edge 1585 2104 90
Edge 1585 2722 87
Edge 1585 3130 71
Edge 1585 3340 79
Edge 1585 3518 83
Edge 1585 3582 79
Edge 1585 3618 82
Edge 1586 1732 92
Edge 1586 2003 55
Edge 1586 2033 90
Edge 1586 2416 63
Edge 1586 3122 54
Edge 1586 3165 94
Edge 1586 3169 92
Edge 1586 3183 96
Edge 1586 3376 91
Edge 1587 1602 89
Edge 1587 1797 67
Edge 1587 1959 57
Edge 1587 2042 78
Edge 1587 2096 70
Edge 1587 2388 53
Edge 1587 2477 72
Edge 1587 2668 72
Edge 1587 2765 94
Edge 1587 2882 91
Edge 1588 1589 94
Edge 1588 1643 99
Edge 1588 1705 67
Edge 1588 1884 86
Edge 1588 1971 53
Edge 1588 2240 60
Edge 1588 2395 58
Edge 1588 2681 77
Edge 1588 2823 67
Edge 1588 2911 63
Edge 1588 2926 95
Edge 1588 3243 61
Edge 1588 3517 56
Edge 1589 1731 59
Edge 1589 1809 84
Edge 1589 1870 60
Edge 1589 1877 60
Edge 1589 1987 52
Edge 1589 2123 75
Edge 1589 2153 75
Edge 1589 2474 59
Edge 1589 2617 65
Edge 1589 2944 76
Edge 1589 3426 78
Edge 1590 1938 62
Edge 1590 1996 60
Edge 1590 2524 71
Edge 1590 2763 55
Edge 1590 2891 84
Edge 1590 3114 79
Edge 1590 3216 72
Edge 1590 3265 86
Edge 1591 2061 94
Edge 1591 2579 79
Edge 1591 2703 60
Edge 1591 2871 53
Edge 1591 2876 90
Edge 1591 3072 73
Edge 1591 3218 60
Edge 1591 3283 60
Edge 1591 3399 59
Edge 1591 3526 98
Edge 1592 1818 55
Edge 1592 2177 93
Edge 1592 2204 60
Edge 1592 2233 59
Edge 1592 2300 64
Edge 1592 2368 52
Edge 1592 2481 55
Edge 1592 2764 99
Edge 1592 2877 57
Edge 1592 2923 89
Edge 1592 2944 87
Edge 1592 3575 59
Edge 1592 3645 93
Edge 1593 1647 79
Edge 1593 1797 63
Edge 1593 2055 95
Edge 1593 2213 75
Edge 1593 2436 59
Edge 1593 2808 65
Edge 1593 3166 53
Edge 1593 3416 83
Edge 1594 1849 87
Edge 1594 1891 97
Edge 1594 1937 69
Edge 1594 2021 93
Edge 1594 2197 68
Edge 1594 2233 91
Edge 1594 2460 71
Edge 1594 2706 80
Edge 1594 2719 57
Edge 1594 2789 98
Edge 1594 2900 72
Edge 1594 2966 52
Edge 1594 3208 53
Edge 1594 3476 94
Edge 1594 3635 98
Edge 1594 3645 66
Edge 1595 1835 64
Edge 1595 2074 62
Edge 1595 2174 65
Edge 1595 2191 64
Edge 1595 2298 50
Edge 1595 2385 97
Edge 1595 2545 94
Edge 1595 2773 51
Edge 1595 3549 85
Edge 1596 1692 59
Edge 1596 2222 73
Edge 1596 2248 66
Edge 1596 2389 68
Edge 1596 2532 66
Edge 1596 2678 57
Edge 1596 2766 88
Edge 1596 2806 70
Edge 1596 2827 66
Edge 1596 2983 65
Edge 1597 1681 69
Edge 1597 1940 70
Edge 1597 2173 86
Edge 1597 2298 88
Edge 1597 2618 67
Edge 1597 2650 78
Edge 1597 2778 61
Edge 1597 2794 91
Edge 1597 2895 51
Edge 1597 2905 83
Edge 1597 3178 51
Edge 1597 3203 66
Edge 1597 3268 52
Edge 1597 3388 94
Edge 1598 1653 75
Edge 1598 1856 69
Edge 1598 1993 82
Edge 1598 2062 66
Edge 1598 2087 88
Edge 1598 2252 73
Edge 1598 2609 97
Edge 1598 2963 88
Edge 1598 3355 78
Edge 1598 3463 79
Edge 1599 1654 74
Edge 1599 2139 76
Edge 1599 2248 96
Edge 1599 2450 62
Edge 1599 2869 58
Edge 1599 3086 73
Edge 1599 3249 70
Edge 1599 3473 91
Edge 1599 3646 67
Edge 1600 2058 94
Edge 1600 2280 54
Edge 1600 2301 53
Edge 1600 2352 88
Edge 1600 2613 67
Edge 1600 3086 63
Edge 1600 3177 98
Edge 1600 3381 96
Edge 1601 1903 75
Edge 1601 1935 50
Edge 1601 1976 88
Edge 1601 2033 59
Edge 1601 2046 69
Edge 1601 2064 67
Edge 1601 2625 99
Edge 1601 2631 64
Edge 1601 2783 65
Edge 1601 2973 92
Edge 1602 1656 95
Edge 1602 1717 80
Edge 1602 2015 58
Edge 1602 2099 83
Edge 1602 2408 77
Edge 1602 2430 90
Edge 1602 2753 76
Edge 1602 2808 59
Edge 1602 2835 80
Edge 1602 3108 89
Edge 1602 3237 87
Edge 1602 3571 98
Edge 1603 1650 50
Edge 1603 1881 68
Edge 1603 1887 97
Edge 1603 2152 76
Edge 1603 2225 91
Edge 1603 2722 85
Edge 1603 3038 94
Edge 1603 3099 94
Edge 1603 3100 78
Edge 1603 3587 97
Edge 1604 1752 86
Edge 1604 1842 94
Edge 1604 1929 64
Edge 1604 2309 53
Edge 1604 2670 50
Edge 1604 2712 83
Edge 1604 3050 71
Edge 1604 3067 50
Edge 1604 3147 83
Edge 1604 3270 55
Edge 1604 3585 91
Edge 1605 1634 88
Edge 1605 1744 66
Edge 1605 1798 58
Edge 1605 1935 94
Edge 1605 1971 95
Edge 1605 2118 73
Edge 1605 2391 68
Edge 1605 2926 57
Edge 1605 3377 78
Edge 1605 3495 52
Edge 1606 1757 96
Edge 1606 1777 97
Edge 1606 1923 56
Edge 1606 2130 89
Edge 1606 2139 50
Edge 1606 2232 85
Edge 1606 2261 51
Edge 1606 2296 64
Edge 1606 2383 79
Edge 1606 2807 99
Edge 1606 2948 69
Edge 1607 2112 74
Edge 1607 2318 61
Edge 1607 2611 97
Edge 1607 2635 69
Edge 1607 2694 66
Edge 1607 2914 53
Edge 1607 2990 84
Edge 1607 3050 68
Edge 1607 3087 95
Edge 1607 3408 90
Edge 1607 3530 62
Edge 1608 1859 54
Edge 1608 2042 50
Edge 1608 2279 54
Edge 1608 2315 63
Edge 1608 2519 79
Edge 1608 2628 85
Edge 1608 2923 54
Edge 1608 2924 70
Edge 1608 3101 97
Edge 1608 3661 51
Edge 1609 1636 97
Edge 1609 1642 79
Edge 1609 2052 93
Edge 1609 2364 67
Edge 1609 2719 97
Edge 1609 2722 99
Edge 1609 2930 82
Edge 1609 3346 99
Edge 1609 3553 54
Edge 1609 3594 80
Edge 1610 2081 50
Edge 1610 2307 52
Edge 1610 2404 64
Edge 1610 2456 55
Edge 1610 2791 89
Edge 1610 2820 51
Edge 1610 3004 94
Edge 1611 1639 73
Edge 1611 1654 71
Edge 1611 1891 96
Edge 1611 1962 73
Edge 1611 1971 54
Edge 1611 2006 72
Edge 1611 2319 79
Edge 1611 2551 62
Edge 1611 2598 52
Edge 1611 2819 76
Edge 1611 3130 58
Edge 1611 3594 87
Edge 1612 1880 72
Edge 1612 2181 96
Edge 1612 2267 80
Edge 1612 2473 92
Edge 1612 2617 94
Edge 1612 2948 89
Edge 1612 3036 61
Edge 1612 3126 67
Edge 1612 3151 74
Edge 1612 3251 67
Edge 1612 3536 74
Edge 1613 2109 71
Edge 1613 3013 74
Edge 1613 3148 63
Edge 1613 3205 78
Edge 1613 3286 80
Edge 1613 3529 60
Edge 1614 1693 59
Edge 1614 1894 71
Edge 1614 1957 99
Edge 1614 2184 85
Edge 1614 2408 89
Edge 1614 2412 71
Edge 1614 2468 75
Edge 1614 2655 55
Edge 1614 2990 87
Edge 1614 3156 79
Edge 1614 3320 71
Edge 1614 3573 87
Edge 1615 1879 77
Edge 1615 1881 52
Edge 1615 2116 50
Edge 1615 2199 83
Edge 1615 2512 96
Edge 1615 2729 51
Edge 1615 2768 59
Edge 1615 2856 85
Edge 1615 3183 92
Edge 1615 3405 84
Edge 1616 2052 58
Edge 1616 2623 86
Edge 1616 2676 80
Edge 1616 2815 85
Edge 1616 2901 50
Edge 1616 3030 61
Edge 1616 3121 67
Edge 1616 3218 61
Edge 1616 3483 79
Edge 1617 1642 82
Edge 1617 1808 74
Edge 1617 2021 50
Edge 1617 2081 60
Edge 1617 2583 94
Edge 1617 2655 61
Edge 1617 2739 94
Edge 1617 2959 99
Edge 1617 3456 98
Edge 1617 3631 64
Edge 1617 3645 80
Edge 1618 1645 71
Edge 1618 1670 67
Edge 1618 2296 77
Edge 1618 2314 55
Edge 1618 2414 71
Edge 1618 3064 76
Edge 1618 3113 94
Edge 1618 3630 53
Edge 1619 2122 72
Edge 1619 2440 66
Edge 1619 2574 71
Edge 1620 1705 77
Edge 1620 1949 89
Edge 1620 2169 82
Edge 1620 2540 98
Edge 1620 2541 62
Edge 1620 2554 72
Edge 1620 3325 99
Edge 1620 3372 72
Edge 1620 3393 80
Edge 1620 3468 63
Edge 1620 3504 97
Edge 1620 3547 52
Edge 1621 1698 99
Edge 1621 1738 58
Edge 1621 2073 93
Edge 1621 2203 57
Edge 1621 2487 84
Edge 1621 2635 83
Edge 1621 2771 96
Edge 1621 2854 99
Edge 1621 2943 57
Edge 1621 3217 88
Edge 1621 3499 98
Edge 1621 3644 50
Edge 1622 1642 72
Edge 1622 2094 65
Edge 1622 2503 93
Edge 1622 2526 96
Edge 1622 2572 90
Edge 1622 2620 83
Edge 1622 3001 85
Edge 1622 3201 84
Edge 1622 3221 95
Edge 1622 3297 50
Edge 1622 3450 62
Edge 1623 1852 70
Edge 1623 1868 50
Edge 1623 2019 73
Edge 1623 2058 62
Edge 1623 2068 68
Edge 1623 2155 93
Edge 1623 2302 79
Edge 1623 2309 59
Edge 1623 2632 60
Edge 1623 2746 84
Edge 1623 2974 91
Edge 1623 3264 93
Edge 1623 3668 93
Edge 1624 1854 52
Edge 1624 2214 67
Edge 1624 2261 73
Edge 1624 2320 51
Edge 1624 2412 92
Edge 1624 2526 53
Edge 1624 3068 59
Edge 1624 3149 91
Edge 1624 3183 91
Edge 1624 3448 58
Edge 1624 3462 79
Edge 1625 2543 83
Edge 1625 2617 99
Edge 1625 2711 93
Edge 1625 2773 64
Edge 1625 2774 66
Edge 1625 2890 67
Edge 1625 2962 70
Edge 1625 3155 72
Edge 1626 1706 84
Edge 1626 1962 72
Edge 1626 1972 88
Edge 1626 2031 61
Edge 1626 2940 54
Edge 1626 2983 73
Edge 1626 3174 63
Edge 1626 3219 69
Edge 1627 1697 92
Edge 1627 1747 95
Edge 1627 1768 60
Edge 1627 2057 90
Edge 1627 2428 96
Edge 1627 2429 57
Edge 1627 2479 93
Edge 1627 3052 82
Edge 1627 3254 88
Edge 1627 3336 59
Edge 1627 3420 92
Edge 1627 3434 76
Edge 1628 1697 64
Edge 1628 1807 55
Edge 1628 1993 50
Edge 1628 2571 84
Edge 1628 2627 76
Edge 1628 2781 58
Edge 1628 3223 77
Edge 1628 3349 93
Edge 1628 3368 75
Edge 1629 1907 74
Edge 1629 1934 55
Edge 1629 1980 52
Edge 1629 1996 73
Edge 1629 2264 67
Edge 1629 2331 57
Edge 1629 2554 80
Edge 1629 2775 81
Edge 1629 2909 94
Edge 1629 3248 98
Edge 1629 3326 50
Edge 1629 3392 52
Edge 1629 3647 89
Edge 1630 1846 87
Edge 1630 2392 61
Edge 1630 2591 74
Edge 1630 2731 59
Edge 1630 2774 78
Edge 1630 2928 53
Edge 1630 2999 89
Edge 1630 3092 74
Edge 1631 2662 77
Edge 1631 2960 76
Edge 1631 2972 93
Edge 1631 3256 90
Edge 1631 3400 55
Edge 1631 3450 97
Edge 1631 3471 65
Edge 1632 1667 53
Edge 1632 1781 81
Edge 1632 2021 89
Edge 1632 2035 88
Edge 1632 2881 70
Edge 1632 3010 77
Edge 1632 3101 90
Edge 1632 3290 90
Edge 1632 3362 91
Edge 1633 1803 89
Edge 1633 1809 75
Edge 1633 1975 75
Edge 1633 2023 77
Edge 1633 2242 81
Edge 1633 2569 71
Edge 1633 2586 56
Edge 1633 2634 98
Edge 1633 2653 72
Edge 1633 2850 57
Edge 1633 3027 90
Edge 1633 3122 69
Edge 1633 3520 99
Edge 1633 3535 91
Edge 1633 3537 71
Edge 1634 2038 75
Edge 1634 2318 64
Edge 1634 2335 54
Edge 1634 2497 78
Edge 1634 2759 62
Edge 1634 3035 96
Edge 1634 3295 90
Edge 1635 3183 72
Edge 1635 3261 64
Edge 1636 1743 95
Edge 1636 1899 88
Edge 1636 2368 61
Edge 1636 2491 61
Edge 1636 3078 91
Edge 1636 3131 97
Edge 1636 3348 93
Edge 1636 3551 93
Edge 1636 3576 54
Edge 1637 1764 61
Edge 1637 2155 53
Edge 1637 2226 87
Edge 1637 2976 56
Edge 1637 2978 82
Edge 1637 3063 85
Edge 1637 3268 78
Edge 1638 1852 82
Edge 1638 1976 51
Edge 1638 2032 76
Edge 1638 2070 67
Edge 1638 2112 95
Edge 1638 2151 64
Edge 1638 2642 84
Edge 1638 2725 71
Edge 1638 2859 85
Edge 1638 2907 85
Edge 1638 3020 56
Edge 1638 3026 90
Edge 1638 3565 99
Edge 1639 1937 87
Edge 1639 1946 78
Edge 1639 1950 86
Edge 1639 2148 93
Edge 1639 2533 79
Edge 1639 2582 51
Edge 1639 2783 58
Edge 1639 2836 53
Edge 1639 2958 96
Edge 1639 3059 53
Edge 1640 1720 63
Edge 1640 1761 87
Edge 1640 1879 96
Edge 1640 1947 74
Edge 1640 2395 82
Edge 1640 2958 69
Edge 1640 3043 95
Edge 1640 3300 85
Edge 1641 1710 79
Edge 1641 1838 53
Edge 1641 1972 57
Edge 1641 2083 70
Edge 1641 2235 89
Edge 1641 2311 73
Edge 1641 2494 80
Edge 1641 2704 83
Edge 1641 3143 61
Edge 1642 1882 96
Edge 1642 2186 85
Edge 1642 2788 98
Edge 1642 2973 67
Edge 1642 3140 58
Edge 1642 3451 67
Edge 1643 2053 78
Edge 1643 2060 92
Edge 1643 2349 98
Edge 1643 2386 87
Edge 1643 2453 70
Edge 1643 2707 95
Edge 1643 2836 87
Edge 1643 3239 56
Edge 1643 3438 96
Edge 1643 3616 81
Edge 1644 1743 90
Edge 1644 1949 89
Edge 1644 2066 52
Edge 1644 2136 72
Edge 1644 2224 54
Edge 1644 2257 56
Edge 1644 2751 83
Edge 1644 2797 74
Edge 1644 3010 91
Edge 1644 3078 94
Edge 1644 3640 59
Edge 1645 1851 84
Edge 1645 1937 66
Edge 1645 2059 91
Edge 1645 2214 75
Edge 1645 2692 81
Edge 1645 2799 66
Edge 1645 2906 81
Edge 1645 2952 59
Edge 1645 3285 93
Edge 1645 3327 64
Edge 1645 3403 59
Edge 1645 3515 61
Edge 1645 3568 83
Edge 1646 1826 79
Edge 1646 1991 65
Edge 1646 2413 63
Edge 1646 2542 55
Edge 1646 2684 82
Edge 1646 2824 55
Edge 1646 3166 99
Edge 1646 3424 79
Edge 1646 3434 97
Edge 1646 3510 52
Edge 1647 2182 58
Edge 1647 2205 88
Edge 1647 2266 99
Edge 1647 2287 62
Edge 1647 2336 64
Edge 1647 2346 82
Edge 1647 2409 55
Edge 1647 2682 76
Edge 1647 2816 72
Edge 1647 3077 51
Edge 1647 3499 88
Edge 1648 2412 73
Edge 1648 2441 85
Edge 1648 2656 93
Edge 1648 2869 77
Edge 1648 2921 62
Edge 1648 2963 88
Edge 1648 3111 56
Edge 1648 3251 86
Edge 1649 1970 77
Edge 1649 2043 50
Edge 1649 2108 68
Edge 1649 2127 84
Edge 1649 2787 61
Edge 1649 2846 82
Edge 1649 3027 79
Edge 1649 3052 94
Edge 1649 3453 74
Edge 1649 3622 86
Edge 1650 2092 55
Edge 1650 2218 83
Edge 1650 2224 88
Edge 1650 2278 52
Edge 1650 2574 94
Edge 1650 2828 100
Edge 1650 3516 85
Edge 1651 1915 89
Edge 1651 2112 64
Edge 1651 3007 79
Edge 1651 3058 79
Edge 1651 3235 56
Edge 1651 3430 62
Edge 1651 3464 80
Edge 1651 3494 78
Edge 1652 2118 82
Edge 1652 2355 88
Edge 1652 3023 91
Edge 1652 3106 79
Edge 1652 3420 72
Edge 1653 1678 87
Edge 1653 1687 80
Edge 1653 1841 64
Edge 1653 1870 67
Edge 1653 2092 59
Edge 1653 2112 67
Edge 1653 2680 90
Edge 1653 3389 59
Edge 1654 1767 62
Edge 1654 1768 95
Edge 1654 1867 53
Edge 1654 1915 91
Edge 1654 2466 84
Edge 1654 2485 62
Edge 1654 3521 65
Edge 1654 3522 81
Edge 1655 1689 67
Edge 1655 2281 91
Edge 1655 2513 59
Edge 1655 2538 75
Edge 1655 2618 87
Edge 1655 2723 81
Edge 1655 2939 90
Edge 1655 3000 75
Edge 1655 3267 64
Edge 1655 3479 52
Edge 1655 3513 74
Edge 1655 3652 51
Edge 1656 1818 65
Edge 1656 2182 88
Edge 1656 2493 88
Edge 1656 2666 91
Edge 1656 2967 69
Edge 1656 3080 62
Edge 1656 3263 67
Edge 1656 3449 72
Edge 1656 3473 55
Edge 1657 1972 57
Edge 1657 2047 59
Edge 1657 2152 57
Edge 1657 2229 50
Edge 1657 2370 56
Edge 1657 2459 57
Edge 1657 2636 86
Edge 1657 2913 99
Edge 1657 2966 76
Edge 1657 3040 95
Edge 1657 3145 69
Edge 1657 3178 78
Edge 1657 3263 80
Edge 1657 3475 62
Edge 1658 1974 66
Edge 1658 2350 90
Edge 1658 2490 97
Edge 1658 3149 77
Edge 1658 3306 80
Edge 1658 3311 69
Edge 1658 3322 99
Edge 1658 3445 93
Edge 1658 3507 89
Edge 1658 3527 90
Edge 1659 1963 97
Edge 1659 2296 54
Edge 1659 2525 79
Edge 1659 2581 81
Edge 1659 2587 50
Edge 1659 2614 97
Edge 1659 2657 77
Edge 1659 2747 95
Edge 1659 2858 54
Edge 1659 2968 56
Edge 1659 2988 53
Edge 1659 3056 53
Edge 1659 3285 82
Edge 1659 3423 90
Edge 1660 1753 62
Edge 1660 2029 74
Edge 1660 2038 81
Edge 1660 2061 55
Edge 1660 2105 64
Edge 1660 2110 65
Edge 1660 2206 52
Edge 1660 2924 90
Edge 1660 3098 83
Edge 1660 3148 85
Edge 1661 1690 89
Edge 1661 1764 82
Edge 1661 1858 92
Edge 1661 2071 74
Edge 1661 2528 67
Edge 1661 2539 98
Edge 1661 2684 72
Edge 1661 3638 73
Edge 1662 1706 69
Edge 1662 1768 80
Edge 1662 1785 80
Edge 1662 2105 71
Edge 1662 2435 61
Edge 1662 2630 72
Edge 1662 2650 89
Edge 1662 2735 55
Edge 1662 2931 97
Edge 1662 3068 86
Edge 1662 3125 70
Edge 1662 3197 77
Edge 1662 3295 74
Edge 1662 3501 93
Edge 1662 3662 78
Edge 1663 2001 69
Edge 1663 2074 67
Edge 1663 2275 76
Edge 1663 2575 97
Edge 1663 2701 83
Edge 1663 2721 86
Edge 1663 2949 99
Edge 1663 3262 56
Edge 1663 3657 92
Edge 1664 1756 91
Edge 1664 1759 68
Edge 1664 1946 63
Edge 1664 1996 84
Edge 1664 2284 98
Edge 1664 2373 66
Edge 1664 2739 79
Edge 1664 3250 77
Edge 1664 3411 70
Edge 1664 3428 86
Edge 1665 2112 91
Edge 1665 2400 57
Edge 1665 2483 50
Edge 1665 2698 76
Edge 1665 2713 65
Edge 1665 3114 79
Edge 1665 3123 65
Edge 1665 3283 93
Edge 1666 2330 77
Edge 1666 2429 72
Edge 1666 2437 74
Edge 1666 2569 57
Edge 1667 1679 58
Edge 1667 1736 72
Edge 1667 1752 52
Edge 1667 1882 58
Edge 1667 2452 69
Edge 1667 2818 83
Edge 1667 2877 80
Edge 1667 2911 74
Edge 1668 1883 53
Edge 1668 2019 98
Edge 1668 2314 52
Edge 1668 2343 81
Edge 1668 2368 91
Edge 1668 2527 59
Edge 1668 2561 75
Edge 1668 2669 59
Edge 1668 2732 95
Edge 1668 2784 91
Edge 1668 3064 79
Edge 1668 3069 75
Edge 1668 3070 53
Edge 1669 1960 91
Edge 1669 2204 82
Edge 1669 2250 50
Edge 1669 2317 85
Edge 1669 2336 92
Edge 1669 2369 74
Edge 1669 2384 74
Edge 1669 3012 54
Edge 1669 3099 97
Edge 1669 3528 99
Edge 1669 3605 81
Edge 1670 1792 97
Edge 1670 2271 76
Edge 1670 2369 84
Edge 1670 2400 79
Edge 1670 2586 54
Edge 1670 2674 73
Edge 1670 2892 68
Edge 1670 3249 54
Edge 1670 3664 80
Edge 1671 1750 80
Edge 1671 2258 87
Edge 1671 2270 79
Edge 1671 2349 73
Edge 1671 2532 56
Edge 1671 2534 95
Edge 1671 3078 77
Edge 1671 3299 97
Edge 1672 2029 68
Edge 1672 2047 82
Edge 1672 2067 87
Edge 1672 2206 76
Edge 1672 2509 90
Edge 1672 2747 97
Edge 1672 2794 89
Edge 1672 2868 64
Edge 1672 2898 87
Edge 1672 3437 66
Edge 1673 1877 90
Edge 1673 1880 99
Edge 1673 2034 69
Edge 1673 2055 63
Edge 1673 2095 68
Edge 1673 2478 76
Edge 1673 2529 84
Edge 1673 2612 60
Edge 1673 2965 63
Edge 1673 3009 98
Edge 1673 3137 89
Edge 1673 3227 91
Edge 1673 3268 58
Edge 1673 3422 51
Edge 1673 3602 98
Edge 1674 1726 91
Edge 1674 1978 63
Edge 1674 2189 97
Edge 1674 2340 81
Edge 1674 2477 100
Edge 1674 2579 73
Edge 1674 2823 98
Edge 1674 2959 59
Edge 1674 3163 73
Edge 1674 3487 50
Edge 1675 1783 90
Edge 1675 2157 79
Edge 1675 2240 84
Edge 1675 2299 84
Edge 1675 2448 84
Edge 1675 2797 61
Edge 1675 2845 68
Edge 1675 3086 56
Edge 1675 3157 52
Edge 1675 3237 59
Edge 1675 3372 76
Edge 1675 3461 76
Edge 1676 1685 93
Edge 1676 1686 92
Edge 1676 1927 94
Edge 1676 1996 93
Edge 1676 2049 50
Edge 1676 2868 99
Edge 1676 2907 93
Edge 1676 3008 91
Edge 1677 1729 82
Edge 1677 1951 52
Edge 1677 2010 79
Edge 1677 2040 52
Edge 1677 2105 87
Edge 1677 2637 73
Edge 1677 3058 75
Edge 1677 3068 97
Edge 1677 3319 72
Edge 1677 3537 98
Edge 1678 1938 88
Edge 1678 2406 87
Edge 1678 2470 55
Edge 1678 2688 93
Edge 1678 2933 78
Edge 1678 3405 63
Edge 1679 1730 57
Edge 1679 1765 51
Edge 1679 1906 78
Edge 1679 2234 72
Edge 1679 2350 64
Edge 1679 2699 89
Edge 1679 3303 98
Edge 1679 3426 63
Edge 1680 1796 72
Edge 1680 1922 98
Edge 1680 2023 87
Edge 1680 2281 77
Edge 1680 2374 60
Edge 1680 2517 70
Edge 1680 2547 72
Edge 1680 2668 99
Edge 1680 3327 54
Edge 1680 3476 67
Edge 1681 2077 88
Edge 1681 2115 62
Edge 1681 2408 82
Edge 1681 2475 86
Edge 1681 2751 92
Edge 1681 2938 96
Edge 1681 2970 57
Edge 1681 3236 82
Edge 1681 3487 82
Edge 1681 3505 92
Edge 1682 1797 52
Edge 1682 1892 93
Edge 1682 2015 98
Edge 1682 2388 67
Edge 1682 2908 61
Edge 1682 2963 50
Edge 1682 3008 50
Edge 1683 1927 61
Edge 1683 2420 83
Edge 1683 2709 80
Edge 1683 2734 80
Edge 1683 2936 92
Edge 1683 3237 74
Edge 1683 3274 94
Edge 1683 3400 56
Edge 1683 3478 65
Edge 1684 1754 80
Edge 1684 1901 65
Edge 1684 2091 85
Edge 1684 2235 61
Edge 1684 2262 56
Edge 1684 2410 56
Edge 1684 2664 87
Edge 1684 2795 67
Edge 1685 1862 52
Edge 1685 2267 59
Edge 1685 2284 84
Edge 1685 2335 65
Edge 1685 2427 71
Edge 1685 2501 78
Edge 1685 2561 58
Edge 1685 2743 87
Edge 1685 3456 94
Edge 1686 2202 71
Edge 1686 2885 77
Edge 1686 3157 75
Edge 1686 3348 61
Edge 1686 3635 99
Edge 1687 2029 82
Edge 1687 2064 90
Edge 1687 2214 94
Edge 1687 2512 56
Edge 1687 2887 87
Edge 1687 3111 71
Edge 1687 3302 78
Edge 1687 3332 76
Edge 1688 1868 65
Edge 1688 1899 87
Edge 1688 2241 70
Edge 1688 2267 82
Edge 1688 2389 66
Edge 1688 2632 99
Edge 1688 2671 51
Edge 1688 2758 92
Edge 1688 2875 52
Edge 1688 3049 51
Edge 1689 1756 98
Edge 1689 1767 53
Edge 1689 1898 76
Edge 1689 2113 55
Edge 1689 2188 59
Edge 1689 2217 62
Edge 1689 2259 74
Edge 1689 2369 65
Edge 1689 2398 89
Edge 1689 2578 76
Edge 1689 3092 54
Edge 1689 3278 83
Edge 1690 2021 64
Edge 1690 2377 67
Edge 1690 2464 96
Edge 1690 3214 57
Edge 1690 3371 57
Edge 1691 1764 62
Edge 1691 1850 75
Edge 1691 2313 62
Edge 1691 2328 61
Edge 1691 2377 73
Edge 1691 2937 83
Edge 1691 2971 98
Edge 1691 2972 96
Edge 1691 3160 97
Edge 1692 1923 51
Edge 1692 2117 54
Edge 1692 2210 98
Edge 1692 2678 64
Edge 1692 3108 75
Edge 1692 3117 60
Edge 1692 3288 71
Edge 1692 3351 88
Edge 1693 1776 69
Edge 1693 1795 57
Edge 1693 1806 82
Edge 1693 1832 62
Edge 1693 1840 51
Edge 1693 3028 94
Edge 1693 3262 96
Edge 1693 3282 58
Edge 1693 3286 72
Edge 1693 3344 76
Edge 1694 1756 77
Edge 1694 1813 81
Edge 1694 2072 58
Edge 1694 2637 50
Edge 1694 2958 67
Edge 1694 3019 81
Edge 1694 3162 75
Edge 1694 3334 75
Edge 1694 3583 63
Edge 1694 3584 69
Edge 1694 3612 96
Edge 1694 3630 66
Edge 1695 1813 60
Edge 1695 2061 90
Edge 1695 2403 78
Edge 1695 2993 91
Edge 1695 3194 98
Edge 1696 1785 60
Edge 1696 1787 75
Edge 1696 2093 55
Edge 1696 2162 94
Edge 1696 2423 87
Edge 1696 2584 89
Edge 1696 2623 62
Edge 1696 2806 59
Edge 1696 2934 79
Edge 1696 3161 91
Edge 1696 3337 78
Edge 1696 3422 60
Edge 1697 1803 80
Edge 1697 2041 84
Edge 1697 2144 77
Edge 1697 2228 52
Edge 1697 2289 99
Edge 1697 2510 61
Edge 1697 2826 78
Edge 1697 3095 91
Edge 1697 3343 66
Edge 1697 3581 80
Edge 1698 1848 66
Edge 1698 1893 60
Edge 1698 2042 91
Edge 1698 2315 61
Edge 1698 2639 72
Edge 1698 2828 77
Edge 1698 3070 86
Edge 1698 3246 72
Edge 1699 1930 59
Edge 1699 2428 87
Edge 1699 2462 91
Edge 1699 2668 51
Edge 1699 2712 74
Edge 1699 2722 59
Edge 1699 3018 55
Edge 1699 3032 85
Edge 1699 3090 87
Edge 1699 3221 80
Edge 1700 1999 65
Edge 1700 2318 91
Edge 1700 2424 79
Edge 1700 2507 53
Edge 1700 2532 63
Edge 1700 2694 93
Edge 1700 2887 58
Edge 1700 3121 66
Edge 1700 3293 64
Edge 1700 3617 77
Edge 1701 2194 92
Edge 1701 2211 79
Edge 1701 2292 72
Edge 1701 2441 80
Edge 1701 2538 60
Edge 1701 2930 76
Edge 1701 3127 86
Edge 1701 3562 72
Edge 1701 3610 77
Edge 1702 1708 58
Edge 1702 2007 80
Edge 1702 2753 84
Edge 1702 2816 75
Edge 1702 2836 58
Edge 1702 2862 95
Edge 1702 2978 78
Edge 1702 3172 89
Edge 1702 3323 59
Edge 1702 3423 54
Edge 1702 3424 50
Edge 1702 3551 67
Edge 1703 1788 67
Edge 1703 2334 78
Edge 1703 2605 72
Edge 1703 3021 59
Edge 1703 3248 65
Edge 1703 3415 74
Edge 1703 3435 87
Edge 1704 1774 94
Edge 1704 1913 99
Edge 1704 1942 56
Edge 1704 2011 78
Edge 1704 2218 97
Edge 1704 2222 59
Edge 1704 2534 81
Edge 1704 2634 94
Edge 1704 3022 50
Edge 1704 3473 95
Edge 1704 3565 79
Edge 1705 1707 51
Edge 1705 1791 83
Edge 1705 2209 78
Edge 1705 2276 81
Edge 1705 2348 75
Edge 1705 2594 94
Edge 1705 3119 95
Edge 1705 3410 64
Edge 1705 3442 73
Edge 1706 1914 61
Edge 1706 2051 91
Edge 1706 2056 85
Edge 1706 2079 68
Edge 1706 2247 94
Edge 1706 2726 91
Edge 1706 2751 96
Edge 1706 2880 51
Edge 1706 3052 92
Edge 1706 3231 82
Edge 1706 3563 73
Edge 1707 1928 78
Edge 1707 2078 54
Edge 1707 2368 99
Edge 1707 2419 64
Edge 1707 2565 94
Edge 1707 2825 63
Edge 1707 3034 82
Edge 1707 3106 51
Edge 1708 1928 84
Edge 1708 2115 59
Edge 1708 2172 82
Edge 1708 2479 53
Edge 1708 2646 79
Edge 1708 2704 73
Edge 1708 2928 78
Edge 1708 3244 52
Edge 1708 3387 80
Edge 1708 3465 78
Edge 1708 3502 73
Edge 1709 2135 82
Edge 1709 2185 65
Edge 1709 2227 60
Edge 1709 2425 81
Edge 1709 2713 93
Edge 1709 2717 64
Edge 1709 2734 86
Edge 1709 2814 56
Edge 1709 2980 81
Edge 1709 3117 69
Edge 1709 3257 96
Edge 1710 1966 95
Edge 1710 2164 78
Edge 1710 2193 94
Edge 1710 2549 52
Edge 1710 2562 50
Edge 1710 2628 93
Edge 1710 2807 61
Edge 1710 3180 72
Edge 1711 2048 53
Edge 1711 2192 71
Edge 1711 2222 71
Edge 1711 2256 52
Edge 1711 2334 84
Edge 1711 2960 80
Edge 1711 3094 89
Edge 1711 3470 82
Edge 1712 1825 90
Edge 1712 1910 71
Edge 1712 1942 54
Edge 1712 2038 51
Edge 1712 2109 85
Edge 1712 2157 51
Edge 1712 2167 86
Edge 1712 2888 63
Edge 1712 3134 98
Edge 1712 3143 70
Edge 1712 3335 50
Edge 1712 3651 72
Edge 1713 1868 80
Edge 1713 1939 64
Edge 1713 2045 93
Edge 1713 2107 66
Edge 1713 2258 83
Edge 1713 2364 93
Edge 1713 2371 61
Edge 1713 2403 68
Edge 1713 2550 55
Edge 1713 2580 71
Edge 1713 2619 79
Edge 1713 3027 77
Edge 1713 3123 53
Edge 1713 3129 61
Edge 1713 3275 66
Edge 1713 3360 57
Edge 1714 1842 98
Edge 1714 1961 74
Edge 1714 2237 52
Edge 1714 2238 75
Edge 1714 2366 69
Edge 1714 2605 66
Edge 1714 2811 51
Edge 1714 3502 52
Edge 1714 3593 92
Edge 1714 3604 85
Edge 1715 2139 79
Edge 1715 2161 88
Edge 1715 2506 53
Edge 1715 2729 71
Edge 1715 2863 74
Edge 1715 2981 94
Edge 1715 3110 97
Edge 1715 3137 84
Edge 1716 1757 88
Edge 1716 1802 58
Edge 1716 1870 95
Edge 1716 1928 59
Edge 1716 2340 84
Edge 1716 2359 58
Edge 1716 2501 68
Edge 1716 2545 87
Edge 1716 2701 83
Edge 1716 3487 68
Edge 1717 2063 77
Edge 1717 2327 86
Edge 1717 2638 68
Edge 1717 2697 82
Edge 1717 2793 79
Edge 1717 2799 65
Edge 1717 2974 50
Edge 1717 3147 71
Edge 1717 3412 85
Edge 1718 2139 58
Edge 1718 2529 63
Edge 1718 2906 64
Edge 1718 3058 71
Edge 1718 3087 89
Edge 1718 3113 82
Edge 1718 3220 99
Edge 1719 1830 81
Edge 1719 2048 96
Edge 1719 2168 82
Edge 1719 2459 72
Edge 1719 2543 63
Edge 1720 1854 66
Edge 1720 2268 73
Edge 1720 2362 94
Edge 1720 2385 54
Edge 1720 2936 76
Edge 1720 2941 54
Edge 1720 3013 73
Edge 1720 3057 67
Edge 1720 3284 73
Edge 1721 1855 95
Edge 1721 2074 94
Edge 1721 2452 97
Edge 1721 2862 52
Edge 1721 3185 98
Edge 1722 1932 74
Edge 1722 2310 99
Edge 1722 2409 75
Edge 1722 2512 64
Edge 1722 2810 90
Edge 1722 3443 50
Edge 1722 3501 74
Edge 1723 1803 77
Edge 1723 1976 74
Edge 1723 2517 70
Edge 1723 2596 67
Edge 1723 2762 99
Edge 1723 2794 77
Edge 1723 2816 65
Edge 1723 3018 59
Edge 1723 3087 62
Edge 1723 3121 70
Edge 1723 3134 79
Edge 1723 3166 74
Edge 1724 1827 65
Edge 1724 1874 56
Edge 1724 1924 90
Edge 1724 2205 58
Edge 1724 2385 78
Edge 1724 2609 97
Edge 1724 2719 95
Edge 1724 2756 83
Edge 1724 3015 81
Edge 1725 2517 74
Edge 1725 2646 89
Edge 1725 2774 98
Edge 1725 2851 55
Edge 1725 2929 55
Edge 1725 2988 52
Edge 1725 3126 82
Edge 1725 3346 65
Edge 1725 3418 83
Edge 1725 3591 90
Edge 1726 2041 89
Edge 1726 2092 50
Edge 1726 2201 90
Edge 1726 2264 56
Edge 1726 2381 97
Edge 1726 2634 73
Edge 1726 2748 50
Edge 1726 2853 73
Edge 1726 2896 91
Edge 1726 3219 57
Edge 1726 3320 51
Edge 1726 3404 79
Edge 1727 1732 90
Edge 1727 2228 91
Edge 1727 2384 85
Edge 1727 2447 76
Edge 1727 2684 58
Edge 1727 2882 86
Edge 1727 3041 87
Edge 1727 3065 72
Edge 1727 3067 66
Edge 1727 3509 95
Edge 1728 1737 90
Edge 1728 2142 80
Edge 1728 2148 97
Edge 1728 2306 52
Edge 1728 2417 81
Edge 1728 2440 53
Edge 1728 2545 84
Edge 1728 2674 70
Edge 1728 2737 66
Edge 1729 1904 72
Edge 1729 2079 70
Edge 1729 2156 58
Edge 1729 2727 55
Edge 1729 2801 97
Edge 1729 3012 90
Edge 1729 3036 62
Edge 1729 3255 86
Edge 1729 3427 82
Edge 1729 3483 67
Edge 1730 1878 62
Edge 1730 1951 86
Edge 1730 2122 72
Edge 1730 2223 50
Edge 1730 2237 93
Edge 1730 2490 63
Edge 1730 2706 86
Edge 1730 2789 64
Edge 1730 3020 66
Edge 1730 3108 77
Edge 1730 3531 98
Edge 1731 1737 77
Edge 1731 2008 90
Edge 1731 2111 97
Edge 1731 2159 97
Edge 1731 2610 56
Edge 1731 2694 56
Edge 1731 2842 86
Edge 1731 2924 89
Edge 1731 3181 82
Edge 1731 3342 52
Edge 1732 1754 56
Edge 1732 1837 54
Edge 1732 1945 69
Edge 1732 2088 99
Edge 1732 2547 71
Edge 1732 2548 62
Edge 1732 2664 77
Edge 1732 2897 74
Edge 1732 3149 84
Edge 1732 3184 53
Edge 1732 3219 76
Edge 1732 3555 98
Edge 1733 1807 74
Edge 1733 1844 96
Edge 1733 1877 81
Edge 1733 2188 89
Edge 1733 2330 71
Edge 1733 2409 78
Edge 1733 2585 76
Edge 1733 2983 70
Edge 1733 3168 84
Edge 1733 3259 83
Edge 1733 3614 71
Edge 1734 1776 68
Edge 1734 1883 85
Edge 1734 1964 99
Edge 1734 2161 69
Edge 1734 2669 91
Edge 1734 3095 58
Edge 1734 3364 58
Edge 1734 3391 69
Edge 1734 3393 66
Edge 1735 1785 63
Edge 1735 1838 96
Edge 1735 1873 97
Edge 1735 2175 58
Edge 1735 2425 90
Edge 1735 2785 63
Edge 1735 2833 72
Edge 1736 1881 71
Edge 1736 1978 60
Edge 1736 2888 67
Edge 1736 3234 90
Edge 1737 1833 92
Edge 1737 1993 98
Edge 1737 2150 56
Edge 1737 2267 69
Edge 1737 2344 79
Edge 1737 2367 97
Edge 1737 2781 70
Edge 1737 2785 90
Edge 1737 2932 79
Edge 1737 3099 93
Edge 1737 3270 90
Edge 1737 3315 75
Edge 1738 1764 99
Edge 1738 1890 87
Edge 1738 1921 76
Edge 1738 2008 67
Edge 1738 2088 58
Edge 1738 2294 70
Edge 1738 2563 66
Edge 1738 2926 69
Edge 1738 3100 88
Edge 1738 3138 81
Edge 1738 3275 63
Edge 1739 1799 81
Edge 1739 2360 55
Edge 1739 2613 80
Edge 1739 2757 89
Edge 1739 2828 67
Edge 1739 2997 55
Edge 1739 3634 70
Edge 1739 3666 58
Edge 1740 1750 59
Edge 1740 1801 76
Edge 1740 1871 94
Edge 1740 2237 85
Edge 1740 2913 86
Edge 1740 2933 76
Edge 1740 2963 68
Edge 1740 3366 77
Edge 1740 3445 73
Edge 1741 1858 65
Edge 1741 2288 70
Edge 1741 2367 70
Edge 1741 2513 77
Edge 1741 3033 58
Edge 1741 3111 82
Edge 1741 3493 73
Edge 1741 3594 64
Edge 1742 1916 78
Edge 1742 2132 66
Edge 1742 2518 58
Edge 1742 2542 71
Edge 1742 2803 53
Edge 1742 2902 72
Edge 1742 2945 86
Edge 1742 3031 88
Edge 1742 3081 60
Edge 1742 3167 75
Edge 1743 1763 55
Edge 1743 1809 87
Edge 1743 1968 81
Edge 1743 2007 96
Edge 1743 2122 85
Edge 1743 2315 79
Edge 1743 2891 66
Edge 1743 3220 97
Edge 1743 3539 59
Edge 1744 2265 51
Edge 1744 3266 64
Edge 1744 3357 58
Edge 1744 3588 65
Edge 1744 3607 86
Edge 1745 1822 85
Edge 1745 1855 88
Edge 1745 1921 51
Edge 1745 1935 95
Edge 1745 1942 70
Edge 1745 2170 79
Edge 1745 2392 86
Edge 1745 2403 73
Edge 1745 3549 56
Edge 1746 1855 71
Edge 1746 1919 72
Edge 1746 1947 80
Edge 1746 2081 60
Edge 1746 2089 84
Edge 1746 2668 82
Edge 1746 2805 76
Edge 1746 2886 92
Edge 1746 3297 53
Edge 1746 3560 53
Edge 1746 3598 72
Edge 1747 1835 58
Edge 1747 1900 85
Edge 1747 2478 87
Edge 1747 3135 69
Edge 1747 3262 52
Edge 1747 3417 58
Edge 1747 3461 76
Edge 1747 3544 83
Edge 1748 1824 57
Edge 1748 2233 79
Edge 1748 2377 96
Edge 1748 2874 88
Edge 1748 2974 96
Edge 1748 3019 59
Edge 1748 3056 65
Edge 1748 3058 63
Edge 1748 3132 82
Edge 1749 1755 92
Edge 1749 1887 59
Edge 1749 2238 86
Edge 1749 2432 91
Edge 1749 2499 64
Edge 1749 2623 52
Edge 1749 2825 53
Edge 1749 2880 57
Edge 1749 3224 76
Edge 1749 3348 86
Edge 1750 2075 65
Edge 1750 2628 55
Edge 1750 2894 67
Edge 1750 3187 87
Edge 1751 1776 59
Edge 1751 1822 61
Edge 1751 1989 86
Edge 1751 2189 81
Edge 1751 2409 72
Edge 1751 3057 55
Edge 1751 3445 71
Edge 1751 3473 70
Edge 1751 3662 50
Edge 1752 1871 54
Edge 1752 2130 89
Edge 1752 2233 71
Edge 1752 2270 60
Edge 1752 2542 63
Edge 1752 2823 55
Edge 1752 3350 94
Edge 1752 3404 98
Edge 1753 2186 77
Edge 1753 2579 63
Edge 1753 2795 98
Edge 1753 3137 86
Edge 1753 3285 69
Edge 1753 3402 80
Edge 1753 3509 71
Edge 1753 3618 68
Edge 1754 1919 82
Edge 1754 2214 69
Edge 1754 2252 80
Edge 1754 2341 83
Edge 1754 2597 50
Edge 1754 2603 93
Edge 1754 2933 69
Edge 1754 3553 63
Edge 1755 1950 93
Edge 1755 2017 67
Edge 1755 2046 86
Edge 1755 2270 90
Edge 1755 2312 60
Edge 1755 2373 61
Edge 1755 2662 84
Edge 1755 2687 96
Edge 1755 2915 83
Edge 1755 3519 87
Edge 1756 1990 77
Edge 1756 2102 71
Edge 1756 2501 82
Edge 1756 2740 51
Edge 1756 3324 60
Edge 1756 3587 87
Edge 1757 1817 96
Edge 1757 1871 96
Edge 1757 2017 86
Edge 1757 2261 64
Edge 1757 2678 98
Edge 1757 2702 59
Edge 1757 3074 52
Edge 1757 3192 66
Edge 1757 3281 66
Edge 1758 1831 90
Edge 1758 2034 62
Edge 1758 2063 84
Edge 1758 2088 69
Edge 1758 2314 96
Edge 1758 2446 68
Edge 1758 2550 68
Edge 1758 2714 75
Edge 1758 2945 83
Edge 1758 2953 85
Edge 1758 3013 84
Edge 1758 3598 70
Edge 1758 3647 68
Edge 1759 1790 86
Edge 1759 1799 93
Edge 1759 1879 58
Edge 1759 1951 73
Edge 1759 2389 84
Edge 1759 2401 70
Edge 1759 2931 68
Edge 1759 2994 78
Edge 1759 3251 69
Edge 1760 2047 53
Edge 1760 2219 55
Edge 1760 2249 50
Edge 1760 2302 72
Edge 1760 2599 74
Edge 1760 3259 50
Edge 1760 3321 93
Edge 1760 3521 67
Edge 1760 3667 53
Edge 1761 1812 74
Edge 1761 1880 52
Edge 1761 2246 87
Edge 1761 2844 73
Edge 1761 2900 75
Edge 1761 2934 90
Edge 1761 3034 62
Edge 1762 1880 50
Edge 1762 1896 92
Edge 1762 2089 65
Edge 1762 2133 75
Edge 1762 2160 64
Edge 1762 2636 52
Edge 1762 2826 92
Edge 1762 3074 75
Edge 1762 3312 57
Edge 1762 3350 66
Edge 1762 3425 59
Edge 1762 3598 54
Edge 1763 1840 88
Edge 1763 1893 93
Edge 1763 2106 60
Edge 1763 2306 64
Edge 1763 2308 84
Edge 1763 2380 69
Edge 1763 2422 55
Edge 1763 2465 60
Edge 1763 2702 83
Edge 1763 2817 77
Edge 1763 2945 51
Edge 1763 3064 57
Edge 1763 3128 76
Edge 1763 3530 53
Edge 1764 1821 67
Edge 1764 2071 58
Edge 1764 2079 93
Edge 1764 2397 72
Edge 1764 2518 95
Edge 1764 3133 90
Edge 1764 3601 64
Edge 1765 1883 62
Edge 1765 1905 95
Edge 1765 1987 59
Edge 1765 1999 99
Edge 1765 2073 80
Edge 1765 2146 62
Edge 1765 2670 65
Edge 1765 3059 52
Edge 1765 3092 90
Edge 1765 3148 53
Edge 1765 3438 93
Edge 1766 1833 91
Edge 1766 1985 92
Edge 1766 2153 87
Edge 1766 2787 79
Edge 1766 2898 89
Edge 1766 3268 56
Edge 1766 3325 99
Edge 1767 1824 82
Edge 1767 1865 98
Edge 1767 2172 79
Edge 1767 2461 72
Edge 1767 2660 91
Edge 1767 2801 68
Edge 1767 2987 81
Edge 1767 3323 94
Edge 1767 3421 61
Edge 1768 1828 90
Edge 1768 2100 71
Edge 1768 2242 77
Edge 1768 2344 63
Edge 1768 2388 94
Edge 1768 2843 68
Edge 1768 2887 84
Edge 1768 3131 85
Edge 1768 3224 78
Edge 1769 1953 83
Edge 1769 2357 57
Edge 1769 2426 76
Edge 1769 3007 78
Edge 1769 3413 87
Edge 1769 3482 53
Edge 1770 1896 58
Edge 1770 1936 62
Edge 1770 2087 70
Edge 1770 2123 97
Edge 1770 2460 80
Edge 1770 3197 71
Edge 1770 3661 66
Edge 1771 1817 59
Edge 1771 1876 97
Edge 1771 2003 73
Edge 1771 2067 59
Edge 1771 2194 95
Edge 1771 2291 88
Edge 1771 3219 88
Edge 1771 3567 91
Edge 1771 3586 79
Edge 1772 1983 93
Edge 1772 2174 80
Edge 1772 2243 65
Edge 1772 2379 52
Edge 1772 2640 50
Edge 1772 2668 74
Edge 1772 2744 91
Edge 1772 2899 60
Edge 1772 3310 62
Edge 1772 3565 74
Edge 1773 1985 64
Edge 1773 1988 69
Edge 1773 2131 57
Edge 1773 2162 86
Edge 1773 2534 72
Edge 1773 2628 76
Edge 1773 2746 57
Edge 1773 2749 71
Edge 1773 2837 76
Edge 1773 3042 56
Edge 1773 3088 65
Edge 1774 2197 62
Edge 1774 2445 99
Edge 1774 2561 72
Edge 1774 2606 63
Edge 1774 2716 69
Edge 1774 2959 78
Edge 1774 3152 53
Edge 1775 1863 83
Edge 1775 1980 78
Edge 1775 2156 58
Edge 1775 2276 87
Edge 1775 2620 92
Edge 1775 2640 96
Edge 1775 2660 68
Edge 1775 3063 73
Edge 1775 3256 70
Edge 1775 3634 96
Edge 1776 2147 60
Edge 1776 2778 80
Edge 1776 2817 98
Edge 1776 3120 74
Edge 1776 3143 53
Edge 1776 3188 59
Edge 1777 1882 63
Edge 1777 2398 97
Edge 1777 2430 57
Edge 1777 2544 61
Edge 1777 2721 66
Edge 1777 2844 81
Edge 1777 3564 63
Edge 1777 3641 92
Edge 1778 1799 88
Edge 1778 1966 83
Edge 1778 2409 96
Edge 1778 2473 97
Edge 1778 2571 98
Edge 1778 2678 71
Edge 1778 3044 71
Edge 1778 3133 65
Edge 1778 3413 51
Edge 1778 3544 97
Edge 1779 1799 84
Edge 1779 1944 92
Edge 1779 2127 83
Edge 1779 2195 98
Edge 1779 2530 87
Edge 1779 2697 94
Edge 1779 2736 59
Edge 1779 2758 81
Edge 1779 2760 58
Edge 1779 2860 74
Edge 1780 1814 76
Edge 1780 1883 86
Edge 1780 1983 83
Edge 1780 2208 73
Edge 1780 2308 63
Edge 1780 2692 65
Edge 1780 3475 91
Edge 1781 2517 97
Edge 1781 2796 89
Edge 1781 2861 95
Edge 1781 3012 69
Edge 1781 3202 76
Edge 1781 3291 96
Edge 1781 3478 77
Edge 1782 1966 68
Edge 1782 1997 71
Edge 1782 2184 76
Edge 1782 2273 75
Edge 1782 2339 91
Edge 1782 2421 82
Edge 1782 2581 88
Edge 1782 2640 86
Edge 1782 2958 75
Edge 1782 3228 50
Edge 1782 3466 58
Edge 1783 1822 72
Edge 1783 1826 53
Edge 1783 1909 97
Edge 1783 1934 82
Edge 1783 2019 74
Edge 1783 2238 56
Edge 1783 2517 63
Edge 1783 3171 78
Edge 1783 3313 74
Edge 1783 3488 90
Edge 1783 3498 70
Edge 1784 1967 85
Edge 1784 1977 84
Edge 1784 2022 95
Edge 1784 2084 98
Edge 1784 2088 94
Edge 1784 2268 66
Edge 1784 2302 88
Edge 1784 2395 59
Edge 1784 2570 93
Edge 1784 2693 87
Edge 1784 2880 93
Edge 1784 2981 73
Edge 1784 3366 96
Edge 1785 2379 93
Edge 1785 2443 77
Edge 1785 2474 72
Edge 1785 2672 99
Edge 1785 2974 69
Edge 1785 2988 77
Edge 1785 3117 56
Edge 1785 3237 97
Edge 1786 1791 65
Edge 1786 1866 95
Edge 1786 1987 94
Edge 1786 2104 82
Edge 1786 2302 76
Edge 1786 2420 68
Edge 1786 2431 85
Edge 1786 2760 60
Edge 1786 2910 72
Edge 1786 3257 90
Edge 1787 2345 61
Edge 1787 2577 50
Edge 1787 2727 58
Edge 1787 2771 60
Edge 1787 2968 79
Edge 1787 3064 50
Edge 1788 2036 86
Edge 1788 2098 56
Edge 1788 2274 77
Edge 1788 2365 53
Edge 1788 3274 54
Edge 1789 2144 59
Edge 1789 2170 86
Edge 1789 2315 79
Edge 1789 3106 81
Edge 1789 3195 65
Edge 1789 3402 78
Edge 1790 2060 65
Edge 1790 2161 86
Edge 1790 2250 81
Edge 1790 2460 55
Edge 1790 2762 50
Edge 1790 2800 63
Edge 1790 2844 97
Edge 1790 2916 93
Edge 1790 3017 93
Edge 1791 2440 50
Edge 1791 2573 91
Edge 1791 3138 50
Edge 1791 3430 58
Edge 1792 1870 58
Edge 1792 2065 63
Edge 1792 2165 96
Edge 1792 2344 69
Edge 1792 2346 97
Edge 1792 2474 84
Edge 1792 2496 62
Edge 1792 2741 67
Edge 1792 2892 67
Edge 1792 3037 78
Edge 1793 1807 65
Edge 1793 2044 74
Edge 1793 2110 76
Edge 1793 2221 54
Edge 1793 2227 58
Edge 1793 2288 62
Edge 1793 2302 99
Edge 1793 2428 73
Edge 1793 2482 72
Edge 1793 2491 84
Edge 1793 2771 70
Edge 1793 2833 72
Edge 1793 2937 68
Edge 1793 3228 83
Edge 1793 3250 85
Edge 1793 3423 70
Edge 1794 1919 74
Edge 1794 2171 55
Edge 1794 2304 84
Edge 1794 2380 59
Edge 1794 2423 56
Edge 1794 2473 98
Edge 1794 2545 54
Edge 1794 2623 67
Edge 1794 3404 53
Edge 1795 1983 67
Edge 1795 2002 57
Edge 1795 2020 54
Edge 1795 2499 51
Edge 1795 2615 96
Edge 1795 3082 61
Edge 1795 3496 64
Edge 1795 3511 51
Edge 1796 1960 64
Edge 1796 2001 52
Edge 1796 2047 89
Edge 1796 2161 59
Edge 1796 2254 68
Edge 1796 2315 96
Edge 1796 2361 77
Edge 1796 2551 68
Edge 1796 3071 86
Edge 1796 3238 63
Edge 1797 1853 69
Edge 1797 1923 97
Edge 1797 2649 86
Edge 1797 2850 89
Edge 1797 3035 58
Edge 1797 3127 59
Edge 1797 3375 70
Edge 1797 3482 79
Edge 1797 3498 50
Edge 1798 2459 93
Edge 1798 2556 52
Edge 1798 2592 82
Edge 1798 2601 59
Edge 1798 2708 64
Edge 1798 2760 78
Edge 1798 3068 60
Edge 1798 3136 98
Edge 1799 2078 99
Edge 1799 2681 65
Edge 1799 2837 57
Edge 1799 2995 82
Edge 1799 3218 63
Edge 1799 3458 75
Edge 1800 1867 75
Edge 1800 1943 79
Edge 1800 2091 97
Edge 1800 2198 93
Edge 1800 2503 62
Edge 1800 2700 60
Edge 1800 3578 58
Edge 1801 1803 51
Edge 1801 1908 98
Edge 1801 1984 59
Edge 1801 2007 67
Edge 1801 2027 87
Edge 1801 2085 82
Edge 1801 2502 83
Edge 1801 2688 82
Edge 1801 2864 77
Edge 1801 3116 58
Edge 1801 3336 66
Edge 1802 1989 61
Edge 1802 2474 93
Edge 1802 2562 81
Edge 1802 2576 94
Edge 1802 2606 61
Edge 1802 3003 94
Edge 1802 3072 95
Edge 1803 2346 84
Edge 1803 2648 92
Edge 1803 3381 79
Edge 1803 3480 55
Edge 1804 1807 73
Edge 1804 1983 72
Edge 1804 2091 79
Edge 1804 2598 82
Edge 1804 2883 72
Edge 1804 3097 71
Edge 1804 3214 78
Edge 1804 3244 70
Edge 1804 3536 88
Edge 1805 1877 79
Edge 1805 1949 80
Edge 1805 2013 90
Edge 1805 2100 74
Edge 1805 2186 80
Edge 1805 2198 76
Edge 1805 2494 79
Edge 1805 2525 66
Edge 1805 3110 93
Edge 1805 3275 82
Edge 1805 3327 92
Edge 1806 2136 90
Edge 1806 2246 78
Edge 1806 2573 98
Edge 1806 2577 59
Edge 1806 2814 72
Edge 1806 3460 55
Edge 1807 1849 81
Edge 1807 1885 51
Edge 1807 1914 79
Edge 1807 1920 82
Edge 1807 2080 76
Edge 1807 2310 73
Edge 1807 2361 84
Edge 1807 2661 72
Edge 1807 3070 55
Edge 1808 1822 58
Edge 1808 1868 73
Edge 1808 1895 93
Edge 1808 2038 58
Edge 1808 2294 84
Edge 1808 2547 51
Edge 1808 2760 95
Edge 1808 2765 86
Edge 1808 3157 52
Edge 1808 3176 56
Edge 1808 3478 78
Edge 1809 1858 91
Edge 1809 1897 95
Edge 1809 1944 75
Edge 1809 1949 93
Edge 1809 2017 57
Edge 1809 2160 79
Edge 1809 2406 79
Edge 1809 2910 65
Edge 1809 2934 55
Edge 1809 2967 94
Edge 1809 3071 94
Edge 1810 1839 89
Edge 1810 1951 60
Edge 1810 2132 75
Edge 1810 2254 74
Edge 1810 2315 85
Edge 1810 2355 60
Edge 1810 2437 85
Edge 1810 3087 65
Edge 1810 3660 52
Edge 1811 1862 69
Edge 1811 2140 64
Edge 1811 2218 70
Edge 1811 2406 68
Edge 1811 2972 91
Edge 1811 3266 70
Edge 1812 2056 93
Edge 1812 2113 65
Edge 1812 2343 93
Edge 1812 2440 89
Edge 1812 2537 54
Edge 1812 2669 95
Edge 1812 3043 77
Edge 1812 3162 97
Edge 1812 3342 77
Edge 1812 3517 87
Edge 1813 1847 81
Edge 1813 1993 64
Edge 1813 2247 63
Edge 1813 2298 50
Edge 1813 2653 51
Edge 1813 2937 68
Edge 1813 3260 58
Edge 1813 3449 80
Edge 1814 1816 70
Edge 1814 2122 67
Edge 1814 2336 80
Edge 1814 2399 70
Edge 1814 2434 96
Edge 1814 2524 54
Edge 1814 2534 78
Edge 1814 2652 68
Edge 1814 2706 85
Edge 1814 2853 91
Edge 1814 3293 57
Edge 1815 2060 76
Edge 1815 2164 96
Edge 1815 2248 57
Edge 1815 2513 85
Edge 1815 2520 97
Edge 1815 2577 63
Edge 1815 2652 51
Edge 1815 2687 76
Edge 1815 2910 69
Edge 1815 3008 92
Edge 1815 3105 90
Edge 1816 2132 66
Edge 1816 2412 53
Edge 1816 2625 77
Edge 1816 2712 92
Edge 1816 3014 92
Edge 1816 3019 96
Edge 1816 3061 69
Edge 1817 1939 82
Edge 1817 1951 80
Edge 1817 2197 62
Edge 1817 2209 57
Edge 1817 2689 60
Edge 1817 2842 91
Edge 1817 3082 68
Edge 1817 3086 77
Edge 1817 3171 71
Edge 1817 3229 58
Edge 1817 3248 69
Edge 1817 3261 86
Edge 1818 2086 55
Edge 1818 2114 93
Edge 1818 2124 94
Edge 1818 2394 53
Edge 1818 2435 56
Edge 1818 2649 90
Edge 1818 2839 66
Edge 1818 3039 92
Edge 1819 1928 99
Edge 1819 2018 81
Edge 1819 2283 59
Edge 1819 2311 75
Edge 1819 2709 83
Edge 1819 3360 71
Edge 1819 3539 75
Edge 1820 1916 89
Edge 1820 2389 88
Edge 1820 2553 59
Edge 1820 2814 50
Edge 1820 2825 99
Edge 1820 2845 83
Edge 1820 2861 62
Edge 1820 3024 63
Edge 1820 3257 66
Edge 1820 3259 77
Edge 1820 3291 53
Edge 1820 3586 54
Edge 1821 1835 91
Edge 1821 1862 58
Edge 1821 1992 57
Edge 1821 2260 51
Edge 1821 2642 90
Edge 1821 2686 61
Edge 1821 2697 85
Edge 1821 3354 55
Edge 1821 3494 71
Edge 1822 1857 50
Edge 1822 2067 88
Edge 1822 2175 66
Edge 1822 2191 88
Edge 1822 2396 76
Edge 1822 3097 75
Edge 1822 3505 61
Edge 1823 1896 75
Edge 1823 2028 98
Edge 1823 2031 54
Edge 1823 2093 74
Edge 1823 2148 58
Edge 1823 2460 57
Edge 1823 2635 97
Edge 1823 3272 85
Edge 1823 3306 69
Edge 1823 3625 64
Edge 1824 2367 93
Edge 1824 2500 51
Edge 1824 2591 69
Edge 1824 2686 63
Edge 1824 2775 79
Edge 1824 2835 86
Edge 1824 2874 88
Edge 1824 2907 65
Edge 1824 3416 89
Edge 1824 3636 64
Edge 1825 1870 77
Edge 1825 1879 89
Edge 1825 2274 57
Edge 1825 2427 87
Edge 1825 2645 68
Edge 1825 2840 51
Edge 1825 3083 57
Edge 1825 3245 99
Edge 1825 3289 55
Edge 1825 3345 50
Edge 1825 3414 79
Edge 1826 1942 61
Edge 1826 2912 76
Edge 1826 3135 79
Edge 1826 3504 80
Edge 1827 1845 62
Edge 1827 1918 63
Edge 1827 1959 79
Edge 1827 2342 63
Edge 1827 2400 85
Edge 1827 2689 73
Edge 1827 2848 54
Edge 1827 3246 91
Edge 1827 3347 59
Edge 1827 3527 89
Edge 1828 1893 57
Edge 1828 1911 68
Edge 1828 2352 94
Edge 1828 2428 80
Edge 1828 2469 61
Edge 1828 2507 68
Edge 1828 2667 76
Edge 1828 2772 57
Edge 1829 2163 79
Edge 1829 2195 70
Edge 1829 2597 84
Edge 1829 2703 99
Edge 1829 2864 66
Edge 1829 3013 59
Edge 1829 3045 82
Edge 1829 3356 72
Edge 1829 3608 94
Edge 1830 2005 96
Edge 1830 2097 96
Edge 1830 2181 84
Edge 1830 2471 84
Edge 1830 2477 88
Edge 1830 2661 87
Edge 1830 2780 61
Edge 1830 3088 54
Edge 1830 3164 90
Edge 1830 3567 91
Edge 1831 1904 62
Edge 1831 1995 50
Edge 1831 2215 76
Edge 1831 2814 57
Edge 1831 2888 62
Edge 1831 2940 51
Edge 1831 3084 97
Edge 1831 3121 60
Edge 1831 3276 83
Edge 1831 3309 81
Edge 1832 2439 88
Edge 1832 2709 60
Edge 1832 2866 83
Edge 1832 2949 90
Edge 1832 3481 50
Edge 1833 1981 54
Edge 1833 1993 88
Edge 1833 2155 57
Edge 1833 2164 54
Edge 1833 2227 94
Edge 1833 2240 72
Edge 1833 2241 94
Edge 1833 2289 82
Edge 1833 3366 59
Edge 1833 3585 73
Edge 1834 2041 50
Edge 1834 2056 59
Edge 1834 2136 60
Edge 1834 2150 85
Edge 1834 2552 79
Edge 1834 3397 89
Edge 1834 3491 58
Edge 1834 3574 77
Edge 1834 3591 51
Edge 1835 1936 88
Edge 1835 2067 80
Edge 1835 2131 50
Edge 1835 2643 73
Edge 1835 2853 82
Edge 1835 3330 67
Edge 1836 2587 74
Edge 1836 2729 88
Edge 1836 2908 52
Edge 1836 3073 71
Edge 1836 3168 67
Edge 1836 3210 74
Edge 1837 2262 81
Edge 1837 2492 73
Edge 1837 2521 98
Edge 1837 2919 70
Edge 1837 2952 72
Edge 1837 3093 67
Edge 1837 3476 70
Edge 1837 3505 67
Edge 1838 2347 56
Edge 1838 2382 99
Edge 1838 2387 58
Edge 1838 3142 58
Edge 1838 3412 97
Edge 1839 2332 84
Edge 1839 2730 55
Edge 1839 2906 90
Edge 1839 2963 59
Edge 1839 3249 67
Edge 1840 2097 77
Edge 1840 2502 90
Edge 1840 3028 53
Edge 1840 3296 57
Edge 1841 2862 77
Edge 1841 2942 64
Edge 1841 3343 70
Edge 1841 3446 87
Edge 1842 2026 67
Edge 1842 2694 73
Edge 1842 2739 68
Edge 1842 2788 79
Edge 1842 3069 80
Edge 1842 3142 81
Edge 1842 3366 64
Edge 1843 2021 58
Edge 1843 2137 59
Edge 1843 2187 61
Edge 1843 3117 75
Edge 1843 3399 88
Edge 1844 1947 69
Edge 1844 1973 96
Edge 1844 1993 58
Edge 1844 1999 86
Edge 1844 2255 90
Edge 1844 2348 77
Edge 1844 2778 83
Edge 1844 3056 55
Edge 1844 3319 93
Edge 1844 3350 86
Edge 1845 1848 71
Edge 1845 1860 91
Edge 1845 1907 75
Edge 1845 1961 94
Edge 1845 2204 83
Edge 1845 2259 60
Edge 1845 2585 79
Edge 1845 2815 57
Edge 1845 3101 79
Edge 1845 3269 90
Edge 1845 3414 59
Edge 1845 3525 60
Edge 1846 1893 72
Edge 1846 2096 82
Edge 1846 2162 88
Edge 1846 2279 88
Edge 1846 2494 54
Edge 1846 2535 59
Edge 1846 2900 96
Edge 1846 3085 57
Edge 1846 3305 77
Edge 1846 3359 63
Edge 1846 3626 64
Edge 1847 1911 80
Edge 1847 2231 93
Edge 1847 2363 53
Edge 1847 2506 78
Edge 1847 2527 59
Edge 1847 2599 55
Edge 1848 1912 97
Edge 1848 2259 77
Edge 1848 2294 99
Edge 1848 2355 60
Edge 1848 2567 86
Edge 1848 2947 82
Edge 1848 3031 99
Edge 1848 3163 92
Edge 1848 3570 57
Edge 1849 2053 77
Edge 1849 2392 72
Edge 1849 2437 80
Edge 1849 2460 85
Edge 1849 2503 55
Edge 1849 2717 99
Edge 1849 3307 81
Edge 1849 3313 97
Edge 1849 3368 58
Edge 1850 2191 79
Edge 1850 2323 70
Edge 1850 2454 80
Edge 1850 2659 96
Edge 1850 2837 69
Edge 1850 2969 93
Edge 1850 3048 70
Edge 1850 3133 51
Edge 1850 3159 64
Edge 1851 2198 65
Edge 1851 2414 50
Edge 1851 2447 64
Edge 1851 2550 99
Edge 1851 2820 84
Edge 1851 2855 54
Edge 1851 2942 59
Edge 1851 3039 65
Edge 1851 3044 73
Edge 1851 3048 90
Edge 1851 3325 92
Edge 1852 1883 56
Edge 1852 1944 87
Edge 1852 2211 62
Edge 1852 2336 96
Edge 1852 2513 52
Edge 1852 2526 66
Edge 1852 2685 60
Edge 1852 2888 93
Edge 1852 3039 73
Edge 1852 3254 51
Edge 1853 1994 90
Edge 1853 2022 74
Edge 1853 2119 83
Edge 1853 2392 92
Edge 1853 2842 94
Edge 1853 3040 71
Edge 1853 3146 77
Edge 1853 3558 67
Edge 1853 3618 88
Edge 1854 1925 62
Edge 1854 2230 98
Edge 1854 2732 69
Edge 1854 2805 56
Edge 1854 3025 98
Edge 1855 2528 100
Edge 1855 3256 89
Edge 1855 3371 77
Edge 1856 2199 66
Edge 1856 2462 52
Edge 1856 2683 64
Edge 1856 2703 76
Edge 1856 3065 58
Edge 1856 3207 50
Edge 1856 3589 64
Edge 1857 1912 95
Edge 1857 2108 54
Edge 1857 2261 53
Edge 1857 2450 73
Edge 1857 2760 86
Edge 1857 2811 92
Edge 1857 2933 56
Edge 1857 3217 77
Edge 1857 3661 63
Edge 1858 1939 93
Edge 1858 2045 57
Edge 1858 2292 59
Edge 1858 2621 98
Edge 1858 2941 78
Edge 1858 3431 74
Edge 1858 3589 77
Edge 1859 1925 65
Edge 1859 2047 90
Edge 1859 2226 81
Edge 1859 2336 68
Edge 1859 2387 59
Edge 1859 2696 61
Edge 1859 2716 81
Edge 1859 2785 91
Edge 1859 2797 58
Edge 1859 2930 76
Edge 1859 2988 54
Edge 1859 3083 58
Edge 1860 1906 54
Edge 1860 1939 76
Edge 1860 2006 63
Edge 1860 2252 52
Edge 1860 2309 74
Edge 1860 2950 71
Edge 1860 3540 94
Edge 1860 3545 67
Edge 1861 2108 56
Edge 1861 2328 91
Edge 1861 2484 51
Edge 1861 3203 71
Edge 1861 3356 65
Edge 1861 3405 60
Edge 1861 3494 66
Edge 1862 1887 76
Edge 1862 1936 82
Edge 1862 2115 73
Edge 1862 2187 65
Edge 1862 2200 54
Edge 1862 2653 67
Edge 1862 3573 51
Edge 1863 2213 60
Edge 1863 2359 75
Edge 1863 2390 95
Edge 1863 2584 95
Edge 1863 2779 91
Edge 1863 2814 60
Edge 1863 3249 98
Edge 1863 3390 93
Edge 1863 3503 65
Edge 1864 1926 80
Edge 1864 1968 86
Edge 1864 2215 64
Edge 1864 2499 54
Edge 1864 2536 57
Edge 1864 2628 80
Edge 1864 3108 92
Edge 1864 3403 80
Edge 1864 3530 72
Edge 1865 1933 75
Edge 1865 2353 64
Edge 1865 2398 95
Edge 1865 2485 83
Edge 1865 2986 96
Edge 1865 3016 93
Edge 1865 3060 66
Edge 1865 3177 66
Edge 1865 3397 66
Edge 1865 3402 92
Edge 1865 3410 92
Edge 1866 2008 60
Edge 1866 2218 89
Edge 1866 2238 71
Edge 1866 2885 51
Edge 1866 2993 98
Edge 1866 3005 61
Edge 1866 3524 57
Edge 1867 1911 53
Edge 1867 2003 55
Edge 1867 2324 56
Edge 1867 2390 94
Edge 1867 2408 81
Edge 1867 2493 70
Edge 1867 2714 96
Edge 1867 2745 68
Edge 1867 2962 79
Edge 1867 3374 70
Edge 1868 2510 64
Edge 1868 2551 68
Edge 1868 2656 87
Edge 1868 3208 97
Edge 1869 1947 52
Edge 1869 2106 78
Edge 1869 2280 66
Edge 1869 2447 56
Edge 1869 2553 63
Edge 1869 2580 96
Edge 1869 2614 52
Edge 1869 2775 67
Edge 1869 3005 51
Edge 1869 3062 77
Edge 1869 3182 98
Edge 1869 3317 77
Edge 1870 2245 77
Edge 1870 2403 60
Edge 1870 2656 60
Edge 1870 2908 63
Edge 1870 3003 81
Edge 1870 3113 55
Edge 1870 3134 92
Edge 1870 3592 97
Edge 1871 2189 79
Edge 1871 2652 80
Edge 1871 3047 67
Edge 1871 3143 92
Edge 1871 3302 66
Edge 1871 3560 70
Edge 1872 1877 93
Edge 1872 1987 61
Edge 1872 2013 79
Edge 1872 2504 56
Edge 1872 2521 61
Edge 1872 2638 93
Edge 1872 2985 73
Edge 1872 3124 80
Edge 1872 3181 59
Edge 1872 3211 76
Edge 1872 3292 57
Edge 1873 1892 91
Edge 1873 2245 83
Edge 1873 2358 64
Edge 1873 2751 97
Edge 1873 2898 65
Edge 1873 2914 75
Edge 1873 3018 55
Edge 1873 3132 59
Edge 1873 3234 95
Edge 1873 3261 98
Edge 1874 1893 71
Edge 1874 1918 75
Edge 1874 1925 60
Edge 1874 1944 99
Edge 1874 2251 74
Edge 1874 2777 59
Edge 1874 3205 73
Edge 1874 3228 64
Edge 1874 3353 82
Edge 1874 3440 95
Edge 1875 1999 87
Edge 1875 2201 67
Edge 1875 2389 64
Edge 1875 2526 94
Edge 1875 2714 91
Edge 1875 2775 75
Edge 1875 2894 53
Edge 1875 3001 50
Edge 1875 3281 82
Edge 1875 3343 50
Edge 1875 3413 74
Edge 1876 2044 54
Edge 1876 2090 50
Edge 1876 2104 54
Edge 1876 2188 99
Edge 1876 2684 58
Edge 1876 2730 82
Edge 1876 3149 76
Edge 1876 3224 94
Edge 1876 3420 52
Edge 1876 3518 60
Edge 1876 3667 79
Edge 1877 2271 52
Edge 1877 2627 81
Edge 1877 2668 86
Edge 1877 3071 91
Edge 1877 3099 77
Edge 1877 3163 96
Edge 1878 2425 65
Edge 1878 2429 61
Edge 1878 2553 84
Edge 1878 2701 69
Edge 1878 3165 56
Edge 1878 3252 67
Edge 1878 3380 50
Edge 1878 3515 92
Edge 1879 1973 90
Edge 1879 2109 75
Edge 1879 2419 96
Edge 1879 2738 96
Edge 1879 2978 66
Edge 1879 3111 55
Edge 1879 3195 85
Edge 1879 3573 64
Edge 1880 2013 73
Edge 1880 2262 78
Edge 1880 2488 69
Edge 1880 3121 61
Edge 1880 3209 55
Edge 1880 3392 57
Edge 1881 2297 61
Edge 1881 2331 69
Edge 1881 2661 65
Edge 1881 2939 89
Edge 1881 2969 97
Edge 1881 3280 56
Edge 1881 3367 60
Edge 1882 1931 86
Edge 1882 2455 69
Edge 1882 2640 82
Edge 1882 2883 68
Edge 1882 2912 91
Edge 1882 2988 68
Edge 1882 3030 79
Edge 1882 3285 74
Edge 1882 3588 89
Edge 1883 2174 73
Edge 1883 2252 77
Edge 1883 2282 77
Edge 1883 2457 95
Edge 1883 2906 70
Edge 1883 3319 62
Edge 1884 1915 93
Edge 1884 2026 87
Edge 1884 2537 96
Edge 1884 2583 94
Edge 1884 2677 66
Edge 1884 2876 83
Edge 1884 3076 66
Edge 1884 3201 97
Edge 1885 1954 50
Edge 1885 1995 69
Edge 1885 2533 78
Edge 1885 2534 69
Edge 1885 2862 64
Edge 1885 2886 99
Edge 1885 3208 70
Edge 1885 3339 80
Edge 1885 3620 57
Edge 1886 2016 69
Edge 1886 2430 63
Edge 1886 2608 84
Edge 1886 2622 51
Edge 1886 2887 57
Edge 1886 3298 86
Edge 1887 2347 85
Edge 1887 2356 93
Edge 1887 2593 56
Edge 1887 2850 75
Edge 1887 3169 51
Edge 1887 3613 54
Edge 1888 2072 99
Edge 1888 2090 54
Edge 1888 2625 75
Edge 1888 2796 77
Edge 1888 2818 65
Edge 1888 3156 53
Edge 1888 3585 63
Edge 1889 1927 89
Edge 1889 1973 61
Edge 1889 2335 85
Edge 1889 2441 79
Edge 1889 2457 80
Edge 1889 2613 59
Edge 1889 3208 76
Edge 1890 1893 65
Edge 1890 2472 68
Edge 1890 2780 99
Edge 1890 2858 73
Edge 1890 3022 69
Edge 1890 3295 70
Edge 1890 3624 91
Edge 1891 1894 94
Edge 1891 2008 86
Edge 1891 2384 63
Edge 1891 2530 92
Edge 1891 2532 94
Edge 1891 3070 74
Edge 1891 3187 70
Edge 1891 3604 62
Edge 1892 2153 50
Edge 1892 2625 52
Edge 1892 2874 70
Edge 1892 2877 61
Edge 1892 3276 61
Edge 1892 3434 51
Edge 1893 2089 77
Edge 1893 2574 52
Edge 1893 2792 98
Edge 1893 2919 89
Edge 1893 3028 97
Edge 1893 3298 78
Edge 1893 3503 98
Edge 1894 1925 71
Edge 1894 1971 52
Edge 1894 2293 61
Edge 1894 2553 99
Edge 1894 2755 54
Edge 1894 2822 99
Edge 1894 2824 59
Edge 1894 2847 60
Edge 1894 2988 73
Edge 1894 3144 64
Edge 1895 1979 87
Edge 1895 2006 89
Edge 1895 2077 66
Edge 1895 2117 92
Edge 1895 2595 61
Edge 1895 2683 75
Edge 1895 3368 85
Edge 1895 3401 91
Edge 1895 3474 73
Edge 1896 2159 63
Edge 1896 2176 80
Edge 1896 2337 65
Edge 1896 2568 78
Edge 1897 2029 50
Edge 1897 2174 71
Edge 1897 2218 83
Edge 1897 2523 93
Edge 1897 2525 64
Edge 1897 2559 98
Edge 1897 2564 57
Edge 1897 2629 87
Edge 1897 2773 60
Edge 1897 3062 65
Edge 1897 3184 51
Edge 1897 3290 53
Edge 1898 2353 65
Edge 1898 2418 65
Edge 1898 2470 95
Edge 1898 2543 68
Edge 1898 2896 95
Edge 1898 3225 91
Edge 1898 3248 70
Edge 1899 2110 67
Edge 1899 2126 61
Edge 1899 3114 70
Edge 1899 3115 69
Edge 1899 3279 64
Edge 1899 3364 79
Edge 1900 2159 77
Edge 1900 2352 93
Edge 1900 2879 66
Edge 1900 3025 68
Edge 1900 3058 56
Edge 1900 3094 75
Edge 1900 3338 90
Edge 1901 2246 68
Edge 1901 2464 64
Edge 1901 3202 65
Edge 1901 3227 66
Edge 1902 2024 76
Edge 1902 2154 81
Edge 1902 2308 54
Edge 1902 2652 78
Edge 1902 2667 66
Edge 1902 2842 79
Edge 1902 2850 67
Edge 1902 3023 87
Edge 1902 3050 50
Edge 1902 3548 90
Edge 1903 1973 75
Edge 1903 2081 81
Edge 1903 2116 71
Edge 1903 2204 81
Edge 1903 2269 58
Edge 1903 2376 80
Edge 1903 2489 88
Edge 1903 2572 86
Edge 1903 2810 82
Edge 1903 3040 97
Edge 1903 3403 61
Edge 1904 1906 86
Edge 1904 1913 57
Edge 1904 1995 96
Edge 1904 2125 55
Edge 1904 2205 61
Edge 1904 2470 69
Edge 1904 2537 76
Edge 1904 3042 67
Edge 1904 3055 64
Edge 1904 3128 63
Edge 1904 3612 51
Edge 1905 2033 93
Edge 1905 2222 50
Edge 1905 2249 54
Edge 1905 2303 94
Edge 1905 2306 61
Edge 1905 2587 89
Edge 1905 2834 90
Edge 1905 2882 69
Edge 1905 3180 71
Edge 1905 3500 87
Edge 1906 2251 75
Edge 1906 2288 70
Edge 1906 2421 57
Edge 1906 2492 52
Edge 1906 2654 74
Edge 1906 3239 93
Edge 1906 3270 87
Edge 1906 3352 54
Edge 1906 3407 59
Edge 1907 1951 57
Edge 1907 2144 57
Edge 1907 2266 89
Edge 1907 2478 60
Edge 1907 2994 59
Edge 1907 3029 86
Edge 1907 3116 73
Edge 1908 1910 87
Edge 1908 1923 55
Edge 1908 1928 97
Edge 1908 2068 82
Edge 1908 2478 82
Edge 1908 2539 87
Edge 1908 3089 77
Edge 1908 3255 93
Edge 1908 3313 73
Edge 1909 1963 91
Edge 1909 2052 97
Edge 1909 2316 64
Edge 1909 2466 99
Edge 1909 2627 54
Edge 1909 2735 74
Edge 1909 2878 80
Edge 1909 2966 87
Edge 1909 3245 83
Edge 1909 3415 70
Edge 1910 1992 88
Edge 1910 2039 70
Edge 1910 2403 81
Edge 1910 2462 87
Edge 1910 3241 50
Edge 1910 3308 65
Edge 1910 3316 81
Edge 1910 3444 57
Edge 1911 1931 84
Edge 1911 2152 95
Edge 1911 2171 86
Edge 1911 2300 73
Edge 1911 2612 89
Edge 1911 3278 53
Edge 1912 1927 64
Edge 1912 1998 58
Edge 1912 2154 65
Edge 1912 2594 75
Edge 1912 3172 58
Edge 1912 3372 80
Edge 1912 3514 86
Edge 1913 1915 60
Edge 1913 1936 76
Edge 1913 2116 58
Edge 1913 2279 91
Edge 1913 2632 55
Edge 1913 3578 82
Edge 1914 1925 64
Edge 1914 2171 89
Edge 1914 2610 52
Edge 1914 2845 80
Edge 1914 3080 96
Edge 1914 3636 99
Edge 1915 2211 50
Edge 1915 2290 64
Edge 1915 2365 84
Edge 1915 2583 88
Edge 1915 2633 85
Edge 1915 2751 85
Edge 1915 2992 66
Edge 1916 2405 57
Edge 1916 2515 63
Edge 1916 2520 95
Edge 1916 2689 92
Edge 1916 2713 83
Edge 1916 3394 88
Edge 1917 2027 85
Edge 1917 2037 51
Edge 1917 2073 72
Edge 1917 2124 77
Edge 1917 2277 78
Edge 1917 2716 78
Edge 1917 3053 61
Edge 1917 3607 83
Edge 1918 2109 87
Edge 1918 2278 54
Edge 1918 2487 62
Edge 1918 2672 93
Edge 1918 3173 70
Edge 1918 3205 72
Edge 1918 3324 87
Edge 1918 3342 78
Edge 1918 3369 53
Edge 1918 3448 61
Edge 1919 2476 95
Edge 1919 2801 95
Edge 1919 2808 80
Edge 1919 3071 73
Edge 1919 3175 85
Edge 1920 2191 72
Edge 1920 2240 84
Edge 1920 2416 99
Edge 1920 2819 54
Edge 1920 2973 61
Edge 1920 3000 56
Edge 1920 3291 72
Edge 1920 3402 98
Edge 1921 2198 90
Edge 1921 2780 92
Edge 1921 3162 77
Edge 1921 3232 60
Edge 1921 3297 68
Edge 1922 2160 50
Edge 1922 2486 67
Edge 1922 2721 63
Edge 1922 3022 98
Edge 1922 3118 83
Edge 1922 3222 53
Edge 1922 3259 51
Edge 1922 3356 86
Edge 1922 3446 55
Edge 1922 3454 87
Edge 1923 1968 52
Edge 1923 2411 79
Edge 1923 2523 67
Edge 1923 2778 60
Edge 1923 2937 69
Edge 1923 3116 69
Edge 1923 3509 74
Edge 1924 1977 97
Edge 1924 2271 75
Edge 1924 2693 81
Edge 1924 2746 93
Edge 1924 2754 68
Edge 1924 3510 95
Edge 1925 2327 97
Edge 1925 2419 92
Edge 1925 2447 50
Edge 1926 2384 54
Edge 1926 2388 62
Edge 1926 2467 79
Edge 1926 2637 95
Edge 1926 2691 72
Edge 1926 2829 83
Edge 1926 3558 67
Edge 1927 1943 94
Edge 1927 1992 54
Edge 1927 2108 67
Edge 1927 2518 81
Edge 1927 2786 81
Edge 1928 2090 74
Edge 1928 2346 71
Edge 1928 2434 59
Edge 1928 2652 68
Edge 1928 3357 99
Edge 1928 3364 63
Edge 1928 3530 91
Edge 1929 2018 87
Edge 1929 2031 71
Edge 1929 2195 91
Edge 1929 2517 87
Edge 1929 2616 86
Edge 1929 2934 57
Edge 1929 3004 67
Edge 1929 3232 70
Edge 1929 3244 76
Edge 1930 2060 72
Edge 1930 2281 75
Edge 1930 2287 76
Edge 1930 2797 51
Edge 1930 2875 51
Edge 1930 3187 59
Edge 1930 3461 93
Edge 1930 3498 91
Edge 1931 2003 87
Edge 1931 2290 87
Edge 1931 2391 55
Edge 1931 2556 96
Edge 1931 3102 94
Edge 1931 3189 52
Edge 1931 3307 62
Edge 1931 3380 95
Edge 1931 3456 53
Edge 1931 3534 60
Edge 1932 2046 76
Edge 1932 2155 99
Edge 1932 2257 87
Edge 1932 2269 93
Edge 1932 2291 74
Edge 1932 2315 98
Edge 1932 2518 63
Edge 1932 2525 74
Edge 1932 2832 79
Edge 1932 3150 93
Edge 1932 3314 79
Edge 1933 2411 58
Edge 1933 2483 53
Edge 1933 3017 78
Edge 1933 3432 59
Edge 1933 3460 63
Edge 1934 2070 65
Edge 1934 2137 92
Edge 1934 2193 82
Edge 1934 2703 80
Edge 1934 2950 87
Edge 1934 3124 89
Edge 1934 3485 93
Edge 1935 2007 82
Edge 1935 2020 86
Edge 1935 2072 52
Edge 1935 2128 70
Edge 1935 2408 67
Edge 1935 2584 85
Edge 1935 2725 57
Edge 1935 2769 56
Edge 1935 3032 71
Edge 1935 3372 76
Edge 1936 2222 68
Edge 1936 2395 86
Edge 1936 2603 64
Edge 1936 2647 52
Edge 1936 3656 80
Edge 1937 1990 69
Edge 1937 1993 61
Edge 1937 2007 97
Edge 1937 2357 90
Edge 1937 2360 69
Edge 1937 2404 98
Edge 1937 2755 72
Edge 1937 2767 93
Edge 1937 3154 78
Edge 1938 2312 78
Edge 1938 2412 85
Edge 1938 2901 59
Edge 1938 3238 74
Edge 1938 3252 64
Edge 1938 3332 84
Edge 1939 1972 72
Edge 1939 2216 50
Edge 1939 2434 66
Edge 1939 2501 84
Edge 1939 2755 78
Edge 1939 2776 52
Edge 1939 2840 83
Edge 1939 3067 93
Edge 1940 2081 84
Edge 1940 2141 55
Edge 1940 2214 95
Edge 1940 2504 63
Edge 1940 2879 93
Edge 1940 2915 62
Edge 1941 1965 90
Edge 1941 1979 79
Edge 1941 2155 85
Edge 1941 2177 70
Edge 1941 2309 87
Edge 1941 2348 80
Edge 1941 2601 50
Edge 1941 2651 57
Edge 1941 2859 63
Edge 1941 3199 61
Edge 1941 3267 78
Edge 1941 3401 68
Edge 1942 1958 70
Edge 1942 2410 53
Edge 1942 3328 87
Edge 1942 3357 69
Edge 1942 3365 98
Edge 1943 1952 50
Edge 1943 2123 51
Edge 1943 2214 98
Edge 1943 2512 85
Edge 1943 2640 72
Edge 1943 2717 86
Edge 1943 2798 91
Edge 1943 3163 83
Edge 1943 3261 89
Edge 1943 3313 75
Edge 1943 3602 94
Edge 1943 3619 59
Edge 1944 2027 90
Edge 1944 2057 67
Edge 1944 2219 84
Edge 1944 2330 74
Edge 1944 2734 54
Edge 1944 3510 55
Edge 1945 2414 65
Edge 1945 2489 75
Edge 1945 2538 96
Edge 1945 3070 56
Edge 1945 3458 64
Edge 1946 1982 76
Edge 1946 2014 58
Edge 1946 2072 86
Edge 1946 2140 89
Edge 1946 2437 64
Edge 1946 2618 63
Edge 1946 2705 73
Edge 1946 2847 54
Edge 1946 2977 83
Edge 1946 3073 96
Edge 1946 3305 96
Edge 1947 2794 63
Edge 1947 2893 69
Edge 1947 3251 79
Edge 1947 3273 67
Edge 1947 3539 93
Edge 1948 2276 81
Edge 1948 2353 80
Edge 1948 2603 66
Edge 1948 2821 95
Edge 1948 2873 97
Edge 1948 2912 88
Edge 1948 3235 79
Edge 1948 3410 62
Edge 1948 3558 69
Edge 1949 2245 79
Edge 1949 2362 59
Edge 1949 2967 67
Edge 1950 2202 59
Edge 1950 2792 85
Edge 1950 2923 77
Edge 1950 3378 83
Edge 1950 3433 97
Edge 1951 2126 71
Edge 1951 2135 56
Edge 1951 2361 65
Edge 1951 3066 72
Edge 1951 3144 52
Edge 1951 3183 75
Edge 1952 2129 71
Edge 1952 2480 77
Edge 1952 2512 88
Edge 1952 2857 73
Edge 1952 2989 79
Edge 1952 3161 93
Edge 1952 3383 60
Edge 1952 3448 64
Edge 1952 3451 51
Edge 1952 3466 71
Edge 1953 2177 96
Edge 1953 2434 57
Edge 1953 2483 85
Edge 1953 2658 52
Edge 1953 3113 53
Edge 1954 2303 60
Edge 1954 2533 95
Edge 1954 2782 54
Edge 1954 2954 94
Edge 1954 2990 64
Edge 1954 2991 84
Edge 1954 3581 50
Edge 1955 2231 87
Edge 1955 2258 69
Edge 1955 2402 52
Edge 1955 2783 89
Edge 1955 2884 87
Edge 1955 3172 97
Edge 1955 3226 58
Edge 1955 3240 73
Edge 1955 3462 55
Edge 1956 2138 67
Edge 1956 2402 91
Edge 1956 2476 54
Edge 1956 2777 95
Edge 1956 2923 81
Edge 1956 2976 51
Edge 1956 3057 66
Edge 1956 3485 59
Edge 1957 2158 83
Edge 1957 2514 77
Edge 1957 2549 78
Edge 1957 2637 95
Edge 1957 2738 64
Edge 1957 2972 57
Edge 1957 3233 74
Edge 1957 3281 57
Edge 1957 3570 100
Edge 1957 3605 58
Edge 1958 2002 58
Edge 1958 2269 88
Edge 1958 2416 69
Edge 1958 2490 93
Edge 1958 2742 77
Edge 1958 2806 89
Edge 1958 2913 77
Edge 1958 3040 91
Edge 1958 3074 67
Edge 1958 3341 85
Edge 1959 1960 61
Edge 1959 2068 55
Edge 1959 2102 61
Edge 1959 2395 62
Edge 1959 2655 78
Edge 1959 2658 79
Edge 1959 3456 70
Edge 1959 3472 98
Edge 1959 3560 79
Edge 1960 2033 98
Edge 1960 2194 58
Edge 1960 2312 86
Edge 1960 2426 87
Edge 1960 2761 91
Edge 1960 2865 91
Edge 1960 2876 97
Edge 1960 2960 86
Edge 1960 3576 99
Edge 1961 2064 93
Edge 1961 2809 94
Edge 1961 2884 97
Edge 1961 3329 60
Edge 1961 3627 68
Edge 1962 2024 82
Edge 1962 2025 57
Edge 1962 2611 91
Edge 1962 2789 81
Edge 1962 3008 93
Edge 1962 3392 62
Edge 1962 3450 87
Edge 1963 2040 51
Edge 1963 2082 82
Edge 1963 2417 88
Edge 1963 2942 72
Edge 1963 3014 65
Edge 1963 3066 75
Edge 1963 3073 58
Edge 1963 3408 73
Edge 1964 2199 98
Edge 1964 2256 69
Edge 1964 2460 71
Edge 1964 2475 51
Edge 1964 2523 50
Edge 1964 2833 76
Edge 1964 3452 89
Edge 1964 3579 52
Edge 1965 2101 70
Edge 1965 2448 68
Edge 1966 2438 87
Edge 1966 2651 69
Edge 1966 3345 98
Edge 1966 3644 84
Edge 1967 2167 90
Edge 1967 2172 58
Edge 1967 2472 88
Edge 1967 2677 96
Edge 1967 2714 72
Edge 1967 2953 98
Edge 1967 3316 54
Edge 1967 3351 74
Edge 1968 2199 68
Edge 1968 2372 56
Edge 1968 2611 90
Edge 1968 2988 93
Edge 1968 3188 88
Edge 1968 3522 54
Edge 1969 2137 93
Edge 1969 2358 76
Edge 1969 2866 99
Edge 1969 3071 95
Edge 1969 3112 74
Edge 1969 3504 85
Edge 1969 3578 87
Edge 1970 1995 97
Edge 1970 2179 55
Edge 1970 2388 93
Edge 1970 2743 63
Edge 1970 2822 50
Edge 1970 3104 96
Edge 1970 3555 86
Edge 1970 3582 95
Edge 1971 2087 84
Edge 1971 2647 57
Edge 1971 2745 82
Edge 1971 2865 74
Edge 1971 3485 55
Edge 1971 3581 53
Edge 1972 2272 95
Edge 1972 2333 93
Edge 1972 2765 62
Edge 1972 2807 91
Edge 1972 2830 96
Edge 1972 3102 98
Edge 1972 3485 94
Edge 1973 2277 74
Edge 1973 2370 64
Edge 1973 2625 63
Edge 1974 2116 53
Edge 1974 2199 89
Edge 1974 2425 95
Edge 1974 2483 100
Edge 1974 2514 83
Edge 1974 2894 65
Edge 1974 3225 59
Edge 1974 3377 62
Edge 1974 3433 58
Edge 1974 3592 50
Edge 1975 2060 73
Edge 1975 2254 77
Edge 1975 2346 74
Edge 1975 2493 78
Edge 1975 2542 60
Edge 1975 2706 67
Edge 1975 3544 69
Edge 1976 2082 87
Edge 1976 2327 73
Edge 1976 2658 74
Edge 1976 2902 97
Edge 1976 3463 69
Edge 1976 3643 65
Edge 1977 2316 74
Edge 1977 2417 79
Edge 1977 2674 58
Edge 1977 2777 82
Edge 1977 2959 56
Edge 1977 2981 73
Edge 1977 3067 75
Edge 1977 3204 75
Edge 1978 2051 57
Edge 1978 2341 57
Edge 1978 3320 95
Edge 1978 3358 68
Edge 1978 3484 88
Edge 1978 3537 61
Edge 1979 2188 89
Edge 1979 2275 62
Edge 1979 2349 53
Edge 1979 2736 81
Edge 1979 3265 89
Edge 1980 2323 87
Edge 1980 2352 50
Edge 1980 2404 85
Edge 1980 2497 59
Edge 1980 2532 82
Edge 1980 3050 63
Edge 1981 2028 55
Edge 1981 2358 85
Edge 1981 2482 94
Edge 1981 2505 58
Edge 1981 3025 51
Edge 1981 3243 83
Edge 1982 2104 96
Edge 1982 2195 96
Edge 1982 2591 70
Edge 1982 2899 53
Edge 1982 2987 83
Edge 1982 3224 87
Edge 1982 3600 76
Edge 1983 2010 54
Edge 1983 2067 59
Edge 1983 2470 97
Edge 1983 2763 75
Edge 1983 2821 52
Edge 1983 3328 66
Edge 1983 3510 96
Edge 1984 2020 56
Edge 1984 2060 91
Edge 1984 2652 56
Edge 1984 2885 66
Edge 1984 2916 84
Edge 1984 2976 99
Edge 1984 3079 61
Edge 1984 3370 59
Edge 1984 3533 81
Edge 1985 2037 50
Edge 1985 2112 61
Edge 1985 2173 86
Edge 1985 2665 67
Edge 1985 2898 68
Edge 1985 3102 70
Edge 1985 3104 72
Edge 1985 3127 76
Edge 1985 3155 59
Edge 1985 3237 50
Edge 1986 2011 84
Edge 1986 2168 71
Edge 1986 2590 64
Edge 1986 2669 54
Edge 1986 2842 66
Edge 1986 2888 96
Edge 1986 3334 86
Edge 1986 3361 84
Edge 1987 2310 75
Edge 1987 2351 82
Edge 1987 2444 90
Edge 1987 2713 73
Edge 1987 2997 87
Edge 1988 2257 51
Edge 1988 2955 75
Edge 1988 2956 59
Edge 1988 3173 88
Edge 1988 3214 94
Edge 1989 2189 58
Edge 1989 2368 84
Edge 1989 2815 88
Edge 1989 2946 99
Edge 1989 3199 84
Edge 1989 3200 79
Edge 1989 3233 59
Edge 1989 3567 65
Edge 1990 2054 70
Edge 1990 2068 86
Edge 1990 2115 78
Edge 1990 2173 93
Edge 1990 2186 82
Edge 1990 2203 97
Edge 1990 2234 99
Edge 1990 2961 95
Edge 1990 3273 66
Edge 1990 3412 84
Edge 1990 3634 93
Edge 1990 3660 56
Edge 1991 2026 90
Edge 1991 2119 70
Edge 1991 2260 79
Edge 1991 2370 62
Edge 1991 2572 98
Edge 1991 2626 82
Edge 1991 2875 66
Edge 1991 3003 65
Edge 1991 3062 85
Edge 1991 3194 50
Edge 1991 3390 95
Edge 1992 2203 60
Edge 1992 2438 52
Edge 1992 2453 83
Edge 1992 2894 56
Edge 1992 3187 82
Edge 1992 3196 50
Edge 1992 3275 53
Edge 1992 3351 96
Edge 1993 2020 99
Edge 1993 2328 97
Edge 1993 3329 52
Edge 1993 3406 86
Edge 1993 3407 83
Edge 1993 3617 81
Edge 1994 2298 67
Edge 1994 2390 63
Edge 1994 2663 88
Edge 1994 2724 90
Edge 1994 3052 54
Edge 1994 3296 50
Edge 1994 3370 59
Edge 1995 2246 77
Edge 1995 2363 69
Edge 1995 2499 86
Edge 1995 2740 59
Edge 1995 3291 63
Edge 1996 2057 61
Edge 1996 2111 69
Edge 1996 2391 98
Edge 1996 2526 78
Edge 1996 2578 64
Edge 1996 2596 60
Edge 1997 2152 56
Edge 1997 2520 62
Edge 1997 2709 80
Edge 1997 3157 80
Edge 1997 3257 91
Edge 1997 3373 66
Edge 1997 3634 96
Edge 1998 2004 64
Edge 1998 2038 77
Edge 1998 2179 51
Edge 1998 2466 52
Edge 1998 2467 84
Edge 1998 2563 81
Edge 1998 2684 60
Edge 1998 2701 55
Edge 1998 3170 96
Edge 1998 3345 52
Edge 1998 3412 59
Edge 1999 2074 73
Edge 1999 2165 58
Edge 1999 2517 68
Edge 1999 2525 96
Edge 1999 2558 92
Edge 1999 2601 87
Edge 1999 2989 54
Edge 1999 3217 63
Edge 1999 3329 78
Edge 2000 2178 65
Edge 2000 2334 95
Edge 2000 2342 68
Edge 2000 2344 80
Edge 2000 2454 82
Edge 2000 2581 75
Edge 2000 2680 69
Edge 2000 2822 75
Edge 2000 3047 61
Edge 2000 3178 97
Edge 2000 3465 84
Edge 2001 2520 96
Edge 2001 2671 75
Edge 2001 2800 61
Edge 2001 3039 81
Edge 2001 3079 77
Edge 2001 3650 52
Edge 2002 2122 84
Edge 2002 2201 70
Edge 2002 2215 61
Edge 2002 3003 83
Edge 2002 3615 53
Edge 2003 2484 63
Edge 2003 2534 52
Edge 2003 3014 97
Edge 2003 3198 83
Edge 2003 3290 76
Edge 2004 2093 89
Edge 2004 2358 98
Edge 2004 2424 56
Edge 2004 2598 86
Edge 2004 2710 73
Edge 2004 2757 78
Edge 2004 2786 56
Edge 2004 3118 91
Edge 2004 3126 73
Edge 2004 3184 82
Edge 2005 2176 60
Edge 2005 2195 59
Edge 2005 2366 71
Edge 2005 2382 94
Edge 2005 2473 58
Edge 2005 2618 55
Edge 2005 2663 85
Edge 2005 2746 71
Edge 2005 2917 86
Edge 2005 3085 96
Edge 2005 3143 61
Edge 2005 3555 96
Edge 2006 2169 90
Edge 2006 3152 88
Edge 2006 3185 60
Edge 2006 3384 84
Edge 2006 3394 50
Edge 2006 3397 57
Edge 2007 2056 88
Edge 2007 2180 60
Edge 2007 2320 91
Edge 2007 3026 70
Edge 2007 3189 74
Edge 2007 3246 80
Edge 2008 2106 58
Edge 2008 2554 72
Edge 2008 2610 69
Edge 2008 2649 59
Edge 2008 2650 92
Edge 2008 2926 73
Edge 2009 2348 71
Edge 2009 2437 50
Edge 2009 2614 82
Edge 2009 2615 71
Edge 2009 2617 95
Edge 2009 2757 61
Edge 2009 2791 60
Edge 2009 3440 66
Edge 2010 2034 82
Edge 2010 2575 51
Edge 2010 2610 70
Edge 2010 2711 74
Edge 2010 3336 53
Edge 2011 2298 91
Edge 2011 2333 100
Edge 2011 2907 67
Edge 2011 2960 66
Edge 2011 2985 70
Edge 2011 3029 82
Edge 2011 3189 92
Edge 2011 3441 50
Edge 2012 2047 74
Edge 2012 2399 78
Edge 2012 2658 63
Edge 2012 2668 75
Edge 2012 3497 81
Edge 2013 2020 82
Edge 2013 2080 96
Edge 2013 2200 68
Edge 2013 3231 74
Edge 2013 3296 72
Edge 2014 2375 97
Edge 2014 2654 67
Edge 2014 2881 63
Edge 2014 2884 73
Edge 2014 2894 92
Edge 2014 3085 50
Edge 2014 3411 83
Edge 2015 2547 85
Edge 2015 3040 90
Edge 2015 3047 60
Edge 2015 3180 81
Edge 2016 2118 90
Edge 2016 2601 74
Edge 2016 2671 52
Edge 2016 2705 56
Edge 2016 3186 54
Edge 2016 3285 78
Edge 2017 2123 93
Edge 2017 2854 96
Edge 2017 3012 92
Edge 2017 3088 51
Edge 2017 3168 56
Edge 2017 3604 60
Edge 2018 2083 84
Edge 2018 2323 62
Edge 2018 2364 95
Edge 2018 2816 81
Edge 2018 2919 66
Edge 2018 3385 92
Edge 2018 3429 54
Edge 2019 2049 96
Edge 2019 2602 93
Edge 2019 2889 57
Edge 2019 3228 85
Edge 2019 3381 98
Edge 2020 2380 90
Edge 2020 2914 98
Edge 2020 2945 87
Edge 2020 3073 81
Edge 2020 3167 81
Edge 2020 3631 55
Edge 2021 2180 84
Edge 2021 2715 69
Edge 2021 2884 81
Edge 2021 2992 85
Edge 2021 3338 76
Edge 2022 2262 51
Edge 2022 2647 71
Edge 2022 2649 67
Edge 2022 2912 76
Edge 2022 3041 75
Edge 2022 3314 86
Edge 2023 2046 97
Edge 2023 2760 66
Edge 2023 2820 70
Edge 2023 3046 54
Edge 2023 3371 71
Edge 2024 2184 73
Edge 2024 2196 54
Edge 2024 2343 82
Edge 2024 2378 64
Edge 2024 2685 99
Edge 2024 2791 99
Edge 2024 2918 92
Edge 2024 3441 92
Edge 2025 2026 64
Edge 2025 2245 50
Edge 2025 2440 54
Edge 2025 2680 83
Edge 2025 2690 75
Edge 2025 2762 73
Edge 2025 2783 95
Edge 2025 3320 96
Edge 2026 2156 84
Edge 2026 2411 77
Edge 2026 2718 78
Edge 2026 2742 72
Edge 2026 3001 76
Edge 2026 3421 50
Edge 2027 2062 50
Edge 2027 2496 92
Edge 2027 2640 53
Edge 2027 2722 92
Edge 2027 3208 60
Edge 2027 3363 80
Edge 2027 3591 74
Edge 2028 2458 99
Edge 2028 2620 57
Edge 2028 2649 80
Edge 2028 3116 84
Edge 2028 3195 57
Edge 2028 3323 85
Edge 2028 3414 60
Edge 2028 3609 72
Edge 2029 2251 79
Edge 2029 2270 93
Edge 2029 2432 83
Edge 2029 3429 66
Edge 2029 3562 69
Edge 2030 2155 85
Edge 2030 2266 74
Edge 2030 2352 56
Edge 2030 2488 94
Edge 2030 2925 73
Edge 2030 2992 85
Edge 2030 3100 91
Edge 2030 3663 99
Edge 2031 2103 95
Edge 2031 2371 78
Edge 2031 2529 52
Edge 2031 2725 95
Edge 2031 3516 89
Edge 2031 3587 93
Edge 2032 2451 66
Edge 2032 2617 78
Edge 2032 2686 76
Edge 2032 2872 85
Edge 2032 3242 79
Edge 2032 3420 81
Edge 2032 3435 94
Edge 2033 2227 84
Edge 2033 2285 99
Edge 2033 2343 78
Edge 2033 2397 61
Edge 2033 2464 55
Edge 2033 2690 86
Edge 2033 2891 61
Edge 2033 3041 93
Edge 2034 2295 89
Edge 2034 2515 58
Edge 2034 2567 88
Edge 2034 3112 71
Edge 2034 3277 87
Edge 2035 2043 53
Edge 2035 2126 64
Edge 2035 2136 65
Edge 2035 2624 65
Edge 2035 2808 81
Edge 2035 3131 51
Edge 2035 3456 67
Edge 2035 3593 63
Edge 2036 2044 73
Edge 2036 2451 83
Edge 2036 2516 92
Edge 2036 2685 62
Edge 2036 2732 72
Edge 2036 2797 91
Edge 2036 2843 84
Edge 2036 2969 54
Edge 2036 2987 91
Edge 2036 3531 99
Edge 2037 2208 73
Edge 2037 2322 72
Edge 2037 2371 53
Edge 2037 2573 96
Edge 2037 2794 99
Edge 2037 2797 73
Edge 2037 3122 94
Edge 2037 3543 94
Edge 2038 2095 57
Edge 2038 2119 67
Edge 2038 2125 50
Edge 2038 2239 94
Edge 2038 2398 77
Edge 2038 2435 95
Edge 2038 2491 76
Edge 2038 3058 60
Edge 2039 2274 85
Edge 2039 2308 90
Edge 2039 2488 68
Edge 2039 2508 78
Edge 2039 2825 85
Edge 2039 2869 98
Edge 2039 3136 93
Edge 2040 2099 90
Edge 2040 2298 77
Edge 2040 2308 84
Edge 2040 2501 78
Edge 2040 2851 55
Edge 2040 3507 55
Edge 2041 2454 53
Edge 2041 2737 85
Edge 2041 3198 87
Edge 2041 3258 83
Edge 2041 3380 86
Edge 2041 3472 74
Edge 2041 3505 54
Edge 2042 2244 61
Edge 2042 2406 88
Edge 2042 2523 58
Edge 2042 2577 83
Edge 2042 2734 78
Edge 2042 2775 88
Edge 2042 3267 82
Edge 2042 3401 66
Edge 2043 2105 64
Edge 2043 2470 69
Edge 2043 2666 99
Edge 2043 2778 95
Edge 2043 2806 86
Edge 2043 3008 51
Edge 2043 3098 52
Edge 2043 3183 56
Edge 2043 3440 69
Edge 2044 2120 70
Edge 2044 2241 53
Edge 2044 2387 68
Edge 2044 2669 92
Edge 2044 2675 56
Edge 2044 3004 59
Edge 2044 3233 95
Edge 2044 3261 73
Edge 2045 2255 58
Edge 2045 2426 69
Edge 2045 2498 98
Edge 2045 2666 55
Edge 2045 2809 64
Edge 2045 3467 63
Edge 2046 2150 51
Edge 2046 2167 75
Edge 2046 2365 79
Edge 2046 2586 89
Edge 2046 3019 79
Edge 2046 3549 84
Edge 2047 2135 80
Edge 2047 2920 79
Edge 2047 3572 92
Edge 2048 2698 78
Edge 2048 3109 73
Edge 2048 3435 91
Edge 2049 2143 55
Edge 2049 2415 86
Edge 2049 2754 97
Edge 2049 2860 94
Edge 2049 2999 65
Edge 2049 3017 85
Edge 2049 3051 82
Edge 2049 3518 78
Edge 2050 2858 87
Edge 2050 3406 94
Edge 2050 3652 58
Edge 2051 2139 91
Edge 2051 2235 91
Edge 2051 2440 74
Edge 2051 2763 66
Edge 2051 2856 88
Edge 2051 2857 95
Edge 2051 2948 95
Edge 2051 3561 50
Edge 2052 2065 50
Edge 2052 2331 90
Edge 2052 2410 51
Edge 2052 2616 56
Edge 2052 2648 77
Edge 2052 2754 99
Edge 2053 2331 58
Edge 2053 2362 67
Edge 2053 2544 53
Edge 2053 2931 67
Edge 2053 2967 63
Edge 2053 3053 88
Edge 2053 3158 86
Edge 2053 3263 90
Edge 2053 3425 64
Edge 2054 2486 67
Edge 2054 2777 60
Edge 2054 3306 52
Edge 2054 3663 78
Edge 2055 2294 53
Edge 2055 2962 77
Edge 2055 3150 52
Edge 2055 3196 72
Edge 2055 3265 53
Edge 2055 3444 74
Edge 2055 3447 62
Edge 2055 3568 77
Edge 2056 2070 85
Edge 2056 2107 69
Edge 2056 2804 54
Edge 2056 3227 65
Edge 2056 3513 64
Edge 2056 3581 74
Edge 2057 2210 64
Edge 2057 2437 79
Edge 2057 2446 87
Edge 2057 2798 90
Edge 2057 2999 85
Edge 2057 3356 75
Edge 2057 3364 51
Edge 2058 2210 99
Edge 2058 2863 75
Edge 2058 2973 53
Edge 2058 3015 50
Edge 2058 3317 50
Edge 2059 2128 89
Edge 2059 2208 97
Edge 2059 2800 97
Edge 2059 2820 91
Edge 2059 3105 53
Edge 2059 3610 58
Edge 2060 2375 82
Edge 2060 2399 88
Edge 2060 3069 54
Edge 2061 2493 61
Edge 2061 2664 75
Edge 2061 2806 55
Edge 2061 2810 58
Edge 2061 2867 51
Edge 2061 3280 78
Edge 2061 3428 75
Edge 2061 3462 57
Edge 2061 3521 52
Edge 2062 2500 74
Edge 2062 2880 79
Edge 2062 2884 62
Edge 2062 3129 95
Edge 2062 3189 78
Edge 2063 2071 84
Edge 2063 2411 67
Edge 2063 2579 89
Edge 2063 2835 83
Edge 2063 3016 81
Edge 2064 2127 52
Edge 2064 2218 79
Edge 2064 2997 88
Edge 2064 3047 51
Edge 2064 3436 92
Edge 2065 2329 93
Edge 2065 2344 62
Edge 2065 2377 85
Edge 2065 2433 95
Edge 2065 2820 69
Edge 2065 2944 98
Edge 2065 2973 56
Edge 2066 2102 95
Edge 2066 2413 82
Edge 2066 2528 94
Edge 2066 2636 59
Edge 2066 3262 58
Edge 2066 3453 56
Edge 2066 3492 77
Edge 2067 2353 64
Edge 2067 2684 96
Edge 2067 3130 52
Edge 2067 3654 94
Edge 2068 2303 84
Edge 2068 2453 61
Edge 2068 2551 53
Edge 2068 3209 53
Edge 2068 3542 99
Edge 2068 3569 92
Edge 2069 2114 76
Edge 2069 2732 58
Edge 2069 2846 50
Edge 2069 3256 80
Edge 2069 3288 67
Edge 2069 3528 66
Edge 2070 2199 68
Edge 2070 2240 53
Edge 2070 2428 81
Edge 2070 2494 80
Edge 2070 2992 65
Edge 2070 3086 68
Edge 2070 3165 60
Edge 2070 3375 83
Edge 2071 2100 100
Edge 2071 2284 78
Edge 2071 2321 58
Edge 2071 2569 54
Edge 2071 2702 63
Edge 2071 3099 70
Edge 2071 3564 52
Edge 2072 2316 65
Edge 2072 2343 84
Edge 2072 2683 66
Edge 2072 3274 88
Edge 2073 2291 65
Edge 2073 2480 69
Edge 2073 2730 67
Edge 2073 2884 89
Edge 2073 3111 88
Edge 2073 3265 53
Edge 2073 3485 86
Edge 2074 2264 54
Edge 2074 2334 89
Edge 2074 2467 71
Edge 2074 2777 76
Edge 2074 2975 75
Edge 2074 2989 53
Edge 2074 3580 63
Edge 2075 2809 55
Edge 2075 2886 70
Edge 2075 2897 94
Edge 2075 3045 58
Edge 2075 3074 65
Edge 2075 3612 59
Edge 2076 2633 56
Edge 2076 2700 53
Edge 2076 2745 88
Edge 2076 2947 83
Edge 2076 3210 76
Edge 2076 3430 93
Edge 2077 2508 81
Edge 2077 2549 93
Edge 2078 2309 61
Edge 2078 2322 92
Edge 2078 2745 89
Edge 2078 2897 52
Edge 2078 3343 86
Edge 2079 2283 50
Edge 2079 2502 96
Edge 2079 2616 64
Edge 2079 3211 61
Edge 2079 3242 84
Edge 2080 2209 70
Edge 2080 2266 59
Edge 2080 2304 56
Edge 2080 2600 84
Edge 2080 2697 70
Edge 2080 2837 59
Edge 2080 3275 78
Edge 2080 3366 66
Edge 2081 2156 80
Edge 2081 3061 61
Edge 2081 3385 68
Edge 2081 3457 75
Edge 2081 3562 89
Edge 2081 3606 87
Edge 2082 2088 97
Edge 2082 2114 59
Edge 2082 2477 59
Edge 2082 2655 70
Edge 2082 2835 66
Edge 2082 2871 76
Edge 2082 2932 78
Edge 2082 3512 55
Edge 2083 2196 93
Edge 2083 2533 63
Edge 2083 2768 81
Edge 2083 2870 86
Edge 2083 2936 93
Edge 2083 2944 70
Edge 2083 3166 50
Edge 2083 3463 90
Edge 2083 3535 58
Edge 2084 2261 75
Edge 2084 2767 62
Edge 2084 2842 72
Edge 2084 3042 78
Edge 2084 3238 71
Edge 2084 3486 79
Edge 2084 3531 81
Edge 2085 2186 88
Edge 2085 2221 72
Edge 2085 2230 69
Edge 2085 2496 78
Edge 2085 2573 84
Edge 2085 3188 91
Edge 2085 3515 55
Edge 2086 2121 93
Edge 2086 2124 72
Edge 2086 2216 95
Edge 2086 2401 53
Edge 2086 2898 100
Edge 2086 3094 78
Edge 2086 3336 65
Edge 2086 3469 55
Edge 2087 2717 58
Edge 2087 2868 73
Edge 2087 2957 55
Edge 2087 3250 79
Edge 2087 3583 76
Edge 2088 2600 88
Edge 2088 3248 88
Edge 2088 3569 78
Edge 2088 3596 93
Edge 2089 2301 60
Edge 2089 2636 95
Edge 2089 2857 93
Edge 2089 2875 99
Edge 2089 3068 54
Edge 2089 3408 65
Edge 2089 3543 52
Edge 2090 2485 72
Edge 2090 3180 81
Edge 2090 3312 56
Edge 2090 3338 66
Edge 2090 3543 67
Edge 2091 2579 73
Edge 2091 2656 94
Edge 2091 3424 79
Edge 2092 2257 90
Edge 2092 2319 50
Edge 2092 2344 89
Edge 2092 2361 89
Edge 2092 2523 76
Edge 2092 3007 67
Edge 2093 2147 82
Edge 2093 2630 72
Edge 2093 2638 77
Edge 2093 2769 88
Edge 2093 3303 60
Edge 2093 3413 53
Edge 2093 3622 82
Edge 2094 2183 71
Edge 2094 2405 94
Edge 2094 2487 62
Edge 2094 2727 91
Edge 2094 2752 94
Edge 2094 2766 71
Edge 2094 3074 71
Edge 2094 3101 66
Edge 2094 3118 60
Edge 2094 3143 54
Edge 2094 3188 87
Edge 2094 3414 76
Edge 2094 3428 56
Edge 2095 2237 59
Edge 2095 2285 72
Edge 2095 2548 60
Edge 2095 2676 70
Edge 2095 2872 92
Edge 2095 3330 63
Edge 2096 2376 77
Edge 2096 2413 65
Edge 2096 2796 86
Edge 2096 3159 76
Edge 2096 3160 71
Edge 2096 3363 94
Edge 2097 2168 71
Edge 2097 2557 56
Edge 2097 2637 82
Edge 2097 2641 52
Edge 2097 2949 71
Edge 2097 3059 52
Edge 2097 3102 100
Edge 2097 3192 56
Edge 2097 3235 51
Edge 2097 3372 60
Edge 2097 3467 66
Edge 2098 2254 50
Edge 2098 2745 65
Edge 2098 2782 77
Edge 2098 2802 79
Edge 2098 3171 89
Edge 2098 3496 96
Edge 2099 2228 64
Edge 2099 2435 91
Edge 2099 2701 98
Edge 2099 3072 79
Edge 2100 2236 65
Edge 2100 2242 68
Edge 2100 2319 55
Edge 2100 2556 68
Edge 2100 2799 77
Edge 2100 2955 53
Edge 2100 3592 67
Edge 2101 2208 53
Edge 2101 2367 53
Edge 2101 2800 80
Edge 2101 3451 92
Edge 2102 2779 70
Edge 2102 2837 50
Edge 2102 3295 89
Edge 2102 3454 94
Edge 2102 3468 53
Edge 2103 2651 60
Edge 2103 2687 50
Edge 2103 3154 66
Edge 2103 3615 75
Edge 2104 2126 59
Edge 2104 2232 63
Edge 2104 2451 81
Edge 2104 2622 55
Edge 2104 2821 63
Edge 2104 3146 88
Edge 2104 3201 60
Edge 2105 2437 52
Edge 2105 2673 61
Edge 2105 2693 61
Edge 2105 2850 64
Edge 2105 2870 54
Edge 2105 2922 52
Edge 2106 2141 61
Edge 2106 2445 68
Edge 2106 2614 61
Edge 2106 2724 99
Edge 2106 2729 69
Edge 2106 3004 71
Edge 2106 3056 90
Edge 2106 3195 85
Edge 2106 3304 76
Edge 2106 3520 89
Edge 2107 2123 68
Edge 2107 2260 88
Edge 2107 2762 69
Edge 2107 2827 99
Edge 2107 3262 63
Edge 2107 3393 72
Edge 2108 2240 98
Edge 2108 2423 96
Edge 2108 2617 71
Edge 2108 2728 85
Edge 2108 2729 55
Edge 2108 2956 71
Edge 2108 3225 97
Edge 2109 2647 51
Edge 2109 2725 86
Edge 2109 2834 59
Edge 2109 2893 85
Edge 2109 2897 71
Edge 2109 3030 63
Edge 2110 2162 63
Edge 2110 2247 97
Edge 2110 2335 79
Edge 2110 2814 80
Edge 2110 3194 73
Edge 2111 2253 73
Edge 2111 2256 72
Edge 2111 2806 83
Edge 2111 2938 65
Edge 2111 3033 63
Edge 2111 3101 68
Edge 2112 2142 74
Edge 2112 2846 71
Edge 2112 2932 92
Edge 2112 3049 55
Edge 2113 2239 71
Edge 2113 2816 86
Edge 2113 3316 69
Edge 2113 3505 53
Edge 2114 2426 95
Edge 2114 2748 72
Edge 2114 2996 90
Edge 2114 3363 95
Edge 2114 3589 95
Edge 2114 3634 97
Edge 2114 3635 74
Edge 2115 2287 71
Edge 2115 2810 94
Edge 2115 2995 79
Edge 2115 3049 100
Edge 2115 3506 61
Edge 2116 2464 55
Edge 2116 2489 93
Edge 2116 2860 98
Edge 2116 2895 62
Edge 2116 3265 53
Edge 2117 2652 89
Edge 2117 2674 59
Edge 2117 3064 86
Edge 2117 3185 57
Edge 2117 3246 93
Edge 2118 2245 70
Edge 2118 2333 82
Edge 2118 2346 86
Edge 2118 2618 68
Edge 2118 2855 95
Edge 2118 2902 54
Edge 2118 3257 88
Edge 2118 3269 54
Edge 2118 3277 99
Edge 2119 2381 51
Edge 2119 2453 65
Edge 2119 2640 51
Edge 2119 2696 91
Edge 2119 2910 100
Edge 2120 2222 90
Edge 2120 2232 61
Edge 2120 2274 93
Edge 2120 2486 97
Edge 2120 2584 73
Edge 2120 3227 71
Edge 2120 3357 82
Edge 2120 3457 97
Edge 2121 2191 55
Edge 2121 2483 99
Edge 2121 3062 60
Edge 2121 3311 76
Edge 2121 3344 54
Edge 2122 2227 62
Edge 2122 2313 81
Edge 2122 2355 86
Edge 2122 2820 63
Edge 2122 3191 82
Edge 2122 3455 67
Edge 2123 2204 82
Edge 2123 2234 64
Edge 2123 2361 91
Edge 2123 2399 84
Edge 2123 2567 56
Edge 2123 2823 91
Edge 2123 3561 96
Edge 2124 2159 96
Edge 2124 2258 93
Edge 2124 2596 63
Edge 2124 2859 84
Edge 2124 3024 92
Edge 2124 3183 74
Edge 2124 3242 64
Edge 2124 3499 77
Edge 2124 3629 99
Edge 2125 2169 51
Edge 2125 2321 54
Edge 2125 2516 68
Edge 2125 2651 87
Edge 2125 2921 85
Edge 2125 3184 63
Edge 2125 3339 100
Edge 2125 3665 50
Edge 2126 2248 53
Edge 2126 2270 67
Edge 2126 2351 63
Edge 2126 2632 68
Edge 2126 3300 71
Edge 2126 3521 94
Edge 2127 2200 79
Edge 2127 2334 92
Edge 2127 2466 58
Edge 2127 2924 51
Edge 2127 3455 85
Edge 2127 3523 67
Edge 2128 2166 91
Edge 2128 2437 74
Edge 2128 2710 72
Edge 2128 3301 83
Edge 2129 2177 66
Edge 2129 2474 92
Edge 2129 2543 79
Edge 2129 2550 74
Edge 2129 2600 85
Edge 2129 2629 55
Edge 2129 2689 95
Edge 2129 3068 65
Edge 2129 3360 58
Edge 2130 2251 56
Edge 2130 2993 98
Edge 2130 3037 60
Edge 2130 3082 72
Edge 2130 3222 68
Edge 2130 3306 73
Edge 2130 3548 64
Edge 2130 3636 81
Edge 2131 2423 56
Edge 2131 2716 99
Edge 2131 2722 51
Edge 2131 3595 69
Edge 2132 2152 56
Edge 2132 2166 58
Edge 2132 2384 81
Edge 2132 3460 63
Edge 2132 3505 52
Edge 2133 2233 53
Edge 2133 2376 60
Edge 2133 2783 80
Edge 2133 2905 60
Edge 2133 3030 55
Edge 2133 3054 98
Edge 2133 3201 72
Edge 2134 2571 92
Edge 2134 2790 59
Edge 2134 3068 94
Edge 2134 3176 55
Edge 2134 3282 54
Edge 2134 3304 56
Edge 2134 3544 79
Edge 2134 3554 52
Edge 2134 3569 58
Edge 2135 2236 58
Edge 2135 2336 54
Edge 2135 2568 55
Edge 2135 3324 63
Edge 2135 3582 68
Edge 2136 2423 52
Edge 2136 2603 77
Edge 2136 2910 99
Edge 2136 2964 76
Edge 2137 2345 84
Edge 2137 2418 65
Edge 2137 2433 98
Edge 2137 2501 76
Edge 2137 2755 55
Edge 2137 2772 53
Edge 2137 2964 52
Edge 2137 3056 50
Edge 2137 3395 67
Edge 2138 2151 98
Edge 2138 2769 79
Edge 2138 3006 96
Edge 2138 3011 70
Edge 2138 3121 56
Edge 2138 3352 62
Edge 2138 3643 70
Edge 2139 2607 62
Edge 2139 3116 73
Edge 2139 3285 60
Edge 2140 2180 79
Edge 2140 2423 70
Edge 2140 2905 100
Edge 2140 3164 99
Edge 2140 3529 61
Edge 2141 2526 88
Edge 2141 2633 83
Edge 2141 2855 92
Edge 2141 3423 74
Edge 2141 3653 70
Edge 2142 2219 50
Edge 2142 2251 71
Edge 2142 2928 72
Edge 2142 3018 53
Edge 2142 3271 67
Edge 2142 3590 67
Edge 2143 2351 75
Edge 2143 2395 95
Edge 2143 2541 60
Edge 2143 2574 98
Edge 2143 2743 96
Edge 2143 2940 80
Edge 2143 3376 50
Edge 2144 2166 70
Edge 2144 2416 71
Edge 2144 2958 96
Edge 2144 2991 78
Edge 2144 3043 51
Edge 2145 2306 73
Edge 2145 2341 81
Edge 2145 2480 99
Edge 2145 2540 70
Edge 2145 3207 67
Edge 2146 2650 85
Edge 2146 2857 58
Edge 2146 2980 79
Edge 2146 3034 85
Edge 2146 3425 84
Edge 2146 3595 66
Edge 2147 2150 61
Edge 2147 2194 83
Edge 2147 2488 52
Edge 2147 2508 50
Edge 2147 2726 56
Edge 2147 2858 93
Edge 2147 3015 56
Edge 2147 3406 70
Edge 2148 2433 71
Edge 2148 2711 95
Edge 2148 2848 63
Edge 2148 3182 89
Edge 2148 3266 85
Edge 2148 3404 77
Edge 2148 3432 83
Edge 2149 2209 90
Edge 2149 2494 56
Edge 2149 2655 95
Edge 2149 2671 96
Edge 2149 3082 69
Edge 2149 3146 58
Edge 2149 3245 60
Edge 2149 3406 56
Edge 2150 2757 50
Edge 2150 3054 69
Edge 2150 3473 50
Edge 2150 3619 57
Edge 2151 2450 89
Edge 2151 2507 52
Edge 2151 3245 91
Edge 2151 3496 75
Edge 2151 3498 59
Edge 2152 2212 87
Edge 2152 2383 68
Edge 2152 2386 55
Edge 2152 2401 84
Edge 2152 2611 79
Edge 2153 2589 57
Edge 2153 2787 63
Edge 2153 2902 69
Edge 2153 2978 94
Edge 2153 3259 59
Edge 2153 3437 88
Edge 2153 3520 90
Edge 2154 2270 88
Edge 2154 2375 78
Edge 2154 2502 92
Edge 2154 2525 83
Edge 2154 2871 55
Edge 2155 2222 63
Edge 2155 2386 56
Edge 2155 2649 58
Edge 2155 2764 74
Edge 2155 3366 59
Edge 2155 3396 94
Edge 2155 3631 68
Edge 2156 2478 53
Edge 2156 2734 53
Edge 2156 3053 64
Edge 2156 3210 56
Edge 2156 3486 53
Edge 2156 3599 58
Edge 2157 2295 79
Edge 2157 2404 66
Edge 2157 2422 60
Edge 2157 2527 77
Edge 2157 2655 82
Edge 2157 2859 73
Edge 2157 3058 64
Edge 2157 3560 73
Edge 2158 2497 65
Edge 2158 2523 58
Edge 2158 2748 56
Edge 2158 2859 93
Edge 2158 3123 92
Edge 2158 3384 91
Edge 2158 3523 97
Edge 2159 2363 99
Edge 2159 2819 93
Edge 2159 2876 97
Edge 2159 2889 83
Edge 2159 2890 79
Edge 2159 3164 95
Edge 2159 3322 60
Edge 2159 3394 57
Edge 2160 2443 95
Edge 2160 2540 87
Edge 2160 3078 59
Edge 2160 3225 92
Edge 2160 3322 94
Edge 2160 3615 65
Edge 2161 2353 56
Edge 2161 3240 86
Edge 2161 3644 81
Edge 2162 2234 63
Edge 2162 2521 73
Edge 2162 2706 89
Edge 2162 2807 65
Edge 2162 3587 66
Edge 2162 3623 68
Edge 2163 2268 80
Edge 2163 2541 61
Edge 2163 3015 87
Edge 2163 3393 92
Edge 2164 2249 95
Edge 2164 2707 87
Edge 2164 2749 69
Edge 2164 2906 65
Edge 2164 3138 75
Edge 2164 3494 51
Edge 2165 2326 83
Edge 2165 2614 63
Edge 2165 2640 79
Edge 2165 2697 81
Edge 2165 2750 50
Edge 2165 2905 67
Edge 2165 3208 87
Edge 2165 3279 81
Edge 2165 3540 57
Edge 2166 2520 68
Edge 2166 2527 61
Edge 2166 2558 58
Edge 2166 3381 82
Edge 2166 3500 75
Edge 2167 2181 52
Edge 2167 2426 55
Edge 2167 2562 53
Edge 2167 2639 76
Edge 2167 2657 72
Edge 2168 2186 71
Edge 2168 2296 90
Edge 2168 2412 74
Edge 2168 2557 73
Edge 2168 2682 52
Edge 2168 2753 85
Edge 2168 2760 83
Edge 2168 3174 80
Edge 2169 2497 90
Edge 2169 2586 87
Edge 2169 2733 67
Edge 2169 2847 85
Edge 2169 3027 97
Edge 2169 3139 56
Edge 2169 3161 50
Edge 2170 2516 86
Edge 2170 2554 75
Edge 2170 3160 79
Edge 2170 3220 63
Edge 2170 3367 80
Edge 2170 3450 50
Edge 2171 2450 98
Edge 2171 2468 92
Edge 2171 2524 52
Edge 2171 2530 67
Edge 2171 2629 68
Edge 2171 2687 79
Edge 2171 2740 59
Edge 2171 2757 96
Edge 2171 3521 79
Edge 2171 3625 68
Edge 2172 2427 72
Edge 2172 2752 51
Edge 2172 2783 54
Edge 2172 3036 86
Edge 2172 3088 72
Edge 2172 3135 80
Edge 2172 3229 50
Edge 2173 2308 64
Edge 2173 2369 57
Edge 2173 2432 66
Edge 2173 2642 74
Edge 2173 2680 53
Edge 2173 3012 59
Edge 2173 3228 85
Edge 2173 3425 64
Edge 2174 2337 98
Edge 2174 2450 71
Edge 2174 2505 65
Edge 2174 2704 96
Edge 2174 2714 61
Edge 2175 2221 69
Edge 2175 3109 99
Edge 2175 3274 66
Edge 2175 3360 98
Edge 2176 2184 98
Edge 2176 2667 67
Edge 2176 2825 78
Edge 2176 2872 82
Edge 2176 3108 74
Edge 2176 3374 69
Edge 2176 3488 83
Edge 2176 3567 77
Edge 2177 2437 60
Edge 2177 2514 52
Edge 2177 2988 69
Edge 2177 3172 94
Edge 2178 2192 87
Edge 2178 2480 75
Edge 2178 2640 86
Edge 2178 2741 78
Edge 2178 3090 62
Edge 2178 3116 93
Edge 2178 3326 74
Edge 2179 2203 94
Edge 2179 2387 91
Edge 2179 2589 87
Edge 2179 2624 72
Edge 2179 3135 91
Edge 2179 3159 70
Edge 2179 3334 60
Edge 2180 2216 59
Edge 2180 2307 98
Edge 2180 2327 59
Edge 2180 2429 58
Edge 2180 2712 60
Edge 2180 3321 59
Edge 2180 3490 91
Edge 2181 2218 92
Edge 2181 2534 71
Edge 2181 2595 63
Edge 2182 2223 99
Edge 2182 2513 78
Edge 2182 2600 68
Edge 2182 2862 81
Edge 2182 3282 58
Edge 2182 3565 56
Edge 2183 2235 83
Edge 2183 2347 53
Edge 2183 2360 93
Edge 2183 2368 61
Edge 2183 2399 64
Edge 2183 2791 91
Edge 2183 2873 50
Edge 2183 2902 91
Edge 2183 3430 77
Edge 2183 3514 70
Edge 2184 2417 82
Edge 2184 2432 96
Edge 2184 2496 61
Edge 2184 3284 66
Edge 2184 3530 52
Edge 2185 2190 52
Edge 2185 2276 66
Edge 2185 2280 93
Edge 2185 2592 69
Edge 2185 2887 73
Edge 2185 3181 94
Edge 2185 3662 56
Edge 2186 2712 61
Edge 2186 2901 70
Edge 2186 3438 54
Edge 2187 2210 76
Edge 2187 2289 69
Edge 2187 2814 98
Edge 2187 3010 81
Edge 2187 3134 97
Edge 2188 2484 54
Edge 2188 3161 71
Edge 2188 3215 71
Edge 2189 2240 69
Edge 2189 2284 72
Edge 2189 2452 66
Edge 2189 2555 88
Edge 2189 2936 90
Edge 2189 3081 95
Edge 2189 3210 80
Edge 2189 3219 86
Edge 2189 3597 94
Edge 2190 2389 91
Edge 2190 2625 84
Edge 2190 2852 56
Edge 2190 3366 52
Edge 2190 3654 92
Edge 2191 2255 84
Edge 2191 2291 79
Edge 2191 2524 92
Edge 2191 2566 99
Edge 2191 2886 56
Edge 2191 2979 56
Edge 2191 3217 71
Edge 2191 3251 87
Edge 2192 2370 81
Edge 2192 2836 73
Edge 2192 2864 86
Edge 2192 2965 56
Edge 2192 3048 54
Edge 2192 3166 56
Edge 2192 3292 80
Edge 2192 3470 96
Edge 2193 2838 59
Edge 2193 2927 97
Edge 2193 3443 57
Edge 2194 2443 95
Edge 2194 2675 89
Edge 2194 2809 53
Edge 2195 2221 53
Edge 2195 2243 58
Edge 2195 2323 87
Edge 2195 3102 62
Edge 2195 3653 53
Edge 2196 2305 61
Edge 2196 2682 88
Edge 2196 3093 54
Edge 2196 3097 90
Edge 2196 3344 53
Edge 2197 3160 69
Edge 2197 3274 59
Edge 2198 2512 77
Edge 2198 2709 94
Edge 2198 2770 79
Edge 2198 3051 82
Edge 2198 3239 65
Edge 2199 2379 68
Edge 2199 2401 73
Edge 2199 2727 74
Edge 2199 2735 70
Edge 2199 2759 82
Edge 2199 3590 76
Edge 2200 2335 65
Edge 2201 2431 87
Edge 2201 2578 69
Edge 2201 2631 66
Edge 2201 2951 85
Edge 2201 3092 93
Edge 2201 3097 53
Edge 2202 2325 98
Edge 2202 2497 84
Edge 2202 2610 58
Edge 2202 2615 71
Edge 2202 3130 89
Edge 2202 3163 60
Edge 2202 3180 87
Edge 2202 3214 63
Edge 2202 3478 53
Edge 2203 2276 64
Edge 2203 2423 93
Edge 2203 2663 90
Edge 2203 2891 62
Edge 2203 3627 66
Edge 2204 2207 75
Edge 2204 2715 79
Edge 2204 2975 96
Edge 2204 3237 69
Edge 2204 3400 69
Edge 2205 2218 76
Edge 2205 2442 59
Edge 2205 2546 59
Edge 2205 2642 50
Edge 2205 3205 94
Edge 2206 2267 94
Edge 2206 2430 54
Edge 2206 2552 76
Edge 2206 2609 74
Edge 2206 2676 72
Edge 2206 2854 83
Edge 2206 2939 71
Edge 2206 3270 73
Edge 2207 2644 79
Edge 2207 2825 59
Edge 2207 2895 54
Edge 2207 2999 98
Edge 2207 3005 73
Edge 2207 3204 67
Edge 2207 3416 54
Edge 2207 3522 94
Edge 2208 2355 82
Edge 2208 2427 90
Edge 2208 2754 69
Edge 2208 2808 72
Edge 2208 2978 92
Edge 2208 3037 90
Edge 2209 2522 93
Edge 2209 2768 83
Edge 2209 2826 88
Edge 2209 3637 99
Edge 2210 2225 75
Edge 2210 2384 86
Edge 2210 2495 61
Edge 2210 2516 75
Edge 2210 3583 82
Edge 2211 2406 85
Edge 2211 2805 89
Edge 2211 2864 53
Edge 2211 2940 71
Edge 2211 3465 53
Edge 2212 2265 98
Edge 2212 2374 59
Edge 2212 2693 71
Edge 2212 3203 82
Edge 2212 3330 72
Edge 2212 3386 95
Edge 2213 2621 88
Edge 2213 2718 93
Edge 2213 2790 70
Edge 2213 2816 78
Edge 2213 3070 75
Edge 2214 2245 92
Edge 2214 2802 56
Edge 2214 2884 54
Edge 2214 2967 80
Edge 2214 3146 65
Edge 2214 3408 51
Edge 2214 3493 84
Edge 2215 2304 61
Edge 2215 2647 58
Edge 2215 2792 77
Edge 2215 3101 77
Edge 2215 3136 64
Edge 2216 2376 89
Edge 2216 2460 88
Edge 2216 2560 96
Edge 2216 2588 92
Edge 2216 2677 84
Edge 2217 2898 90
Edge 2217 3002 58
Edge 2217 3009 50
Edge 2217 3079 55
Edge 2217 3229 77
Edge 2217 3304 73
Edge 2217 3407 66
Edge 2217 3593 53
Edge 2218 2237 94
Edge 2218 2549 98
Edge 2218 2956 95
Edge 2218 3029 52
Edge 2218 3624 50
Edge 2219 2331 56
Edge 2219 2334 65
Edge 2219 2492 88
Edge 2219 2997 88
Edge 2219 3095 62
Edge 2219 3218 95
Edge 2219 3539 65
Edge 2220 2673 66
Edge 2220 2847 85
Edge 2220 3468 99
Edge 2221 2555 92
Edge 2221 2589 50
Edge 2221 3166 73
Edge 2221 3186 73
Edge 2222 2479 70
Edge 2222 2716 55
Edge 2222 2804 87
Edge 2222 2991 56
Edge 2222 3211 83
Edge 2223 2308 86
Edge 2223 2320 64
Edge 2223 2393 56
Edge 2223 2511 68
Edge 2223 2970 69
Edge 2223 3419 81
Edge 2223 3460 61
Edge 2224 2268 61
Edge 2224 2299 92
Edge 2224 3067 81
Edge 2224 3298 87
Edge 2224 3495 55
Edge 2224 3552 57
Edge 2225 2899 91
Edge 2225 3000 64
Edge 2225 3016 91
Edge 2225 3020 87
Edge 2225 3313 51
Edge 2225 3375 74
Edge 2225 3428 77
Edge 2226 2546 75
Edge 2226 2664 77
Edge 2226 2703 64
Edge 2226 3382 67
Edge 2227 2257 63
Edge 2227 2300 56
Edge 2227 2673 82
Edge 2227 2801 78
Edge 2227 3192 99
Edge 2227 3395 62
Edge 2227 3486 63
Edge 2227 3570 78
Edge 2228 2352 65
Edge 2228 2566 89
Edge 2228 2645 72
Edge 2228 2683 88
Edge 2228 2885 98
Edge 2228 3004 67
Edge 2228 3576 68
Edge 2229 2317 66
Edge 2229 2668 90
Edge 2229 2759 70
Edge 2229 2942 71
Edge 2229 2989 66
Edge 2229 3177 93
Edge 2229 3436 66
Edge 2229 3535 88
Edge 2230 2561 68
Edge 2230 2722 87
Edge 2230 2728 60
Edge 2230 2878 53
Edge 2230 3113 68
Edge 2230 3204 79
Edge 2230 3217 85
Edge 2230 3365 79
Edge 2230 3517 97
Edge 2231 2372 50
Edge 2231 2511 94
Edge 2231 2591 53
Edge 2231 2730 56
Edge 2231 2942 60
Edge 2231 3025 57
Edge 2231 3459 89
Edge 2231 3618 67
Edge 2232 2472 76
Edge 2232 2630 92
Edge 2232 2803 95
Edge 2232 2883 92
Edge 2232 2995 92
Edge 2232 3130 83
Edge 2232 3320 52
Edge 2233 2285 79
Edge 2233 2608 62
Edge 2233 3141 79
Edge 2233 3492 87
Edge 2234 2377 99
Edge 2234 2475 62
Edge 2234 2702 72
Edge 2234 2873 62
Edge 2234 3020 64
Edge 2234 3207 72
Edge 2234 3615 71
Edge 2235 2661 97
Edge 2235 2934 96
Edge 2236 2580 94
Edge 2236 2602 54
Edge 2236 2723 58
Edge 2236 2813 61
Edge 2236 3246 54
Edge 2237 2289 57
Edge 2237 2737 96
Edge 2237 2854 63
Edge 2237 2966 83
Edge 2237 3201 66
Edge 2238 2714 91
Edge 2238 3240 89
Edge 2238 3545 93
Edge 2239 2362 65
Edge 2239 2671 73
Edge 2239 2841 60
Edge 2239 3084 65
Edge 2240 2459 88
Edge 2240 2516 73
Edge 2240 2647 75
Edge 2240 2931 75
Edge 2240 3010 62
Edge 2240 3226 56
Edge 2240 3276 71
Edge 2241 2715 64
Edge 2241 2765 55
Edge 2241 3119 72
Edge 2241 3394 89
Edge 2241 3401 95
Edge 2242 2324 79
Edge 2242 2381 71
Edge 2242 2513 66
Edge 2242 3197 81
Edge 2242 3385 66
Edge 2242 3397 97
Edge 2242 3662 60
Edge 2243 2262 98
Edge 2243 2517 97
Edge 2243 2852 86
Edge 2243 3077 55
Edge 2244 2534 55
Edge 2244 2648 65
Edge 2244 2662 90
Edge 2244 2754 58
Edge 2244 2957 86
Edge 2244 2998 66
Edge 2244 3051 63
Edge 2244 3443 84
Edge 2245 3202 79
Edge 2245 3263 89
Edge 2245 3345 78
Edge 2246 2294 85
Edge 2246 2311 86
Edge 2246 2709 91
Edge 2246 2829 71
Edge 2246 3529 94
Edge 2247 2658 69
Edge 2247 2798 50
Edge 2247 2823 78
Edge 2247 2885 52
Edge 2247 2895 75
Edge 2247 3334 90
Edge 2248 2294 83
Edge 2248 2876 60
Edge 2248 3210 98
Edge 2248 3273 55
Edge 2248 3341 78
Edge 2248 3607 69
Edge 2249 2573 81
Edge 2249 2639 65
Edge 2249 2650 68
Edge 2249 3591 84
Edge 2250 2365 55
Edge 2250 2439 68
Edge 2250 2942 60
Edge 2250 3029 98
Edge 2250 3329 97
Edge 2250 3417 66
Edge 2251 2308 86
Edge 2251 2605 54
Edge 2251 3011 83
Edge 2251 3050 75
Edge 2251 3577 51
Edge 2252 2548 54
Edge 2252 2905 97
Edge 2252 2919 76
Edge 2252 3196 96
Edge 2252 3519 70
Edge 2253 2267 55
Edge 2253 2374 70
Edge 2253 2395 85
Edge 2253 2595 71
Edge 2253 2688 61
Edge 2253 3072 80
Edge 2253 3133 98
Edge 2253 3250 92
Edge 2253 3653 75
Edge 2254 2268 93
Edge 2254 2528 90
Edge 2254 2932 100
Edge 2255 2449 78
Edge 2255 2561 52
Edge 2255 2859 77
Edge 2255 3103 85
Edge 2255 3357 98
Edge 2256 2354 85
Edge 2256 2894 72
Edge 2256 3055 67
Edge 2256 3283 50
Edge 2256 3657 52
Edge 2257 2272 60
Edge 2257 2445 79
Edge 2257 2877 76
Edge 2257 3409 80
Edge 2257 3511 77
Edge 2258 2259 50
Edge 2258 2475 71
Edge 2258 2560 53
Edge 2258 2903 73
Edge 2258 2997 78
Edge 2258 3222 65
Edge 2258 3426 88
Edge 2258 3454 85
Edge 2258 3535 76
Edge 2259 2318 89
Edge 2259 2552 77
Edge 2259 2576 98
Edge 2259 2751 75
Edge 2259 3259 65
Edge 2259 3459 60
Edge 2260 2818 89
Edge 2260 3260 87
Edge 2260 3345 55
Edge 2260 3550 85
Edge 2261 2349 95
Edge 2261 2435 77
Edge 2261 2457 71
Edge 2261 2535 86
Edge 2261 2555 82
Edge 2262 2384 50
Edge 2262 2483 97
Edge 2262 2508 74
Edge 2262 2819 79
Edge 2262 2873 74
Edge 2262 3227 87
Edge 2262 3394 82
Edge 2262 3469 70
Edge 2263 2405 90
Edge 2263 2659 55
Edge 2263 2662 61
Edge 2263 3252 87
Edge 2263 3422 68
Edge 2264 2325 65
Edge 2264 3063 85
Edge 2264 3153 56
Edge 2264 3185 96
Edge 2264 3230 88
Edge 2264 3312 69
Edge 2265 2504 93
Edge 2265 2524 51
Edge 2265 2645 68
Edge 2265 2663 67
Edge 2265 3083 81
Edge 2265 3305 68
Edge 2266 2776 82
Edge 2266 3390 63
Edge 2266 3574 55
Edge 2267 2590 82
Edge 2267 2857 77
Edge 2267 3207 66
Edge 2267 3317 79
Edge 2267 3462 91
Edge 2268 2465 67
Edge 2268 2535 65
Edge 2268 3043 66
Edge 2268 3062 57
Edge 2268 3242 91
Edge 2269 2331 87
Edge 2269 2533 61
Edge 2269 2538 69
Edge 2269 2562 64
Edge 2269 2593 75
Edge 2269 2729 53
Edge 2269 3032 87
Edge 2269 3348 57
Edge 2270 2377 71
Edge 2270 2686 84
Edge 2270 2755 99
Edge 2270 3209 78
Edge 2271 2947 84
Edge 2271 2955 81
Edge 2271 2977 76
Edge 2271 2991 74
Edge 2271 3038 62
Edge 2271 3246 96
Edge 2272 2428 54
Edge 2272 2517 79
Edge 2272 2613 94
Edge 2272 2756 51
Edge 2272 2883 77
Edge 2272 2993 86
Edge 2272 3305 97
Edge 2273 2473 98
Edge 2273 2553 86
Edge 2273 2689 87
Edge 2273 2831 62
Edge 2274 2485 64
Edge 2274 2493 80
Edge 2274 2537 62
Edge 2274 2624 50
Edge 2274 3043 51
Edge 2274 3410 95
Edge 2274 3530 91
Edge 2275 2493 64
Edge 2275 3032 97
Edge 2275 3082 96
Edge 2275 3616 55
Edge 2275 3645 56
Edge 2276 3000 62
Edge 2276 3513 59
Edge 2276 3635 95
Edge 2277 2413 88
Edge 2277 2425 52
Edge 2277 3033 98
Edge 2277 3100 69
Edge 2277 3120 67
Edge 2277 3656 89
Edge 2278 2287 61
Edge 2278 2487 67
Edge 2278 2597 52
Edge 2278 2991 86
Edge 2279 2621 93
Edge 2279 2946 57
Edge 2279 3091 90
Edge 2279 3173 77
Edge 2279 3258 99
Edge 2280 2366 83
Edge 2280 2883 69
Edge 2280 2890 90
Edge 2280 2937 72
Edge 2280 3003 89
Edge 2280 3069 74
Edge 2280 3136 99
Edge 2281 2413 97
Edge 2281 2537 91
Edge 2281 2739 69
Edge 2281 3015 85
Edge 2281 3551 86
Edge 2282 2296 91
Edge 2282 2394 81
Edge 2282 2477 94
Edge 2282 2522 82
Edge 2282 2750 51
Edge 2282 3011 98
Edge 2282 3270 71
Edge 2282 3464 60
Edge 2282 3582 68
Edge 2283 2315 70
Edge 2283 2447 52
Edge 2283 2453 62
Edge 2283 2645 86
Edge 2283 3209 76
Edge 2283 3387 65
Edge 2283 3558 70
Edge 2284 2547 88
Edge 2284 2664 88
Edge 2284 3641 72
Edge 2284 3655 67
Edge 2285 2456 97
Edge 2285 2488 54
Edge 2285 2895 74
Edge 2285 2917 64
Edge 2285 3089 81
Edge 2285 3170 65
Edge 2285 3204 76
Edge 2285 3264 52
Edge 2285 3596 51
Edge 2286 2481 88
Edge 2286 2720 66
Edge 2286 2753 92
Edge 2286 2971 71
Edge 2286 3056 83
Edge 2286 3420 92
Edge 2287 2418 88
Edge 2287 2591 84
Edge 2287 2611 82
Edge 2287 2746 63
Edge 2287 2786 71
Edge 2287 3050 85
Edge 2287 3093 72
Edge 2287 3255 89
Edge 2288 2498 52
Edge 2288 2583 83
Edge 2288 2634 98
Edge 2288 2894 58
Edge 2288 3142 52
Edge 2288 3170 77
Edge 2288 3309 74
Edge 2288 3322 83
Edge 2288 3342 58
Edge 2289 2303 73
Edge 2289 2327 57
Edge 2289 2570 62
Edge 2289 2613 54
Edge 2289 2733 91
Edge 2289 3046 71
Edge 2290 2404 76
Edge 2290 2455 70
Edge 2290 2569 80
Edge 2290 2818 92
Edge 2290 3318 76
Edge 2291 2357 87
Edge 2291 2441 64
Edge 2291 3026 69
Edge 2291 3455 74
Edge 2292 2528 55
Edge 2292 2603 64
Edge 2292 2680 69
Edge 2292 3015 72
Edge 2292 3412 86
Edge 2292 3422 80
Edge 2293 2456 66
Edge 2293 2885 64
Edge 2293 2970 98
Edge 2293 3322 75
Edge 2293 3599 84
Edge 2294 2537 84
Edge 2294 2885 85
Edge 2294 3112 92
Edge 2294 3649 66
Edge 2295 2576 75
Edge 2295 2643 63
Edge 2295 2801 66
Edge 2295 3330 63
Edge 2295 3359 88
Edge 2295 3382 80
Edge 2295 3463 83
Edge 2295 3490 91
Edge 2296 2302 66
Edge 2296 2352 64
Edge 2296 2977 62
Edge 2296 3185 93
Edge 2296 3458 75
Edge 2297 2487 90
Edge 2297 2926 72
Edge 2297 3169 85
Edge 2297 3399 77
Edge 2297 3468 56
Edge 2298 2446 58
Edge 2298 2580 94
Edge 2298 2771 59
Edge 2298 3265 55
Edge 2298 3444 82
Edge 2298 3454 85
Edge 2298 3466 67
Edge 2298 3511 56
Edge 2299 2737 52
Edge 2299 3158 94
Edge 2299 3502 83
Edge 2300 2373 71
Edge 2300 2460 59
Edge 2300 2672 57
Edge 2300 2701 52
Edge 2300 2860 87
Edge 2300 3286 68
Edge 2300 3376 65
Edge 2301 2889 78
Edge 2301 3153 65
Edge 2301 3323 91
Edge 2301 3330 78
Edge 2301 3503 78
Edge 2302 2305 76
Edge 2302 2482 91
Edge 2302 2782 50
Edge 2302 3032 97
Edge 2302 3502 79
Edge 2302 3588 95
Edge 2303 2622 83
Edge 2303 3074 71
Edge 2303 3095 61
Edge 2303 3109 78
Edge 2303 3297 62
Edge 2303 3369 93
Edge 2304 2448 52
Edge 2304 2691 81
Edge 2304 2707 67
Edge 2304 2910 90
Edge 2304 2951 80
Edge 2304 3488 90
Edge 2305 2340 78
Edge 2305 2629 68
Edge 2306 2435 71
Edge 2306 2445 86
Edge 2306 3337 76
Edge 2307 2408 99
Edge 2307 3305 52
Edge 2307 3352 95
Edge 2307 3383 72
Edge 2308 2485 70
Edge 2309 2876 93
Edge 2309 2992 81
Edge 2309 3146 62
Edge 2310 2323 58
Edge 2310 2413 55
Edge 2310 2779 64
Edge 2310 2846 62
Edge 2310 2910 84
Edge 2310 3184 80
Edge 2310 3201 66
Edge 2310 3277 62
Edge 2310 3497 93
Edge 2311 2448 95
Edge 2311 2545 63
Edge 2311 2840 83
Edge 2311 3037 66
Edge 2311 3107 90
Edge 2311 3256 51
Edge 2312 2407 71
Edge 2312 2515 96
Edge 2312 3112 96
Edge 2313 2366 85
Edge 2313 3104 98
Edge 2313 3304 83
Edge 2313 3474 53
Edge 2313 3503 99
Edge 2314 2327 75
Edge 2314 2398 90
Edge 2314 2424 74
Edge 2314 2482 68
Edge 2314 2774 69
Edge 2315 2982 65
Edge 2315 3309 95
Edge 2315 3373 55
Edge 2316 2553 68
Edge 2316 2664 51
Edge 2317 2386 77
Edge 2317 2631 69
Edge 2317 2827 79
Edge 2317 3063 94
Edge 2317 3165 68
Edge 2317 3362 66
Edge 2318 2413 61
Edge 2318 2538 87
Edge 2318 3415 74
Edge 2319 2395 60
Edge 2319 2672 58
Edge 2319 2998 77
Edge 2319 3089 88
Edge 2319 3239 62
Edge 2319 3554 74
Edge 2320 2381 97
Edge 2320 2936 79
Edge 2320 2993 66
Edge 2320 3585 64
Edge 2321 2408 98
Edge 2321 2761 97
Edge 2321 3019 64
Edge 2321 3251 71
Edge 2321 3293 54
Edge 2321 3602 51
Edge 2321 3660 96
Edge 2322 2374 66
Edge 2322 2531 81
Edge 2322 2790 86
Edge 2322 2892 91
Edge 2322 2984 59
Edge 2322 3559 76
Edge 2323 2359 82
Edge 2323 3090 74
Edge 2323 3136 71
Edge 2323 3260 53
Edge 2323 3367 77
Edge 2323 3597 70
Edge 2324 2472 88
Edge 2324 2753 92
Edge 2324 2900 67
Edge 2324 2930 82
Edge 2324 2934 58
Edge 2324 3123 71
Edge 2324 3303 89
Edge 2324 3321 53
Edge 2324 3520 53
Edge 2325 2361 80
Edge 2325 2422 88
Edge 2325 2459 92
Edge 2325 2467 93
Edge 2325 2659 73
Edge 2326 2679 58
Edge 2326 2721 72
Edge 2326 2909 87
Edge 2326 3046 52
Edge 2326 3069 73
Edge 2326 3256 53
Edge 2327 2383 76
Edge 2327 2982 99
Edge 2327 3020 78
Edge 2327 3096 73
Edge 2327 3186 61
Edge 2327 3211 87
Edge 2327 3585 95
Edge 2328 2407 54
Edge 2328 2469 89
Edge 2328 2564 62
Edge 2328 2634 73
Edge 2328 2722 73
Edge 2329 2797 55
Edge 2329 2919 81
Edge 2329 3389 94
Edge 2329 3497 90
Edge 2329 3509 58
Edge 2330 2790 64
Edge 2330 3040 66
Edge 2330 3273 70
Edge 2331 2454 68
Edge 2331 2478 78
Edge 2331 2764 79
Edge 2331 3355 87
Edge 2332 2356 52
Edge 2332 2423 50
Edge 2332 2496 85
Edge 2332 3235 61
Edge 2332 3480 94
Edge 2333 2879 92
Edge 2333 2903 56
Edge 2333 2927 64
Edge 2333 3620 88
Edge 2333 3647 64
Edge 2334 2350 58
Edge 2334 2504 66
Edge 2335 3107 69
Edge 2335 3147 71
Edge 2335 3161 71
Edge 2335 3228 67
Edge 2335 3376 65
Edge 2336 2559 92
Edge 2336 3270 74
Edge 2337 2401 93
Edge 2337 3399 96
Edge 2338 2371 51
Edge 2338 2596 72
Edge 2338 2598 50
Edge 2338 2808 69
Edge 2338 2885 50
Edge 2338 3219 66
Edge 2339 2372 55
Edge 2339 3661 97
Edge 2340 2424 63
Edge 2340 2792 77
Edge 2340 2967 84
Edge 2340 3211 68
Edge 2340 3292 87
Edge 2340 3369 79
Edge 2341 2476 88
Edge 2341 2968 58
Edge 2341 3017 62
Edge 2341 3384 65
Edge 2341 3507 61
Edge 2342 2458 94
Edge 2342 2634 85
Edge 2342 2665 72
Edge 2342 2773 82
Edge 2342 3392 66
Edge 2342 3412 83
Edge 2343 2595 58
Edge 2343 3114 76
Edge 2344 2582 75
Edge 2344 2613 85
Edge 2344 2660 94
Edge 2344 2661 50
Edge 2344 2713 59
Edge 2344 2890 95
Edge 2344 3067 93
Edge 2344 3625 61
Edge 2345 2348 92
Edge 2345 2416 89
Edge 2345 2519 83
Edge 2345 2724 71
Edge 2345 2746 91
Edge 2345 2986 57
Edge 2346 2444 80
Edge 2346 2676 64
Edge 2346 2849 77
Edge 2347 2417 81
Edge 2347 2426 66
Edge 2347 2449 73
Edge 2347 2786 68
Edge 2347 3073 51
Edge 2347 3402 68
Edge 2347 3593 68
Edge 2348 2484 73
Edge 2348 3055 56
Edge 2349 2865 66
Edge 2349 2995 97
Edge 2349 3472 92
Edge 2350 2532 52
Edge 2350 3271 96
Edge 2351 2439 83
Edge 2351 2730 73
Edge 2351 3117 52
Edge 2352 2480 69
Edge 2352 3585 68
Edge 2353 2762 99
Edge 2353 2798 69
Edge 2353 3283 68
Edge 2354 2370 69
Edge 2354 2441 72
Edge 2354 2479 75
Edge 2354 3100 58
Edge 2355 2411 56
Edge 2355 2626 94
Edge 2355 3109 78
Edge 2355 3180 55
Edge 2355 3263 62
Edge 2356 2793 58
Edge 2356 2861 90
Edge 2356 3090 87
Edge 2356 3235 63
Edge 2356 3260 72
Edge 2357 3145 89
Edge 2357 3273 83
Edge 2358 2368 98
Edge 2358 2492 62
Edge 2358 2792 62
Edge 2358 2933 83
Edge 2358 3023 72
Edge 2358 3039 94
Edge 2358 3232 73
Edge 2359 2462 73
Edge 2359 2718 88
Edge 2359 2844 81
Edge 2359 3112 90
Edge 2359 3235 69
Edge 2359 3331 61
Edge 2360 2543 59
Edge 2360 2741 67
Edge 2360 3209 60
Edge 2360 3599 96
Edge 2361 2409 89
Edge 2361 2608 65
Edge 2361 2768 74
Edge 2361 2977 93
Edge 2361 3176 78
Edge 2361 3399 77
Edge 2361 3573 78
Edge 2362 2705 81
Edge 2362 3096 79
Edge 2362 3274 86
Edge 2362 3451 55
Edge 2363 2662 50
Edge 2363 2684 71
Edge 2363 2965 93
Edge 2363 3094 66
Edge 2363 3115 89
Edge 2363 3239 61
Edge 2363 3266 63
Edge 2364 2863 59
Edge 2364 3044 71
Edge 2364 3202 88
Edge 2364 3285 92
Edge 2364 3357 98
Edge 2364 3429 56
Edge 2365 2686 87
Edge 2365 3017 84
Edge 2366 2495 70
Edge 2366 2928 92
Edge 2366 3080 78
Edge 2366 3369 93
Edge 2366 3595 88
Edge 2367 2534 95
Edge 2367 2576 62
Edge 2367 2734 72
Edge 2367 2983 86
Edge 2367 3240 52
Edge 2367 3286 74
Edge 2368 2755 96
Edge 2368 2842 94
Edge 2368 3355 63
Edge 2369 2406 99
Edge 2369 2766 54
Edge 2369 2856 53
Edge 2369 2867 70
Edge 2370 2507 87
Edge 2370 2773 56
Edge 2370 3072 63
Edge 2370 3224 59
Edge 2370 3490 66
Edge 2371 2718 97
Edge 2372 2387 55
Edge 2372 3200 76
Edge 2372 3506 52
Edge 2373 2482 57
Edge 2373 2587 79
Edge 2373 2648 70
Edge 2373 2670 60
Edge 2373 2739 66
Edge 2373 3073 82
Edge 2373 3289 62
Edge 2373 3352 63
Edge 2373 3637 58
Edge 2374 2421 51
Edge 2374 2665 83
Edge 2374 3347 64
Edge 2374 3513 54
Edge 2375 2412 59
Edge 2375 2729 58
Edge 2375 3208 50
Edge 2375 3335 69
Edge 2376 2961 83
Edge 2376 3331 76
Edge 2376 3446 89
Edge 2376 3452 89
Edge 2377 2471 96
Edge 2377 2811 76
Edge 2377 3152 57
Edge 2377 3403 74
Edge 2378 2418 73
Edge 2378 2930 72
Edge 2378 3574 78
Edge 2379 2429 69
Edge 2379 2800 83
Edge 2379 2879 69
Edge 2379 3080 74
Edge 2379 3092 98
Edge 2380 2431 65
Edge 2380 2577 78
Edge 2380 2670 64
Edge 2380 3054 50
Edge 2380 3079 60
Edge 2380 3100 77
Edge 2380 3422 83
Edge 2380 3458 85
Edge 2381 2804 80
Edge 2381 2938 96
Edge 2381 2941 86
Edge 2381 3088 55
Edge 2382 2699 64
Edge 2382 3053 50
Edge 2382 3115 99
Edge 2383 2455 81
Edge 2383 2647 54
Edge 2383 2693 64
Edge 2383 3566 88
Edge 2384 2403 70
Edge 2384 3216 84
Edge 2384 3408 81
Edge 2385 2559 59
Edge 2385 2566 95
Edge 2385 2638 59
Edge 2385 2710 95
Edge 2385 2778 87
Edge 2385 3342 66
Edge 2386 2884 90
Edge 2386 3076 66
Edge 2386 3096 56
Edge 2386 3149 91
Edge 2386 3448 64
Edge 2387 2591 64
Edge 2387 3027 89
Edge 2387 3143 51
Edge 2387 3154 89
Edge 2388 2494 71
Edge 2388 2744 93
Edge 2388 3075 74
Edge 2388 3651 62
Edge 2389 2403 80
Edge 2389 3171 66
Edge 2390 2429 98
Edge 2390 2700 71
Edge 2390 2831 66
Edge 2390 2942 96
Edge 2390 3347 87
Edge 2390 3399 72
Edge 2391 2538 60
Edge 2391 2639 54
Edge 2391 2852 91
Edge 2391 2966 66
Edge 2391 3003 70
Edge 2392 3557 75
Edge 2393 2564 52
Edge 2393 2586 75
Edge 2393 2980 62
Edge 2394 2466 81
Edge 2394 3065 62
Edge 2394 3211 64
Edge 2394 3261 84
Edge 2394 3324 63
Edge 2394 3374 79
Edge 2395 3650 54
Edge 2396 2659 73
Edge 2396 2744 84
Edge 2396 2847 99
Edge 2397 2962 55
Edge 2397 3161 63
Edge 2397 3186 73
Edge 2397 3244 93
Edge 2397 3346 72
Edge 2397 3483 88
Edge 2398 2692 83
Edge 2398 3326 59
Edge 2398 3521 79
Edge 2398 3536 50
Edge 2399 2749 75
Edge 2399 2851 78
Edge 2399 2908 65
Edge 2399 3003 87
Edge 2399 3151 61
Edge 2399 3310 77
Edge 2399 3424 64
Edge 2399 3494 87
Edge 2400 2442 72
Edge 2400 2456 72
Edge 2400 2496 59
Edge 2400 2505 95
Edge 2400 2598 92
Edge 2400 3174 65
Edge 2400 3390 64
Edge 2401 2667 69
Edge 2401 2902 87
Edge 2402 2506 87
Edge 2402 2673 55
Edge 2402 2784 85
Edge 2402 2837 75
Edge 2402 3179 90
Edge 2402 3262 81
Edge 2402 3482 82
Edge 2402 3655 64
Edge 2403 2986 73
Edge 2403 3405 56
Edge 2403 3653 92
Edge 2404 2622 96
Edge 2404 3190 85
Edge 2404 3326 53
Edge 2404 3435 61
Edge 2404 3512 65
Edge 2405 2866 65
Edge 2405 3198 59
Edge 2405 3539 52
Edge 2405 3571 55
Edge 2405 3577 95
Edge 2406 2476 66
Edge 2406 3170 59
Edge 2406 3612 84
Edge 2406 3615 93
Edge 2406 3661 68
Edge 2407 2421 94
Edge 2407 2499 51
Edge 2407 2512 70
Edge 2407 2521 76
Edge 2407 2792 56
Edge 2407 3080 67
Edge 2407 3177 84
Edge 2408 2432 95
Edge 2408 2538 54
Edge 2408 2558 76
Edge 2408 2724 80
Edge 2408 3192 65
Edge 2408 3554 81
Edge 2409 2763 72
Edge 2409 2787 63
Edge 2409 3093 99
Edge 2409 3260 67
Edge 2409 3515 94
Edge 2409 3607 50
Edge 2410 2477 50
Edge 2410 3105 87
Edge 2410 3150 84
Edge 2410 3292 63
Edge 2410 3331 66
Edge 2410 3345 63
Edge 2410 3416 82
Edge 2411 2475 68
Edge 2411 2484 61
Edge 2411 2560 95
Edge 2411 2583 84
Edge 2411 3087 50
Edge 2412 2594 69
Edge 2412 2867 79
Edge 2412 2900 85
Edge 2412 3279 86
Edge 2412 3481 92
Edge 2412 3660 93
Edge 2413 2503 56
Edge 2413 2959 65
Edge 2414 2708 72
Edge 2414 3103 60
Edge 2414 3137 96
Edge 2414 3183 66
Edge 2414 3359 69
Edge 2415 2546 53
Edge 2415 2816 88
Edge 2415 3073 96
Edge 2415 3203 90
Edge 2415 3206 96
Edge 2415 3354 76
Edge 2416 2552 92
Edge 2416 2595 87
Edge 2416 2894 98
Edge 2416 2927 67
Edge 2416 3075 81
Edge 2416 3265 75
Edge 2417 2689 92
Edge 2417 2974 84
Edge 2417 3265 69
Edge 2417 3374 94
Edge 2418 2503 76
Edge 2418 3120 81
Edge 2418 3161 53
Edge 2418 3367 82
Edge 2418 3435 83
Edge 2418 3448 81
Edge 2419 2614 82
Edge 2419 3246 56
Edge 2419 3318 79
Edge 2419 3555 96
Edge 2420 2516 57
Edge 2420 2639 94
Edge 2420 2917 92
Edge 2420 2969 62
Edge 2420 2994 98
Edge 2420 3046 99
Edge 2420 3482 62
Edge 2421 2786 66
Edge 2421 2978 53
Edge 2421 3232 73
Edge 2421 3393 96
Edge 2422 2739 61
Edge 2422 2830 62
Edge 2422 3029 83
Edge 2422 3064 87
Edge 2422 3212 58
Edge 2422 3343 79
Edge 2423 2465 86
Edge 2423 2588 60
Edge 2423 2765 53
Edge 2423 2901 92
Edge 2423 3006 63
Edge 2423 3172 68
Edge 2424 2485 86
Edge 2424 2534 59
Edge 2424 2803 63
Edge 2424 2947 90
Edge 2424 3361 94
Edge 2424 3503 85
Edge 2425 2751 77
Edge 2425 3165 82
Edge 2426 2700 87
Edge 2426 2931 73
Edge 2426 2995 53
Edge 2426 3276 94
Edge 2427 2554 50
Edge 2427 2707 84
Edge 2427 3371 63
Edge 2427 3404 74
Edge 2427 3452 74
Edge 2428 2734 72
Edge 2428 3036 82
Edge 2428 3110 91
Edge 2428 3513 73
Edge 2429 2463 57
Edge 2429 2764 72
Edge 2429 3020 59
Edge 2429 3324 77
Edge 2430 2838 51
Edge 2430 3248 73
Edge 2430 3510 79
Edge 2431 2464 78
Edge 2431 2711 87
Edge 2431 2799 81
Edge 2431 2891 94
Edge 2431 2912 80
Edge 2431 3231 55
Edge 2431 3303 77
Edge 2431 3534 91
Edge 2432 2471 99
Edge 2432 2651 88
Edge 2432 2664 52
Edge 2432 2827 54
Edge 2432 3116 81
Edge 2433 2896 60
Edge 2434 3264 67
Edge 2434 3422 99
Edge 2434 3462 63
Edge 2435 3056 72
Edge 2435 3159 53
Edge 2435 3528 89
Edge 2435 3553 72
Edge 2436 3007 99
Edge 2437 2615 92
Edge 2437 3138 69
Edge 2437 3461 69
Edge 2437 3515 72
Edge 2438 2471 52
Edge 2438 2484 70
Edge 2438 2732 76
Edge 2438 3348 80
Edge 2438 3569 89
Edge 2439 2483 57
Edge 2439 2592 56
Edge 2439 2708 91
Edge 2439 2719 67
Edge 2439 3610 53
Edge 2440 2517 76
Edge 2440 2812 52
Edge 2440 3523 92
Edge 2441 2598 87
Edge 2441 2617 67
Edge 2441 2975 80
Edge 2442 2465 84
Edge 2442 2566 72
Edge 2442 2882 51
Edge 2442 3008 56
Edge 2442 3133 90
Edge 2443 2783 68
Edge 2443 2817 62
Edge 2443 2829 97
Edge 2443 3104 69
Edge 2443 3106 71
Edge 2443 3331 96
Edge 2444 2920 81
Edge 2444 3068 82
Edge 2444 3078 80
Edge 2444 3359 85
Edge 2445 2694 87
Edge 2445 2776 79
Edge 2445 2798 67
Edge 2445 2921 91
Edge 2445 3187 53
Edge 2445 3236 63
Edge 2445 3269 81
Edge 2446 2467 82
Edge 2446 2803 77
Edge 2446 2828 65
Edge 2446 2948 51
Edge 2446 3157 78
Edge 2446 3624 69
Edge 2447 2747 93
Edge 2447 2886 53
Edge 2447 2939 57
Edge 2447 3201 57
Edge 2447 3638 74
Edge 2448 2726 83
Edge 2448 3023 72
Edge 2448 3119 68
Edge 2448 3280 83
Edge 2449 2610 75
Edge 2449 3051 74
Edge 2449 3144 88
Edge 2449 3344 65
Edge 2450 2608 50
Edge 2450 2679 97
Edge 2450 3034 77
Edge 2450 3199 73
Edge 2450 3252 81
Edge 2450 3288 87
Edge 2450 3376 51
Edge 2451 2624 66
Edge 2451 3373 55
Edge 2452 2837 56
Edge 2452 3119 97
Edge 2452 3146 97
Edge 2452 3322 56
Edge 2452 3558 81
Edge 2453 2723 64
Edge 2453 3023 89
Edge 2453 3118 89
Edge 2453 3143 95
Edge 2453 3454 80
Edge 2454 2803 94
Edge 2454 2920 52
Edge 2454 3146 79
Edge 2454 3342 64
Edge 2454 3450 89
Edge 2454 3452 81
Edge 2455 2466 76
Edge 2455 2813 62
Edge 2455 3272 54
Edge 2455 3356 68
Edge 2456 3024 67
Edge 2456 3224 69
Edge 2457 2529 57
Edge 2457 2572 69
Edge 2457 3297 88
Edge 2457 3656 96
Edge 2458 3288 62
Edge 2459 2844 72
Edge 2459 2851 89
Edge 2459 2912 93
Edge 2459 3090 62
Edge 2459 3093 74
Edge 2460 3531 73
Edge 2460 3629 50
Edge 2461 2498 81
Edge 2461 2539 71
Edge 2461 2650 78
Edge 2461 2955 89
Edge 2461 2962 94
Edge 2462 2485 53
Edge 2462 3125 68
Edge 2462 3227 94
Edge 2462 3337 72
Edge 2462 3589 91
Edge 2463 2527 90
Edge 2463 2604 53
Edge 2463 2866 78
Edge 2463 2947 96
Edge 2463 3194 63
Edge 2463 3279 72
Edge 2463 3330 57
Edge 2463 3610 66
Edge 2464 2518 72
Edge 2464 2616 68
Edge 2464 2740 74
Edge 2464 3597 99
Edge 2464 3665 69
Edge 2465 2964 53
Edge 2467 2852 73
Edge 2467 3011 64
Edge 2467 3259 60
Edge 2467 3357 72
Edge 2467 3588 60
Edge 2468 2664 52
Edge 2468 3111 90
Edge 2468 3492 53
Edge 2469 2706 88
Edge 2469 3103 56
Edge 2470 2522 60
Edge 2470 2569 77
Edge 2470 2752 65
Edge 2470 2837 90
Edge 2470 2948 91
Edge 2470 3042 95
Edge 2470 3424 70
Edge 2471 2548 80
Edge 2471 2719 78
Edge 2471 3352 85
Edge 2471 3421 80
Edge 2471 3433 83
Edge 2472 2646 90
Edge 2472 2821 93
Edge 2472 3085 89
Edge 2473 2809 60
Edge 2473 2860 58
Edge 2473 2877 87
Edge 2473 3099 87
Edge 2473 3238 54
Edge 2473 3315 64
Edge 2474 2688 65
Edge 2474 3196 65
Edge 2474 3388 54
Edge 2474 3429 69
Edge 2474 3594 90
Edge 2475 2498 96
Edge 2475 2556 98
Edge 2475 2563 64
Edge 2475 2863 70
Edge 2475 3120 84
Edge 2475 3302 89
Edge 2475 3511 68
Edge 2476 2484 56
Edge 2476 2587 63
Edge 2476 2879 87
Edge 2476 2904 79
Edge 2476 3463 54
Edge 2477 2844 68
Edge 2477 3187 80
Edge 2477 3289 99
Edge 2478 2576 72
Edge 2478 2990 69
Edge 2478 3257 89
Edge 2478 3549 71
Edge 2479 2632 95
Edge 2479 2650 99
Edge 2480 2659 90
Edge 2480 2707 98
Edge 2480 2769 87
Edge 2480 2926 88
Edge 2480 3408 61
Edge 2480 3435 89
Edge 2481 2584 56
Edge 2481 2799 70
Edge 2481 3325 97
Edge 2481 3616 67
Edge 2481 3648 82
Edge 2482 2594 91
Edge 2482 2854 76
Edge 2482 3097 78
Edge 2483 2744 63
Edge 2483 2809 96
Edge 2484 2667 52
Edge 2484 2745 62
Edge 2484 2913 83
Edge 2484 3152 99
Edge 2485 2649 54
Edge 2485 2651 99
Edge 2485 2864 67
Edge 2485 3226 95
Edge 2485 3395 90
Edge 2485 3501 92
Edge 2485 3627 56
Edge 2486 2503 97
Edge 2486 2763 74
Edge 2486 2768 58
Edge 2486 2802 64
Edge 2486 3240 76
Edge 2486 3374 98
Edge 2487 2499 96
Edge 2487 2614 96
Edge 2487 2836 90
Edge 2487 3215 76
Edge 2487 3258 58
Edge 2487 3337 100
Edge 2488 2756 86
Edge 2488 2865 54
Edge 2488 2872 63
Edge 2488 3037 88
Edge 2488 3438 65
Edge 2489 2864 76
Edge 2489 2999 54
Edge 2489 3222 51
Edge 2489 3409 90
Edge 2489 3561 50
Edge 2490 2669 53
Edge 2490 2792 63
Edge 2490 2882 99
Edge 2490 3107 64
Edge 2490 3552 91
Edge 2491 2852 59
Edge 2491 2878 87
Edge 2491 3020 76
Edge 2491 3217 69
Edge 2491 3233 75
Edge 2491 3541 88
Edge 2491 3584 63
Edge 2492 2717 65
Edge 2492 3216 54
Edge 2492 3307 75
Edge 2492 3500 57
Edge 2493 2629 61
Edge 2493 2684 55
Edge 2493 3026 56
Edge 2493 3617 79
Edge 2494 2496 98
Edge 2494 2558 60
Edge 2494 2675 92
Edge 2494 2819 92
Edge 2494 3507 77
Edge 2494 3611 76
Edge 2494 3626 58
Edge 2495 2560 99
Edge 2495 3383 90
Edge 2495 3391 99
Edge 2496 2873 82
Edge 2496 2879 81
Edge 2496 3076 93
Edge 2497 2982 81
Edge 2497 3005 84
Edge 2497 3065 69
Edge 2497 3413 68
Edge 2497 3479 55
Edge 2497 3569 84
Edge 2498 2583 70
Edge 2498 2760 63
Edge 2498 3141 55
Edge 2499 2625 88
Edge 2499 2767 59
Edge 2499 3543 60
Edge 2500 2532 88
Edge 2500 2593 95
Edge 2500 2870 53
Edge 2500 2977 57
Edge 2500 3045 66
Edge 2500 3124 98
Edge 2500 3326 69
Edge 2500 3493 52
Edge 2500 3560 99
Edge 2500 3597 82
Edge 2501 2818 64
Edge 2501 2843 51
Edge 2501 2875 54
Edge 2501 3544 55
Edge 2502 2794 92
Edge 2502 2843 69
Edge 2502 2899 94
Edge 2503 2643 52
Edge 2503 2827 62
Edge 2503 2885 52
Edge 2503 3149 67
Edge 2503 3178 55
Edge 2503 3297 96
Edge 2503 3557 50
Edge 2504 2819 94
Edge 2504 3621 72
Edge 2505 2971 97
Edge 2505 3191 54
Edge 2505 3227 98
Edge 2505 3523 70
Edge 2506 2600 78
Edge 2506 2708 71
Edge 2506 2828 59
Edge 2506 2913 96
Edge 2506 3045 90
Edge 2506 3300 52
Edge 2506 3619 71
Edge 2507 2529 70
Edge 2507 2689 99
Edge 2507 2970 54
Edge 2507 3014 72
Edge 2507 3186 74
Edge 2507 3326 58
Edge 2507 3562 87
Edge 2507 3564 75
Edge 2507 3647 97
Edge 2507 3667 66
Edge 2508 2726 70
Edge 2508 3079 74
Edge 2508 3113 73
Edge 2508 3319 87
Edge 2509 2713 88
Edge 2509 2744 52
Edge 2509 2770 76
Edge 2509 3058 62
Edge 2509 3311 55
Edge 2509 3620 86
Edge 2510 2593 86
Edge 2510 2846 84
Edge 2510 3585 77
Edge 2511 2660 80
Edge 2511 2849 81
Edge 2511 2941 54
Edge 2511 3064 65
Edge 2511 3262 61
Edge 2511 3320 53
Edge 2511 3325 65
Edge 2512 2891 90
Edge 2512 3327 65
Edge 2512 3486 55
Edge 2512 3626 84
Edge 2513 3032 71
Edge 2513 3230 89
Edge 2513 3269 67
Edge 2513 3293 61
Edge 2514 2805 65
Edge 2514 3242 56
Edge 2514 3244 79
Edge 2515 2568 69
Edge 2515 2826 62
Edge 2515 2870 84
Edge 2515 3000 92
Edge 2515 3340 90
Edge 2515 3475 83
Edge 2516 2612 93
Edge 2516 2709 75
Edge 2516 2954 82
Edge 2516 3109 70
Edge 2516 3483 58
Edge 2516 3668 73
Edge 2517 2770 50
Edge 2517 2793 99
Edge 2518 2654 76
Edge 2518 2685 57
Edge 2518 3124 69
Edge 2518 3619 69
Edge 2519 2709 50
Edge 2519 2822 69
Edge 2519 3317 74
Edge 2519 3416 96
Edge 2519 3437 66
Edge 2519 3439 69
Edge 2520 3179 98
Edge 2520 3458 65
Edge 2521 3221 76
Edge 2521 3271 96
Edge 2521 3475 55
Edge 2521 3555 80
Edge 2522 3005 66
Edge 2522 3495 72
Edge 2523 2542 84
Edge 2524 2642 87
Edge 2524 2653 73
Edge 2524 3027 80
Edge 2524 3429 83
Edge 2525 2606 82
Edge 2525 2663 93
Edge 2525 3469 69
Edge 2525 3602 88
Edge 2526 2735 92
Edge 2526 2970 73
Edge 2526 3085 61
Edge 2526 3285 66
Edge 2527 2570 77
Edge 2527 3108 71
Edge 2527 3165 97
Edge 2528 2544 77
Edge 2528 2911 62
Edge 2528 2926 63
Edge 2528 3167 73
Edge 2528 3251 63
Edge 2528 3647 99
Edge 2528 3656 91
Edge 2529 2787 88
Edge 2529 3162 96
Edge 2529 3644 62
Edge 2530 2579 91
Edge 2530 2718 50
Edge 2530 2748 95
Edge 2530 2939 61
Edge 2530 3327 70
Edge 2531 2645 89
Edge 2531 2675 99
Edge 2531 2980 54
Edge 2531 3243 80
Edge 2531 3478 51
Edge 2531 3655 91
Edge 2532 2650 51
Edge 2532 2935 82
Edge 2532 3372 98
Edge 2532 3564 64
Edge 2532 3653 80
Edge 2533 2887 64
Edge 2533 2965 98
Edge 2533 2969 62
Edge 2533 3191 76
Edge 2534 2700 88
Edge 2534 2832 75
Edge 2534 3414 59
Edge 2534 3556 89
Edge 2535 2567 59
Edge 2535 2623 81
Edge 2535 2661 88
Edge 2535 2747 94
Edge 2535 2783 92
Edge 2535 2920 88
Edge 2535 2921 50
Edge 2535 3555 98
Edge 2536 2572 60
Edge 2536 2618 91
Edge 2536 2785 62
Edge 2536 2883 54
Edge 2536 2928 85
Edge 2536 3382 81
Edge 2536 3440 86
Edge 2536 3533 89
Edge 2536 3647 95
Edge 2537 2803 82
Edge 2537 2901 70
Edge 2538 3355 58
Edge 2539 2576 81
Edge 2539 2586 82
Edge 2539 2589 75
Edge 2539 2605 94
Edge 2539 2953 57
Edge 2539 3127 77
Edge 2539 3433 89
Edge 2539 3574 58
Edge 2540 2548 56
Edge 2540 3145 57
Edge 2540 3160 80
Edge 2541 2608 53
Edge 2541 3046 71
Edge 2541 3209 86
Edge 2541 3277 86
Edge 2541 3603 82
Edge 2542 2545 75
Edge 2542 3054 62
Edge 2542 3554 87
Edge 2543 2767 65
Edge 2543 3132 91
Edge 2543 3643 85
Edge 2544 2682 98
Edge 2544 2730 64
Edge 2544 2756 93
Edge 2544 3195 79
Edge 2544 3247 79
Edge 2544 3592 52
Edge 2545 2644 52
Edge 2545 2675 77
Edge 2545 2692 57
Edge 2545 2816 82
Edge 2545 3210 68
Edge 2545 3298 52
Edge 2545 3325 99
Edge 2546 3019 85
Edge 2546 3027 97
Edge 2546 3142 81
Edge 2546 3400 73
Edge 2546 3490 52
Edge 2547 2775 75
Edge 2547 2918 91
Edge 2547 3364 75
Edge 2547 3646 83
Edge 2548 2887 77
Edge 2548 3161 91
Edge 2548 3232 79
Edge 2548 3237 87
Edge 2548 3298 65
Edge 2548 3329 97
Edge 2549 3221 88
Edge 2550 2593 72
Edge 2550 2631 72
Edge 2550 2704 87
Edge 2550 3071 65
Edge 2550 3546 65
Edge 2551 3063 77
Edge 2552 2571 72
Edge 2552 3035 56
Edge 2552 3343 78
Edge 2552 3638 75
Edge 2552 3668 97
Edge 2553 2769 67
Edge 2553 3054 70
Edge 2553 3117 90
Edge 2553 3283 79
Edge 2554 2677 97
Edge 2554 2870 91
Edge 2554 2909 61
Edge 2555 2577 100
Edge 2555 3083 92
Edge 2555 3372 68
Edge 2556 2597 68
Edge 2556 2948 99
Edge 2556 3260 58
Edge 2556 3425 92
Edge 2556 3452 76
Edge 2556 3568 73
Edge 2557 2895 69
Edge 2557 2907 84
Edge 2557 3167 89
Edge 2557 3369 73
Edge 2557 3433 55
Edge 2557 3536 56
Edge 2558 2901 84
Edge 2558 3108 73
Edge 2558 3178 90
Edge 2558 3262 53
Edge 2558 3582 88
Edge 2559 3139 81
Edge 2559 3197 78
Edge 2559 3228 64
Edge 2559 3309 84
Edge 2559 3316 79
Edge 2560 2952 59
Edge 2560 3085 83
Edge 2560 3124 97
Edge 2560 3447 63
Edge 2560 3481 77
Edge 2561 2826 68
Edge 2562 2951 95
Edge 2562 3309 53
Edge 2562 3357 71
Edge 2562 3489 57
Edge 2563 2800 78
Edge 2563 3570 82
Edge 2563 3600 95
Edge 2564 2590 81
Edge 2564 2871 79
Edge 2564 2940 83
Edge 2565 2590 62
Edge 2565 2642 86
Edge 2565 2646 91
Edge 2565 3178 76
Edge 2565 3249 93
Edge 2566 2754 64
Edge 2566 3059 98
Edge 2566 3639 52
Edge 2567 2777 78
Edge 2567 3105 94
Edge 2567 3249 50
Edge 2567 3416 65
Edge 2568 2574 58
Edge 2568 2919 70
Edge 2568 2932 69
Edge 2568 3083 83
Edge 2568 3254 95
Edge 2569 2680 51
Edge 2569 2736 66
Edge 2569 2982 68
Edge 2569 3221 97
Edge 2569 3583 74
Edge 2570 2801 79
Edge 2570 2925 86
Edge 2570 2983 77
Edge 2570 3018 64
Edge 2570 3179 93
Edge 2570 3213 76
Edge 2570 3458 58
Edge 2571 2629 74
Edge 2571 2880 63
Edge 2571 3428 90
Edge 2571 3461 62
Edge 2571 3649 88
Edge 2572 3305 59
Edge 2572 3512 99
Edge 2573 3199 52
Edge 2574 2620 70
Edge 2574 2629 86
Edge 2574 2887 89
Edge 2574 2919 89
Edge 2575 2652 56
Edge 2575 2845 66
Edge 2575 2888 50
Edge 2575 3124 65
Edge 2575 3448 69
Edge 2575 3546 72
Edge 2576 2772 89
Edge 2576 2780 98
Edge 2576 3004 94
Edge 2576 3201 84
Edge 2576 3286 58
Edge 2576 3387 50
Edge 2577 2819 94
Edge 2577 2872 57
Edge 2577 3094 75
Edge 2577 3356 53
Edge 2577 3370 85
Edge 2578 2713 61
Edge 2578 2731 90
Edge 2578 2830 68
Edge 2578 2847 68
Edge 2578 2848 91
Edge 2578 3215 67
Edge 2578 3303 68
Edge 2579 2864 62
Edge 2579 3364 56
Edge 2580 3169 64
Edge 2580 3655 80
Edge 2581 2623 73
Edge 2581 2764 68
Edge 2581 3579 62
Edge 2582 2589 67
Edge 2582 2660 77
Edge 2582 2723 53
Edge 2582 2902 77
Edge 2582 3060 98
Edge 2582 3171 86
Edge 2583 2728 54
Edge 2583 3158 77
Edge 2583 3536 94
Edge 2584 2696 76
Edge 2584 3461 52
Edge 2584 3549 54
Edge 2585 2778 77
Edge 2585 2793 97
Edge 2585 2831 72
Edge 2585 2853 75
Edge 2585 3028 86
Edge 2586 2683 66
Edge 2586 2900 60
Edge 2586 2909 77
Edge 2586 2966 92
Edge 2586 2998 91
Edge 2586 3017 74
Edge 2586 3018 60
Edge 2586 3550 72
Edge 2587 2601 89
Edge 2587 2620 52
Edge 2587 2768 66
Edge 2587 2848 76
Edge 2587 2897 69
Edge 2587 3388 61
Edge 2587 3466 62
Edge 2588 2590 96
Edge 2588 3450 80
Edge 2589 2788 51
Edge 2589 3118 83
Edge 2589 3321 93
Edge 2589 3377 99
Edge 2589 3464 87
Edge 2590 2907 72
Edge 2590 2932 64
Edge 2590 3010 79
Edge 2590 3151 53
Edge 2590 3256 50
Edge 2590 3368 97
Edge 2590 3637 50
Edge 2591 2641 53
Edge 2591 2818 92
Edge 2591 2984 85
Edge 2592 2602 78
Edge 2592 3057 50
Edge 2592 3135 82
Edge 2592 3269 98
Edge 2593 3063 76
Edge 2593 3130 81
Edge 2593 3183 87
Edge 2593 3562 83
Edge 2594 2854 75
Edge 2594 3243 91
Edge 2594 3587 85
Edge 2595 2765 68
Edge 2595 3294 67
Edge 2595 3551 83
Edge 2596 3096 78
Edge 2596 3307 91
Edge 2596 3430 57
Edge 2598 2841 74
Edge 2599 2898 87
Edge 2599 3021 64
Edge 2599 3084 93
Edge 2600 2806 89
Edge 2600 3053 82
Edge 2600 3141 72
Edge 2600 3219 87
Edge 2601 2647 91
Edge 2601 2809 64
Edge 2601 2996 69
Edge 2601 3162 95
Edge 2601 3666 79
Edge 2602 2808 86
Edge 2602 2861 83
Edge 2602 3150 88
Edge 2602 3299 65
Edge 2602 3444 97
Edge 2603 3300 66
Edge 2603 3313 98
Edge 2603 3649 53
Edge 2604 3119 72
Edge 2604 3530 98
Edge 2605 2904 90
Edge 2605 2932 87
Edge 2605 3292 99
Edge 2606 2732 72
Edge 2606 2944 52
Edge 2606 3002 54
Edge 2606 3350 78
Edge 2607 2990 62
Edge 2607 2994 82
Edge 2607 3305 80
Edge 2607 3520 94
Edge 2608 2693 59
Edge 2608 3226 72
Edge 2608 3449 84
Edge 2608 3593 84
Edge 2609 3033 81
Edge 2610 2633 96
Edge 2610 2644 53
Edge 2610 2762 60
Edge 2610 2794 96
Edge 2610 2917 57
Edge 2610 3159 78
Edge 2610 3450 69
Edge 2611 2646 86
Edge 2611 2966 75
Edge 2613 3089 72
Edge 2613 3469 78
Edge 2614 2624 69
Edge 2614 2632 69
Edge 2614 3284 89
Edge 2614 3603 63
Edge 2615 2907 75
Edge 2615 3369 61
Edge 2616 2862 81
Edge 2616 2936 76
Edge 2616 3584 99
Edge 2616 3641 62
Edge 2617 2861 76
Edge 2618 2710 70
Edge 2618 2844 57
Edge 2618 3277 99
Edge 2618 3432 88
Edge 2619 2804 51
Edge 2619 2806 90
Edge 2619 3325 58
Edge 2619 3476 77
Edge 2619 3546 89
Edge 2620 2929 76
Edge 2620 3204 72
Edge 2621 2705 72
Edge 2621 3281 52
Edge 2621 3440 56
Edge 2621 3581 53
Edge 2622 2697 51
Edge 2622 2876 60
Edge 2622 3146 89
Edge 2622 3178 72
Edge 2623 2702 72
Edge 2623 3021 68
Edge 2623 3031 63
Edge 2623 3214 85
Edge 2624 3005 99
Edge 2624 3193 82
Edge 2624 3326 63
Edge 2624 3549 52
Edge 2625 2698 91
Edge 2625 3077 55
Edge 2625 3091 87
Edge 2625 3501 57
Edge 2626 2819 94
Edge 2626 2830 91
Edge 2626 3067 80
Edge 2626 3132 76
Edge 2626 3621 71
Edge 2627 2767 87
Edge 2627 2785 87
Edge 2627 2893 89
Edge 2627 2968 54
Edge 2627 3045 94
Edge 2628 2811 58
Edge 2628 3401 65
Edge 2629 2921 67
Edge 2629 3201 62
Edge 2629 3437 51
Edge 2630 2657 58
Edge 2630 2663 65
Edge 2630 3015 72
Edge 2630 3336 92
Edge 2630 3406 86
Edge 2630 3413 54
Edge 2632 3087 81
Edge 2632 3123 92
Edge 2632 3215 51
Edge 2633 2863 68
Edge 2633 2948 67
Edge 2633 2994 86
Edge 2633 3013 79
Edge 2634 3184 70
Edge 2634 3458 63
Edge 2634 3540 65
Edge 2635 3092 69
Edge 2635 3098 96
Edge 2635 3299 69
Edge 2635 3421 99
Edge 2637 2853 77
Edge 2637 2903 95
Edge 2637 3449 68
Edge 2638 2895 67
Edge 2638 3125 65
Edge 2638 3353 87
Edge 2639 2816 55
Edge 2640 3179 63
Edge 2640 3181 58
Edge 2640 3399 58
Edge 2641 2697 88
Edge 2641 2728 98
Edge 2641 3075 71
Edge 2641 3152 55
Edge 2641 3400 68
Edge 2642 2742 81
Edge 2642 2779 96
Edge 2642 3001 59
Edge 2642 3471 87
Edge 2642 3570 68
Edge 2642 3653 70
Edge 2643 2943 87
Edge 2643 3379 56
Edge 2644 2857 77
Edge 2644 2873 65
Edge 2644 3363 94
Edge 2644 3551 97
Edge 2645 3200 84
Edge 2645 3332 83
Edge 2645 3370 66
Edge 2645 3418 66
Edge 2646 2760 79
Edge 2646 2800 67
Edge 2646 2909 96
Edge 2646 3417 74
Edge 2647 2921 70
Edge 2647 3003 82
Edge 2647 3004 74
Edge 2647 3503 63
Edge 2648 2702 99
Edge 2648 2725 77
Edge 2648 3277 81
Edge 2649 2918 51
Edge 2649 3442 74
Edge 2649 3512 74
Edge 2650 2950 58
Edge 2650 3009 63
Edge 2650 3479 87
Edge 2651 2905 76
Edge 2651 2907 66
Edge 2651 3327 87
Edge 2652 3002 99
Edge 2652 3078 87
Edge 2652 3250 89
Edge 2653 3443 52
Edge 2653 3667 58
Edge 2654 2700 66
Edge 2654 3028 64
Edge 2654 3054 75
Edge 2654 3189 65
Edge 2655 2752 56
Edge 2655 2771 85
Edge 2655 2803 95
Edge 2655 2914 83
Edge 2655 2935 83
Edge 2655 3070 65
Edge 2655 3629 72
Edge 2656 3161 84
Edge 2656 3295 91
Edge 2656 3468 82
Edge 2656 3490 98
Edge 2657 3050 82
Edge 2657 3163 71
Edge 2657 3457 67
Edge 2658 2715 61
Edge 2658 3337 53
Edge 2659 2971 95
Edge 2659 3405 62
Edge 2660 2705 65
Edge 2660 3422 86
Edge 2660 3501 82
Edge 2661 2744 53
Edge 2661 2983 72
Edge 2662 2700 78
Edge 2662 2998 89
Edge 2662 3366 51
Edge 2662 3402 60
Edge 2662 3547 99
Edge 2663 3378 56
Edge 2664 2706 67
Edge 2664 2711 70
Edge 2664 3136 98
Edge 2664 3466 74
Edge 2664 3510 82
Edge 2665 2892 66
Edge 2666 2831 53
Edge 2666 2873 65
Edge 2666 2993 63
Edge 2666 3211 56
Edge 2666 3250 96
Edge 2666 3253 50
Edge 2666 3614 59
Edge 2668 3116 80
Edge 2669 2970 89
Edge 2669 3253 78
Edge 2670 2752 56
Edge 2670 2964 77
Edge 2670 3163 77
Edge 2670 3454 78
Edge 2671 2971 76
Edge 2671 3365 58
Edge 2672 2959 94
Edge 2672 3301 81
Edge 2672 3305 73
Edge 2672 3560 95
Edge 2673 2985 64
Edge 2673 3098 64
Edge 2673 3528 56
Edge 2673 3619 95
Edge 2674 2962 53
Edge 2674 3366 80
Edge 2675 2734 93
Edge 2675 2766 59
Edge 2675 2781 96
Edge 2675 2948 100
Edge 2676 2718 76
Edge 2676 2799 80
Edge 2676 3081 65
Edge 2676 3139 69
Edge 2676 3294 84
Edge 2676 3618 55
Edge 2677 2721 54
Edge 2677 2839 60
Edge 2677 3248 73
Edge 2677 3379 63
Edge 2678 3431 81
Edge 2678 3577 78
Edge 2678 3651 89
Edge 2679 3331 97
Edge 2679 3401 63
Edge 2679 3469 76
Edge 2680 3266 82
Edge 2681 3050 79
Edge 2681 3154 59
Edge 2681 3176 75
Edge 2681 3550 56
Edge 2681 3586 91
Edge 2682 2735 85
Edge 2682 2802 68
Edge 2682 2832 83
Edge 2682 2957 70
Edge 2682 3064 83
Edge 2682 3343 50
Edge 2683 2690 77
Edge 2683 2795 82
Edge 2683 2953 57
Edge 2684 2890 69
Edge 2684 2980 61
Edge 2685 3514 78
Edge 2686 2734 84
Edge 2686 2795 71
Edge 2687 2785 82
Edge 2687 2804 73
Edge 2687 2921 58
Edge 2687 2939 50
Edge 2687 3090 91
Edge 2687 3281 95
Edge 2687 3290 73
Edge 2688 2934 67
Edge 2688 3031 66
Edge 2688 3194 75
Edge 2688 3220 55
Edge 2689 2779 60
Edge 2689 3169 56
Edge 2690 3083 63
Edge 2690 3127 56
Edge 2690 3469 63
Edge 2691 2695 55
Edge 2691 2789 97
Edge 2691 2904 83
Edge 2691 2935 93
Edge 2691 3075 52
Edge 2691 3086 83
Edge 2691 3508 88
Edge 2692 2831 93
Edge 2692 3057 94
Edge 2692 3090 79
Edge 2692 3124 87
Edge 2692 3332 80
Edge 2693 3071 97
Edge 2693 3435 95
Edge 2694 2915 70
Edge 2694 3242 58
Edge 2695 3006 93
Edge 2695 3172 98
Edge 2696 2955 62
Edge 2696 3040 71
Edge 2696 3045 50
Edge 2696 3161 66
Edge 2696 3474 51
Edge 2697 2701 76
Edge 2697 2770 84
Edge 2698 2747 77
Edge 2698 2955 91
Edge 2698 3004 70
Edge 2698 3043 89
Edge 2699 2742 96
Edge 2699 3057 70
Edge 2700 3032 61
Edge 2700 3208 51
Edge 2700 3475 83
Edge 2700 3570 89
Edge 2701 2835 78
Edge 2701 3172 95
Edge 2701 3273 59
Edge 2702 2822 55
Edge 2702 3119 94
Edge 2703 3115 69
Edge 2703 3141 85
Edge 2703 3155 96
Edge 2704 2995 89
Edge 2704 3000 92
Edge 2704 3157 70
Edge 2704 3352 87
Edge 2704 3472 51
Edge 2705 2751 94
Edge 2705 3083 62
Edge 2705 3258 55
Edge 2705 3374 77
Edge 2706 2736 57
Edge 2707 2776 57
Edge 2707 2957 89
Edge 2707 3123 50
Edge 2707 3140 71
Edge 2707 3225 88
Edge 2708 2850 77
Edge 2708 3002 88
Edge 2708 3010 55
Edge 2708 3529 96
Edge 2709 2717 71
Edge 2709 2820 57
Edge 2710 2775 53
Edge 2710 2862 65
Edge 2710 2941 69
Edge 2710 3041 70
Edge 2710 3155 53
Edge 2710 3317 81
Edge 2710 3525 72
Edge 2711 2884 58
Edge 2711 2913 91
Edge 2711 3438 90
Edge 2712 2981 60
Edge 2712 3289 56
Edge 2713 2831 94
Edge 2713 2957 52
Edge 2713 3035 81
Edge 2713 3223 84
Edge 2713 3541 67
Edge 2714 2719 62
Edge 2714 2985 57
Edge 2714 3016 84
Edge 2714 3504 51
Edge 2714 3526 96
Edge 2715 2813 88
Edge 2715 3068 91
Edge 2715 3494 52
Edge 2716 2734 62
Edge 2716 3263 96
Edge 2716 3322 69
Edge 2716 3370 91
Edge 2716 3462 95
Edge 2716 3515 85
Edge 2717 2945 65
Edge 2717 3241 66
Edge 2718 2867 94
Edge 2718 3205 95
Edge 2718 3310 62
Edge 2718 3435 67
Edge 2719 2749 95
Edge 2719 2811 84
Edge 2719 2909 91
Edge 2719 3279 55
Edge 2719 3541 53
Edge 2720 2792 93
Edge 2720 2810 58
Edge 2720 3272 89
Edge 2720 3300 62
Edge 2721 2817 68
Edge 2721 3471 63
Edge 2721 3579 91
Edge 2722 2869 52
Edge 2722 3269 76
Edge 2722 3375 54
Edge 2723 2773 65
Edge 2723 2787 92
Edge 2723 2827 70
Edge 2723 2847 57
Edge 2723 3112 66
Edge 2723 3169 91
Edge 2723 3214 61
Edge 2724 2732 74
Edge 2724 2869 75
Edge 2724 3257 85
Edge 2725 3289 72
Edge 2725 3361 62
Edge 2726 2777 92
Edge 2726 3062 82
Edge 2726 3212 68
Edge 2726 3599 69
Edge 2727 2946 51
Edge 2727 3158 57
Edge 2727 3297 64
Edge 2728 2802 78
Edge 2728 3528 96
Edge 2728 3637 60
Edge 2729 2940 90
Edge 2729 3210 75
Edge 2729 3387 52
Edge 2730 2954 56
Edge 2730 3148 76
Edge 2731 2998 90
Edge 2731 3077 82
Edge 2731 3113 91
Edge 2731 3415 70
Edge 2731 3594 73
Edge 2732 3303 73
Edge 2733 2790 90
Edge 2733 2870 93
Edge 2733 2937 72
Edge 2733 3023 71
Edge 2733 3198 62
Edge 2733 3264 80
Edge 2733 3574 75
Edge 2734 3187 76
Edge 2734 3666 68
Edge 2735 2940 85
Edge 2735 3173 80
Edge 2735 3474 79
Edge 2735 3600 93
Edge 2736 3147 53
Edge 2736 3148 53
Edge 2737 2893 50
Edge 2737 3103 87
Edge 2737 3217 82
Edge 2737 3550 66
Edge 2738 2991 71
Edge 2738 3136 59
Edge 2738 3378 93
Edge 2738 3458 73
Edge 2739 2753 98
Edge 2739 2955 54
Edge 2739 3145 64
Edge 2739 3379 89
Edge 2740 3183 98
Edge 2740 3317 84
Edge 2740 3391 67
Edge 2741 2850 51
Edge 2741 3029 62
Edge 2741 3512 95
Edge 2742 2795 94
Edge 2742 2947 75
Edge 2742 3109 55
Edge 2742 3513 93
Edge 2743 2786 56
Edge 2743 3316 75
Edge 2743 3386 58
Edge 2743 3414 94
Edge 2743 3430 99
Edge 2744 2818 95
Edge 2744 2860 63
Edge 2744 2924 70
Edge 2744 3039 55
Edge 2744 3174 87
Edge 2745 2876 72
Edge 2745 2986 56
Edge 2746 2938 67
Edge 2746 3354 85
Edge 2747 2803 53
Edge 2747 3486 93
Edge 2747 3507 72
Edge 2748 3300 75
Edge 2748 3464 63
Edge 2749 3058 68
Edge 2750 3115 94
Edge 2750 3449 61
Edge 2751 3021 74
Edge 2751 3164 70
Edge 2751 3594 93
Edge 2752 2757 99
Edge 2752 3189 98
Edge 2752 3396 98
Edge 2752 3524 79
Edge 2753 3087 76
Edge 2754 2829 68
Edge 2754 3231 73
Edge 2755 3134 81
Edge 2755 3456 54
Edge 2756 2941 54
Edge 2756 3326 85
Edge 2756 3373 96
Edge 2758 2823 88
Edge 2758 2933 92
Edge 2758 2946 84
Edge 2758 2948 52
Edge 2758 3386 79
Edge 2758 3388 90
Edge 2759 2935 55
Edge 2760 2761 83
Edge 2760 3091 97
Edge 2760 3284 70
Edge 2761 3203 90
Edge 2761 3491 89
Edge 2762 2828 96
Edge 2762 3016 95
Edge 2763 2857 52
Edge 2763 3078 63
Edge 2763 3107 71
Edge 2763 3291 82
Edge 2763 3579 65
Edge 2764 2781 66
Edge 2764 2820 54
Edge 2764 2904 81
Edge 2765 2867 79
Edge 2765 3066 74
Edge 2765 3514 63
Edge 2766 3439 53
Edge 2767 3079 62
Edge 2767 3637 57
Edge 2767 3657 97
Edge 2768 3020 94
Edge 2768 3032 70
Edge 2769 3140 65
Edge 2770 2838 58
Edge 2770 3206 61
Edge 2770 3251 84
Edge 2770 3384 90
Edge 2770 3459 67
Edge 2771 2915 71
Edge 2771 2922 58
Edge 2771 2971 60
Edge 2771 3023 51
Edge 2771 3158 79
Edge 2771 3563 96
Edge 2772 2776 78
Edge 2772 2794 93
Edge 2772 2878 70
Edge 2772 2911 94
Edge 2772 3449 78
Edge 2772 3561 92
Edge 2773 2992 97
Edge 2773 3210 54
Edge 2773 3264 72
Edge 2773 3432 80
Edge 2774 3216 73
Edge 2774 3222 50
Edge 2774 3622 83
Edge 2775 2799 63
Edge 2775 2943 55
Edge 2775 3219 72
Edge 2776 2965 88
Edge 2776 3013 88
Edge 2776 3152 74
Edge 2776 3492 91
Edge 2776 3596 88
Edge 2777 3302 89
Edge 2778 2789 75
Edge 2779 2993 74
Edge 2780 2841 60
Edge 2781 2809 79
Edge 2781 2992 99
Edge 2781 3314 50
Edge 2781 3367 53
Edge 2781 3389 81
Edge 2781 3479 67
Edge 2783 3294 84
Edge 2783 3314 93
Edge 2783 3586 63
Edge 2784 2897 56
Edge 2784 3082 61
Edge 2784 3093 74
Edge 2784 3131 94
Edge 2784 3146 58
Edge 2784 3424 53
Edge 2785 2853 89
Edge 2785 3300 96
Edge 2785 3499 68
Edge 2786 3658 57
Edge 2787 2985 78
Edge 2787 3658 84
Edge 2788 3115 65
Edge 2788 3356 85
Edge 2788 3360 67
Edge 2788 3394 93
Edge 2788 3455 62
Edge 2789 2839 73
Edge 2789 2874 71
Edge 2789 2903 71
Edge 2789 2914 61
Edge 2789 3310 88
Edge 2790 3323 95
Edge 2790 3474 99
Edge 2791 2880 71
Edge 2791 3137 68
Edge 2791 3186 99
Edge 2791 3190 57
Edge 2791 3416 51
Edge 2791 3450 95
Edge 2791 3452 54
Edge 2792 2812 60
Edge 2792 3208 76
Edge 2792 3242 78
Edge 2793 2912 54
Edge 2793 3187 54
Edge 2793 3198 60
Edge 2793 3409 86
Edge 2794 2915 76
Edge 2794 3204 61
Edge 2794 3288 94
Edge 2795 3218 89
Edge 2795 3238 51
Edge 2795 3644 88
Edge 2796 2800 62
Edge 2796 3195 83
Edge 2796 3240 65
Edge 2796 3418 68
Edge 2797 2798 92
Edge 2798 2976 97
Edge 2798 3294 89
Edge 2799 3072 95
Edge 2799 3132 80
Edge 2799 3263 87
Edge 2800 2807 96
Edge 2800 3482 92
Edge 2800 3509 81
Edge 2801 3113 53
Edge 2801 3400 54
Edge 2801 3513 98
Edge 2801 3565 52
Edge 2802 2902 57
Edge 2802 3041 82
Edge 2802 3190 73
Edge 2802 3623 89
Edge 2804 2994 62
Edge 2804 3176 68
Edge 2804 3333 73
Edge 2804 3640 85
Edge 2804 3654 70
Edge 2805 2871 58
Edge 2805 3343 93
Edge 2806 3470 83
Edge 2807 3252 91
Edge 2808 3472 68
Edge 2809 2835 90
Edge 2809 2865 82
Edge 2809 2998 85
Edge 2809 3386 76
Edge 2810 3400 91
Edge 2810 3430 88
Edge 2811 2920 71
Edge 2811 3108 97
Edge 2811 3184 97
Edge 2811 3401 52
Edge 2811 3429 57
Edge 2812 3096 76
Edge 2812 3190 63
Edge 2812 3438 89
Edge 2812 3459 70
Edge 2812 3522 83
Edge 2812 3550 78
Edge 2813 3328 72
Edge 2813 3426 98
Edge 2813 3446 95
Edge 2814 3043 62
Edge 2814 3313 83
Edge 2814 3362 90
Edge 2814 3613 73
Edge 2815 3235 88
Edge 2815 3324 90
Edge 2815 3408 90
Edge 2816 2970 91
Edge 2817 3520 50
Edge 2817 3536 55
Edge 2817 3537 92
Edge 2817 3541 72
Edge 2817 3592 85
Edge 2818 3045 85
Edge 2818 3366 62
Edge 2819 3040 92
Edge 2819 3237 60
Edge 2819 3609 86
Edge 2820 3380 61
Edge 2821 2966 80
Edge 2821 3055 97
Edge 2821 3308 90
Edge 2822 3487 62
Edge 2823 2868 72
Edge 2823 2897 72
Edge 2825 3140 50
Edge 2826 3233 70
Edge 2826 3312 53
Edge 2826 3667 60
Edge 2827 3277 53
Edge 2827 3285 70
Edge 2828 3114 95
Edge 2829 2916 67
Edge 2829 2974 97
Edge 2829 3373 53
Edge 2830 3653 96
Edge 2831 2982 62
Edge 2831 3472 71
Edge 2831 3528 71
Edge 2832 2944 69
Edge 2832 3114 67
Edge 2832 3202 60
Edge 2832 3277 79
Edge 2832 3394 81
Edge 2832 3506 79
Edge 2832 3592 67
Edge 2833 3104 60
Edge 2833 3209 90
Edge 2834 2872 100
Edge 2834 3508 82
Edge 2834 3561 78
Edge 2835 2914 80
Edge 2835 3378 70
Edge 2835 3434 95
Edge 2836 3170 69
Edge 2836 3230 72
Edge 2836 3239 88
Edge 2836 3468 76
Edge 2837 3024 57
Edge 2837 3174 68
Edge 2837 3333 80
Edge 2838 3140 50
Edge 2840 3372 96
Edge 2841 3113 59
Edge 2841 3390 88
Edge 2841 3471 60
Edge 2841 3526 51
Edge 2842 3053 67
Edge 2843 3039 93
Edge 2843 3652 80
Edge 2844 3239 52
Edge 2845 3332 86
Edge 2845 3444 96
Edge 2846 3247 72
Edge 2846 3531 71
Edge 2847 3029 74
Edge 2847 3455 52
Edge 2848 2925 99
Edge 2848 3376 97
Edge 2849 2901 55
Edge 2850 2939 60
Edge 2850 3058 80
Edge 2851 3337 65
Edge 2851 3393 61
Edge 2852 2887 68
Edge 2852 3096 79
Edge 2852 3187 64
Edge 2852 3235 84
Edge 2853 2962 99
Edge 2853 3315 71
Edge 2853 3622 74
Edge 2854 2874 60
Edge 2854 2905 63
Edge 2854 3335 80
Edge 2855 2864 54
Edge 2855 3264 56
Edge 2855 3359 75
Edge 2856 2907 94
Edge 2857 2973 82
Edge 2857 3404 72
Edge 2857 3525 74
Edge 2858 3176 61
Edge 2858 3218 62
Edge 2858 3547 59
Edge 2859 2976 50
Edge 2859 3227 67
Edge 2860 2938 93
Edge 2860 2993 53
Edge 2860 3459 87
Edge 2860 3495 58
Edge 2861 3095 66
Edge 2861 3237 89
Edge 2861 3348 81
Edge 2861 3453 61
Edge 2862 2898 99
Edge 2863 3047 64
Edge 2863 3055 63
Edge 2864 2961 60
Edge 2864 3573 52
Edge 2865 2991 82
Edge 2865 3324 64
Edge 2865 3326 78
Edge 2866 2910 87
Edge 2866 2946 66
Edge 2866 3229 54
Edge 2866 3253 52
Edge 2866 3319 54
Edge 2867 3173 54
Edge 2867 3306 71
Edge 2867 3474 53
Edge 2867 3555 63
Edge 2868 3325 68
Edge 2868 3339 77
Edge 2869 3268 99
Edge 2870 3563 55
Edge 2870 3654 83
Edge 2872 2896 80
Edge 2872 3534 56
Edge 2874 2983 61
Edge 2874 3373 54
Edge 2874 3516 86
Edge 2874 3614 64
Edge 2874 3654 95
Edge 2875 3094 72
Edge 2875 3097 88
Edge 2875 3433 52
Edge 2875 3554 96
Edge 2876 3631 70
Edge 2877 2910 99
Edge 2877 2959 94
Edge 2877 3077 95
Edge 2878 2916 54
Edge 2878 2989 57
Edge 2878 3386 67
Edge 2879 3535 84
Edge 2880 2952 51
Edge 2880 3094 93
Edge 2881 3103 56
Edge 2881 3399 87
Edge 2882 2907 86
Edge 2882 3192 95
Edge 2883 3252 80
Edge 2883 3471 82
Edge 2884 3393 97
Edge 2884 3570 91
Edge 2885 3112 79
Edge 2887 3023 77
Edge 2888 2923 91
Edge 2888 3211 74
Edge 2889 3321 88
Edge 2889 3473 58
Edge 2890 2967 55
Edge 2890 3093 84
Edge 2890 3390 69
Edge 2891 3033 53
Edge 2891 3556 52
Edge 2891 3626 92
Edge 2892 2969 79
Edge 2892 3059 70
Edge 2892 3358 90
Edge 2893 3057 52
Edge 2893 3121 68
Edge 2893 3244 58
Edge 2893 3398 76
Edge 2894 2975 73
Edge 2894 3359 72
Edge 2894 3433 65
Edge 2895 3329 91
Edge 2895 3424 96
Edge 2895 3524 76
Edge 2896 3304 93
Edge 2896 3442 94
Edge 2899 3103 85
Edge 2899 3287 98
Edge 2899 3540 95
Edge 2900 2988 62
Edge 2900 3120 70
Edge 2900 3548 62
Edge 2902 3316 89
Edge 2903 3055 97
Edge 2904 3017 98
Edge 2904 3365 57
Edge 2905 3519 72
Edge 2906 3324 53
Edge 2908 2943 91
Edge 2908 2984 69
Edge 2908 3000 71
Edge 2910 3539 78
Edge 2911 2963 56
Edge 2911 3236 61
Edge 2911 3512 76
Edge 2912 2992 69
Edge 2913 3222 60
Edge 2913 3457 67
Edge 2913 3573 84
Edge 2914 3206 77
Edge 2914 3426 77
Edge 2915 3141 89
Edge 2915 3178 98
Edge 2915 3280 69
Edge 2915 3472 51
Edge 2916 3343 64
Edge 2917 3577 94
Edge 2917 3600 87
Edge 2918 2989 93
Edge 2918 3263 78
Edge 2918 3455 62
Edge 2919 3008 54
Edge 2919 3374 92
Edge 2919 3416 95
Edge 2920 3064 88
Edge 2920 3409 81
Edge 2921 3106 55
Edge 2921 3194 75
Edge 2921 3386 69
Edge 2921 3605 96
Edge 2921 3606 67
Edge 2922 3101 72
Edge 2922 3126 53
Edge 2922 3263 80
Edge 2922 3347 95
Edge 2922 3603 84
Edge 2923 3408 92
Edge 2925 3163 66
Edge 2925 3449 62
Edge 2925 3580 64
Edge 2925 3627 87
Edge 2926 2927 74
Edge 2926 3056 63
Edge 2926 3531 84
Edge 2927 3119 63
Edge 2927 3123 59
Edge 2928 3541 88
Edge 2928 3615 52
Edge 2929 2983 50
Edge 2929 3628 62
Edge 2929 3632 65
Edge 2930 3006 79
Edge 2930 3251 93
Edge 2931 3354 71
Edge 2931 3506 64
Edge 2932 3105 50
Edge 2932 3141 91
Edge 2932 3468 53
Edge 2932 3542 63
Edge 2933 3330 81
Edge 2934 2975 81
Edge 2934 3128 65
Edge 2934 3280 97
Edge 2934 3629 72
Edge 2935 3059 81
Edge 2935 3149 83
Edge 2936 3120 90
Edge 2936 3479 89
Edge 2937 3226 57
Edge 2937 3557 87
Edge 2938 2970 79
Edge 2938 3209 57
Edge 2939 3279 61
Edge 2939 3399 87
Edge 2940 3100 90
Edge 2940 3476 80
Edge 2941 3193 87
Edge 2941 3630 81
Edge 2942 3186 98
Edge 2942 3618 53
Edge 2944 2994 51
Edge 2944 3105 74
Edge 2945 3070 91
Edge 2945 3079 71
Edge 2946 3037 94
Edge 2947 3304 95
Edge 2948 2957 59
Edge 2948 3570 72
Edge 2949 3385 55
Edge 2949 3644 88
Edge 2950 2958 84
Edge 2950 3199 54
Edge 2950 3206 78
Edge 2951 3169 50
Edge 2951 3485 61
Edge 2952 3487 94
Edge 2952 3509 90
Edge 2953 3216 67
Edge 2953 3368 63
Edge 2953 3519 57
Edge 2953 3568 64
Edge 2953 3620 81
Edge 2954 3002 98
Edge 2954 3025 61
Edge 2954 3106 69
Edge 2954 3217 97
Edge 2954 3462 60
Edge 2954 3466 68
Edge 2954 3473 74
Edge 2954 3531 61
Edge 2955 3264 64
Edge 2955 3433 78
Edge 2955 3499 54
Edge 2956 3017 68
Edge 2956 3024 63
Edge 2956 3186 69
Edge 2956 3491 94
Edge 2957 2989 77
Edge 2957 3204 52
Edge 2957 3396 80
Edge 2958 3156 71
Edge 2958 3499 98
Edge 2958 3513 80
Edge 2958 3593 67
Edge 2959 3025 81
Edge 2959 3304 74
Edge 2960 3225 72
Edge 2960 3268 63
Edge 2960 3476 98
Edge 2961 3302 52
Edge 2961 3318 56
Edge 2961 3647 82
Edge 2962 3168 75
Edge 2963 2979 75
Edge 2963 3071 98
Edge 2963 3582 90
Edge 2964 3011 84
Edge 2964 3606 78
Edge 2964 3667 53
Edge 2966 3284 87
Edge 2967 3035 74
Edge 2968 3415 68
Edge 2969 3114 91
Edge 2970 3080 80
Edge 2971 3520 68
Edge 2972 3171 56
Edge 2972 3180 60
Edge 2974 3353 85
Edge 2975 3054 69
Edge 2975 3180 85
Edge 2976 3391 59
Edge 2977 3077 54
Edge 2977 3131 63
Edge 2977 3147 71
Edge 2977 3346 67
Edge 2977 3466 93
Edge 2978 3153 79
Edge 2978 3576 64
Edge 2979 2980 73
Edge 2979 3283 70
Edge 2979 3658 83
Edge 2980 3074 92
Edge 2980 3355 90
Edge 2981 3098 65
Edge 2981 3175 78
Edge 2981 3625 51
Edge 2982 3087 88
Edge 2982 3403 60
Edge 2982 3432 83
Edge 2983 3190 93
Edge 2983 3397 78
Edge 2984 3079 62
Edge 2984 3143 62
Edge 2984 3221 71
Edge 2986 3268 99
Edge 2988 3426 62
Edge 2990 3443 97
Edge 2991 3267 69
Edge 2991 3282 55
Edge 2992 3238 98
Edge 2993 3057 66
Edge 2993 3080 89
Edge 2994 3212 80
Edge 2994 3223 59
Edge 2994 3537 50
Edge 2995 3010 93
Edge 2995 3212 60
Edge 2995 3604 86
Edge 2996 3181 72
Edge 2996 3382 56
Edge 2996 3471 88
Edge 2996 3520 61
Edge 2997 3169 65
Edge 2997 3392 97
Edge 2998 3056 68
Edge 2998 3556 97
Edge 2999 3115 85
Edge 2999 3514 60
Edge 2999 3525 72
Edge 2999 3544 77
Edge 3000 3306 61
Edge 3000 3366 58
Edge 3000 3390 82
Edge 3000 3607 61
Edge 3001 3112 90
Edge 3001 3142 57
Edge 3001 3244 56
Edge 3002 3167 68
Edge 3002 3339 77
Edge 3004 3436 90
Edge 3004 3598 50
Edge 3005 3047 51
Edge 3005 3108 91
Edge 3005 3153 54
Edge 3005 3247 82
Edge 3005 3419 89
Edge 3006 3103 64
Edge 3006 3168 62
Edge 3006 3282 56
Edge 3006 3407 96
Edge 3006 3580 52
Edge 3007 3134 80
Edge 3008 3034 93
Edge 3008 3293 74
Edge 3008 3312 96
Edge 3010 3061 92
Edge 3010 3538 74
Edge 3011 3046 85
Edge 3012 3333 85
Edge 3012 3512 98
Edge 3013 3072 77
Edge 3013 3143 50
Edge 3013 3407 65
Edge 3013 3548 54
Edge 3014 3500 79
Edge 3014 3553 75
Edge 3014 3624 66
Edge 3016 3486 85
Edge 3017 3176 89
Edge 3017 3480 72
Edge 3017 3516 58
Edge 3018 3057 54
Edge 3018 3365 65
Edge 3019 3225 65
Edge 3019 3249 64
Edge 3020 3294 92
Edge 3020 3660 62
Edge 3021 3024 63
Edge 3021 3229 60
Edge 3021 3420 70
Edge 3022 3202 85
Edge 3022 3402 52
Edge 3022 3603 93
Edge 3023 3026 76
Edge 3023 3528 88
Edge 3024 3036 99
Edge 3024 3077 87
Edge 3025 3125 71
Edge 3025 3221 80
Edge 3025 3295 56
Edge 3025 3447 93
Edge 3026 3147 77
Edge 3026 3190 74
Edge 3026 3628 73
Edge 3027 3308 91
Edge 3027 3369 50
Edge 3027 3554 96
Edge 3028 3055 90
Edge 3028 3082 97
Edge 3028 3402 62
Edge 3029 3044 77
Edge 3029 3121 72
Edge 3030 3084 98
Edge 3030 3523 73
Edge 3031 3403 54
Edge 3032 3371 65
Edge 3032 3432 83
Edge 3033 3197 84
Edge 3033 3266 75
Edge 3033 3293 71
Edge 3036 3592 58
Edge 3037 3169 74
Edge 3038 3413 79
Edge 3038 3428 67
Edge 3039 3123 87
Edge 3039 3228 72
Edge 3039 3248 65
Edge 3041 3079 87
Edge 3042 3128 90
Edge 3042 3356 69
Edge 3043 3093 95
Edge 3044 3136 67
Edge 3044 3318 87
Edge 3045 3255 83
Edge 3046 3381 73
Edge 3046 3555 62
Edge 3047 3211 91
Edge 3047 3310 96
Edge 3048 3225 51
Edge 3048 3530 73
Edge 3048 3592 59
Edge 3049 3212 71
Edge 3049 3485 53
Edge 3050 3158 67
Edge 3050 3246 70
Edge 3051 3076 79
Edge 3052 3429 55
Edge 3053 3216 77
Edge 3053 3347 71
Edge 3053 3547 50
Edge 3055 3157 89
Edge 3055 3419 57
Edge 3055 3433 92
Edge 3056 3205 55
Edge 3056 3382 68
Edge 3056 3446 80
Edge 3057 3299 54
Edge 3058 3536 97
Edge 3059 3091 62
Edge 3059 3217 90
Edge 3060 3090 65
Edge 3060 3229 81
Edge 3060 3348 53
Edge 3060 3563 81
Edge 3061 3436 52
Edge 3063 3402 77
Edge 3064 3465 78
Edge 3064 3572 95
Edge 3065 3320 57
Edge 3066 3268 89
Edge 3066 3380 60
Edge 3067 3128 81
Edge 3068 3490 58
Edge 3069 3169 74
Edge 3069 3179 69
Edge 3069 3369 88
Edge 3069 3580 61
Edge 3069 3617 59
Edge 3071 3130 92
Edge 3071 3460 64
Edge 3072 3151 61
Edge 3072 3155 77
Edge 3073 3080 51
Edge 3073 3104 93
Edge 3073 3140 96
Edge 3075 3257 55
Edge 3075 3362 66
Edge 3076 3132 70
Edge 3076 3220 91
Edge 3076 3605 54
Edge 3077 3256 94
Edge 3078 3187 50
Edge 3079 3264 88
Edge 3080 3232 64
Edge 3081 3379 72
Edge 3081 3400 83
Edge 3083 3663 90
Edge 3084 3483 77
Edge 3086 3333 70
Edge 3086 3566 86
Edge 3087 3226 81
Edge 3087 3388 76
Edge 3088 3254 97
Edge 3089 3299 67
Edge 3090 3321 74
Edge 3090 3382 93
Edge 3090 3419 73
Edge 3091 3499 56
Edge 3092 3279 52
Edge 3092 3308 76
Edge 3094 3330 71
Edge 3094 3559 74
Edge 3095 3326 92
Edge 3095 3511 50
Edge 3096 3254 53
Edge 3096 3556 70
Edge 3096 3613 54
Edge 3097 3149 72
Edge 3097 3170 52
Edge 3098 3445 81
Edge 3098 3613 61
Edge 3098 3649 81
Edge 3102 3126 84
Edge 3102 3151 94
Edge 3102 3288 97
Edge 3106 3178 65
Edge 3106 3248 82
Edge 3107 3396 95
Edge 3108 3130 99
Edge 3110 3265 76
Edge 3110 3271 73
Edge 3110 3274 83
Edge 3110 3426 91
Edge 3112 3252 66
Edge 3113 3454 61
Edge 3114 3457 56
Edge 3116 3134 63
Edge 3117 3378 76
Edge 3117 3468 51
Edge 3117 3619 73
Edge 3118 3481 74
Edge 3118 3507 59
Edge 3119 3305 85
Edge 3119 3335 97
Edge 3119 3565 85
Edge 3120 3188 78
Edge 3121 3284 72
Edge 3122 3611 58
Edge 3123 3424 51
Edge 3123 3470 79
Edge 3124 3155 53
Edge 3124 3298 57
Edge 3124 3407 94
Edge 3125 3598 57
Edge 3126 3193 86
Edge 3126 3423 79
Edge 3128 3248 66
Edge 3128 3262 93
Edge 3128 3267 94
Edge 3128 3358 51
Edge 3128 3623 89
Edge 3129 3348 96
Edge 3129 3401 83
Edge 3129 3504 89
Edge 3129 3561 62
Edge 3130 3352 84
Edge 3131 3425 92
Edge 3131 3560 62
Edge 3132 3465 84
Edge 3132 3488 93
Edge 3133 3342 97
Edge 3133 3390 78
Edge 3134 3175 89
Edge 3134 3182 63
Edge 3134 3270 66
Edge 3135 3301 55
Edge 3135 3382 61
Edge 3135 3477 98
Edge 3135 3557 57
Edge 3136 3494 51
Edge 3136 3536 94
Edge 3138 3181 66
Edge 3138 3461 94
Edge 3139 3231 63
Edge 3139 3389 55
Edge 3140 3517 65
Edge 3140 3605 52
Edge 3142 3319 56
Edge 3144 3298 95
Edge 3144 3586 65
Edge 3145 3572 96
Edge 3148 3363 54
Edge 3148 3504 56
Edge 3148 3509 73
Edge 3148 3653 66
Edge 3149 3274 80
Edge 3149 3651 59
Edge 3150 3250 96
Edge 3150 3486 69
Edge 3150 3610 77
Edge 3151 3378 97
Edge 3151 3486 84
Edge 3151 3640 73
Edge 3152 3339 78
Edge 3152 3383 61
Edge 3153 3425 52
Edge 3154 3424 83
Edge 3156 3256 86
Edge 3156 3587 76
Edge 3159 3561 86
Edge 3160 3457 77
Edge 3161 3344 69
Edge 3162 3476 59
Edge 3164 3267 53
Edge 3164 3524 67
Edge 3164 3576 72
Edge 3165 3538 78
Edge 3165 3568 77
Edge 3167 3359 76
Edge 3167 3377 86
Edge 3167 3509 90
Edge 3169 3651 63
Edge 3170 3185 81
Edge 3172 3563 99
Edge 3172 3634 87
Edge 3173 3453 86
Edge 3175 3347 99
Edge 3175 3431 66
Edge 3175 3477 68
Edge 3175 3649 91
Edge 3176 3444 87
Edge 3178 3222 52
Edge 3178 3517 97
Edge 3179 3546 76
Edge 3179 3547 57
Edge 3180 3441 63
Edge 3182 3231 89
Edge 3182 3354 60
Edge 3183 3337 65
Edge 3183 3666 65
Edge 3184 3251 99
Edge 3184 3638 51
Edge 3185 3478 98
Edge 3186 3283 90
Edge 3186 3336 78
Edge 3188 3248 90
Edge 3188 3477 85
Edge 3188 3652 70
Edge 3189 3373 62
Edge 3189 3397 69
Edge 3190 3314 89
Edge 3190 3543 58
Edge 3191 3225 95
Edge 3191 3288 58
Edge 3191 3418 78
Edge 3192 3428 88
Edge 3192 3492 68
Edge 3192 3597 53
Edge 3195 3238 57
Edge 3195 3397 79
Edge 3195 3474 69
Edge 3195 3553 80
Edge 3196 3256 71
Edge 3196 3335 84
Edge 3197 3378 82
Edge 3197 3586 53
Edge 3198 3635 52
Edge 3199 3575 67
Edge 3200 3434 85
Edge 3201 3296 88
Edge 3203 3233 84
Edge 3204 3426 95
Edge 3205 3253 96
Edge 3208 3324 67
Edge 3208 3609 67
Edge 3210 3332 84
Edge 3213 3280 72
Edge 3213 3353 56
Edge 3213 3578 95
Edge 3214 3307 86
Edge 3215 3638 59
Edge 3216 3599 95
Edge 3217 3311 62
Edge 3220 3276 95
Edge 3221 3300 95
Edge 3221 3471 98
Edge 3223 3241 74
Edge 3223 3319 89
Edge 3223 3648 94
Edge 3224 3461 88
Edge 3224 3588 72
Edge 3224 3596 57
Edge 3227 3398 89
Edge 3227 3548 93
Edge 3228 3633 52
Edge 3230 3401 78
Edge 3231 3387 90
Edge 3231 3524 57
Edge 3232 3434 54
Edge 3234 3541 79
Edge 3234 3568 65
Edge 3235 3496 90
Edge 3236 3245 72
Edge 3236 3317 79
Edge 3236 3456 58
Edge 3242 3288 68
Edge 3242 3591 66
Edge 3243 3257 68
Edge 3243 3267 63
Edge 3243 3328 61
Edge 3243 3621 57
Edge 3244 3307 55
Edge 3244 3559 71
Edge 3245 3589 56
Edge 3245 3603 64
Edge 3246 3577 73
Edge 3247 3496 92
Edge 3247 3552 56
Edge 3248 3659 55
Edge 3250 3377 84
Edge 3251 3497 63
Edge 3252 3497 92
Edge 3253 3417 74
Edge 3253 3448 85
Edge 3253 3616 71
Edge 3254 3662 54
Edge 3255 3291 53
Edge 3256 3363 96
Edge 3258 3423 55
Edge 3258 3604 58
Edge 3259 3283 92
Edge 3260 3346 91
Edge 3261 3571 58
Edge 3262 3483 73
Edge 3264 3425 80
Edge 3265 3558 80
Edge 3266 3301 79
Edge 3266 3441 73
Edge 3267 3365 83
Edge 3267 3513 62
Edge 3270 3545 62
Edge 3271 3290 55
Edge 3272 3411 52
Edge 3274 3334 85
Edge 3274 3422 51
Edge 3275 3310 55
Edge 3276 3307 79
Edge 3276 3308 68
Edge 3277 3411 86
Edge 3278 3427 84
Edge 3280 3518 53
Edge 3281 3596 85
Edge 3282 3568 74
Edge 3282 3575 98
Edge 3284 3565 79
Edge 3284 3664 58
Edge 3287 3335 54
Edge 3287 3386 70
Edge 3289 3559 95
Edge 3289 3650 91
Edge 3290 3302 77
Edge 3291 3375 97
Edge 3291 3507 65
Edge 3292 3309 96
Edge 3292 3427 86
Edge 3294 3453 69
Edge 3294 3495 81
Edge 3298 3459 79
Edge 3299 3437 53
Edge 3299 3495 58
Edge 3301 3325 92
Edge 3301 3646 74
Edge 3302 3342 63
Edge 3303 3309 63
Edge 3303 3611 84
Edge 3303 3625 75
Edge 3304 3552 82
Edge 3305 3542 66
Edge 3307 3411 57
Edge 3308 3507 82
Edge 3310 3460 90
Edge 3311 3517 88
Edge 3312 3345 78
Edge 3312 3411 64
Edge 3312 3599 95
Edge 3314 3332 83
Edge 3314 3447 52
Edge 3314 3666 91
Edge 3317 3467 97
Edge 3318 3594 92
Edge 3318 3660 95
Edge 3320 3359 53
Edge 3321 3489 54
Edge 3323 3668 85
Edge 3324 3555 53
Edge 3324 3601 86
Edge 3325 3460 53
Edge 3326 3468 75
Edge 3326 3664 90
Edge 3329 3371 99
Edge 3329 3479 53
Edge 3331 3509 51
Edge 3333 3379 76
Edge 3333 3618 94
Edge 3336 3626 95
Edge 3337 3590 69
Edge 3338 3579 62
Edge 3339 3501 87
Edge 3341 3576 55
Edge 3342 3418 87
Edge 3343 3479 54
Edge 3345 3642 72
Edge 3349 3426 84
Edge 3349 3431 86
Edge 3350 3371 84
Edge 3350 3489 95
Edge 3351 3630 82
Edge 3352 3416 60
Edge 3353 3519 100
Edge 3353 3586 75
Edge 3355 3628 85
Edge 3360 3662 97
Edge 3361 3572 96
Edge 3363 3424 64
Edge 3363 3604 98
Edge 3365 3445 73
Edge 3365 3491 94
Edge 3367 3629 83
Edge 3368 3557 85
Edge 3369 3396 90
Edge 3370 3436 88
Edge 3370 3478 61
Edge 3371 3571 69
Edge 3372 3506 72
Edge 3372 3553 78
Edge 3376 3420 96
Edge 3376 3539 50
Edge 3377 3460 79
Edge 3377 3564 76
Edge 3378 3465 76
Edge 3380 3489 50
Edge 3381 3448 79
Edge 3385 3471 97
Edge 3389 3546 67
Edge 3390 3467 72
Edge 3395 3483 75
Edge 3398 3494 94
Edge 3398 3588 80
Edge 3399 3617 64
Edge 3400 3550 62
Edge 3401 3630 69
Edge 3405 3559 54
Edge 3407 3542 84
Edge 3407 3564 99
Edge 3410 3524 85
Edge 3410 3599 94
Edge 3413 3426 58
Edge 3413 3612 74
Edge 3418 3522 80
Edge 3418 3596 84
Edge 3419 3601 62
Edge 3421 3449 98
Edge 3421 3566 59
Edge 3425 3497 89
Edge 3426 3525 96
Edge 3428 3666 55
Edge 3432 3543 77
Edge 3437 3546 80
Edge 3437 3644 81
Edge 3439 3489 65
Edge 3441 3601 95
Edge 3441 3648 70
Edge 3442 3554 77
Edge 3444 3505 59
Edge 3447 3564 66
Edge 3448 3598 79
Edge 3453 3614 68
Edge 3458 3539 54
Edge 3460 3513 63
Edge 3463 3649 74
Edge 3465 3571 99
Edge 3465 3614 65
Edge 3468 3574 87
Edge 3483 3521 81
Edge 3484 3495 83
Edge 3484 3663 71
Edge 3488 3515 62
Edge 3489 3639 55
Edge 3491 3662 58
Edge 3492 3629 77
Edge 3493 3517 67
Edge 3497 3525 64
Edge 3497 3663 77
Edge 3502 3539 92
Edge 3502 3540 52
Edge 3503 3569 86
Edge 3504 3518 51
Edge 3506 3603 92
Edge 3508 3605 54
Edge 3517 3569 85
Edge 3518 3617 61
Edge 3522 3569 64
Edge 3524 3609 87
Edge 3524 3612 94
Edge 3526 3608 93
Edge 3531 3575 92
Edge 3532 3563 83
Edge 3546 3569 50
Edge 3558 3575 92
Edge 3575 3593 87
Edge 3584 3605 75
Edge 3590 3649 82
Edge 3591 3641 63
Edge 3608 3626 61
Edge 3610 3641 52
Edge 3628 3662 61
Edge 3629 3664 81
Edge 3630 3663 87
Edge 3631 3634 58
Edge 3632 3652 72

time 1
Edge 32 52 65
Edge 706 1902 84
Edge 1230 3125 58
Edge 1484 2632 110
Edge 2649 2918 35
Edge 2859 2976 65

time 2
Edge 77 289 98
Edge 256 1247 88
Edge 473 2254 109
Edge 1089 2893 48
Edge 1391 3074 43
Edge 2031 2529 36

time 3
Edge 72 392 88
Edge 310 608 50
Edge 440 3534 88
Edge 1849 2053 53
Edge 1909 2735 96
Edge 2099 2435 63

time 4
Edge 30 2100 39
Edge 159 1060 43
Edge 240 773 104
Edge 562 1666 126
Edge 655 1232 122
Edge 2607 3305 56

time 5
Edge 471 3211 72
Edge 1044 1062 35
Edge 1230 2516 116
Edge 1370 2468 61
Edge 2005 3555 124
Edge 2429 3020 41

time 6
Edge 1 120 49
Edge 272 3052 91
Edge 408 518 49
Edge 990 1970 65
Edge 1076 3035 98
Edge 1154 2670 71

time 7
Edge 63 3521 48
Edge 75 1880 50
Edge 201 2231 102
Edge 256 3004 98
Edge 1134 1489 71
Edge 2642 3653 49

time 8
Edge 25 3030 55
Edge 26 1066 70
Edge 683 3433 52
Edge 1963 3408 94
Edge 2281 3551 111
Edge 2330 3040 46

time 9
Edge 29 2868 36
Edge 267 381 51
Edge 815 1696 81
Edge 872 1738 69
Edge 1431 3654 93
Edge 1499 2810 127

time 10
Edge 151 2394 70
Edge 306 1376 52
Edge 537 1443 119
Edge 1132 3220 35
Edge 1172 2792 41
Edge 2474 2688 84

EOF
